public_id,year,permit_number,permit_type
1140115,2019,3979,Crab - Resident
1140115,2019,5495,Food Fish - Resident
1270128,2019,1095,Whelk - Resident
1270128,2019,240,Horseshoe Crab - Resident
1270128,2019,240,Crab - Resident
1270128,2019,424,Food Fish - Resident
1300133,2019,10383,Food Fish/Crustacea Dealer/Shipper
1300133,2019,362,Party/Charter Boat
1340135,2019,11317,Food Fish/Crustacea Dealer/Shipper
1340135,2019,4021,Horseshoe Crab - Resident
1340135,2019,4021,Crab - Resident
1340135,2019,5567,Food Fish - Resident
1350138,2019,1012,Whelk - NR
1350138,2019,102544,Food Fish - NR
1350138,2019,1362,Horseshoe Crab - NR
1350138,2019,1362,Crab - NR
1370138,2019,5388,Food Fish - Resident
140018,2019,5361,Food Fish - Resident
1520153,2019,764,Food Fish - Resident
1520158,2019,70,Party/Charter Boat
1550157,2019,1113,Whelk - Resident
1550157,2019,2837,Food Fish - Resident
1570158,2019,1528,Party/Charter Boat
1690171,2019,2486,Food Fish - Resident
1690171,2019,3867,Horseshoe Crab - Resident
1690171,2019,3867,Crab - Resident
1690172,2019,10438,Food Fish/Crustacea Dealer/Shipper
1790180,2019,5400,Food Fish - Resident
180019,2019,1203,Marine Bait
1810182,2019,1535,Party/Charter Boat
1870188,2019,1012,Horseshoe Crab - Resident
1870188,2019,1012,Crab - Resident
1870188,2019,1070,Whelk - Resident
1870188,2019,1916,Food Fish - Resident
1870188,2019,885,Lobster - Resident
1920193,2019,5579,Food Fish - Resident
2000204,2019,10517,Food Fish/Crustacea Dealer/Shipper
2040205,2019,437,Food Fish - Resident
2080209,2019,5384,Food Fish - Resident
2110212,2019,1554,Party/Charter Boat
2170221,2019,1176,Whelk - Resident
2170221,2019,5434,Food Fish - Resident
220024,2019,5371,Food Fish - Resident
2240225,2019,1637,Party/Charter Boat
2240225,2019,5412,Food Fish - Resident
2270228,2019,1600,Horseshoe Crab - Resident
2270228,2019,1600,Crab - Resident
2270228,2019,2324,Lobster - Resident
2270228,2019,3081,Food Fish - Resident
2270234,2019,10676,Food Fish/Crustacea Dealer/Shipper
2280231,2019,3281,Food Fish - Resident
2290230,2019,1567,Party/Charter Boat
2290231,2019,3916,Crab - Resident
2290231,2019,5437,Food Fish - Resident
2420243,2019,5633,Food Fish - Resident
2450249,2019,5415,Food Fish - Resident
2450252,2019,1575,Party/Charter Boat
2480252,2019,1577,Party/Charter Boat
2590262,2019,4024,Horseshoe Crab - Resident
2590262,2019,4024,Crab - Resident
2590262,2019,5554,Food Fish - Resident
260027,2019,3841,Crab - Resident
260027,2019,5375,Food Fish - Resident
260029,2019,4,Party/Charter Boat
2680269,2019,1580,Party/Charter Boat
2680269,2019,3938,Horseshoe Crab - Resident
2680269,2019,3938,Crab - Resident
2680269,2019,5460,Food Fish - Resident
2690273,2019,10997,Food Fish/Crustacea Dealer/Shipper
2690273,2019,1125,Marine Bait
2690273,2019,5620,Food Fish - Resident
270028,2019,1941,Lobster - Resident
270028,2019,5513,Food Fish - Resident
2850288,2019,5629,Food Fish - Resident
2850289,2019,1420,Whelk - Resident
2850289,2019,5639,Food Fish - Resident
2880293,2019,1352,Horseshoe Crab - NR
2880293,2019,1352,Crab - NR
2980302,2019,10639,Food Fish/Crustacea Dealer/Shipper
3130402,2019,5420,Food Fish - Resident
3130412,2019,1591,Party/Charter Boat
3130412,2019,5607,Food Fish - Resident
3130425,2019,1317,Whelk - Resident
3130426,2019,201382,Food Fish Landing
3130427,2019,201383,Food Fish Landing
3130467,2019,1986,Lobster - Resident
3130467,2019,1986,Food Fish - Resident
3130467,2019,1986,Horseshoe Crab - Resident
3130467,2019,1986,Crab - Resident
3130500,2019,5422,Food Fish - Resident
3130511,2019,10435,Food Fish/Crustacea Dealer/Shipper
3130579,2019,1911,Party/Charter Boat
3130644,2019,2,Scoop Dip Scap up to 10 ft sq
3130644,2019,3,Scoop Dip Scap up to 10 ft sq
3130652,2019,13,Scoop Dip Scap up to 10 ft sq
3130653,2019,14,Scoop Dip Scap up to 10 ft sq
3130653,2019,148,Gill Net - Resident
3130694,2019,285,Gill Net - Resident
3130698,2019,359,Gill Net - Resident
3130698,2019,392,Scoop Dip Scap up to 10 ft sq
3130720,2019,1123,Marine Bait
3130720,2019,280,Lobster - Resident
3130720,2019,280,Lobster Bait Gill Net
3130752,2019,116,Fyke Net >3 ft hoop
3130752,2019,291,Gill Net - Resident
3130752,2019,34,Seine
3130752,2019,56,Scoop Dip Scap up to 10 ft sq
3130755,2019,10437,Food Fish/Crustacea Dealer/Shipper
3130767,2019,38,Seine
3130767,2019,4,Gill Net - Resident
3130767,2019,57,Eel Pots - Resident
3130844,2019,313,Gill Net - Resident
3130870,2019,5,Gill Net - Resident
3130871,2019,2,Seine
3130871,2019,94,Gill Net - Resident
3130872,2019,6,Gill Net - Resident
3130874,2019,9,Gill Net - Resident
3130883,2019,20,Gill Net - Resident
3130883,2019,90,Scoop Dip Scap up to 10 ft sq
3130902,2019,318,Gill Net - Resident
3130902,2019,473,Scoop Dip Scap up to 10 ft sq
3130906,2019,39,Gill Net - Resident
3130906,2019,7,Eel Pots - Resident
3130913,2019,357,Gill Net - Resident
3130913,2019,97,Scoop Dip Scap up to 10 ft sq
3130922,2019,102,Scoop Dip Scap up to 10 ft sq
3130941,2019,53,Gill Net - Resident
3130942,2019,54,Gill Net - Resident
3130959,2019,83,Crab - Resident
3130978,2019,62,Gill Net - Resident
3130981,2019,458,Scoop Dip Scap up to 10 ft sq
3130991,2019,65,Gill Net - Resident
3130996,2019,20,Eel Pots - Resident
3130996,2019,66,Gill Net - Resident
3131026,2019,300,Gill Net - Resident
3131026,2019,77,Eel Pots - Resident
3131027,2019,75,Gill Net - Resident
3131029,2019,462,Scoop Dip Scap up to 10 ft sq
3131029,2019,76,Gill Net - Resident
3131032,2019,306,Gill Net - Resident
3131032,2019,487,Scoop Dip Scap up to 10 ft sq
3131038,2019,81,Gill Net - Resident
3131042,2019,83,Gill Net - Resident
3131049,2019,85,Gill Net - Resident
3131074,2019,1605,Party/Charter Boat
3131075,2019,1460,Lobster - Resident
3131075,2019,1460,Lobster Bait Gill Net
3131075,2019,2262,Party/Charter Boat
3131075,2019,786,Food Fish - Resident
3131128,2019,293,Gill Net - Resident
3131142,2019,170,Scoop Dip Scap up to 10 ft sq
3131142,2019,171,Scoop Dip Scap up to 10 ft sq
3131142,2019,308,Gill Net - Resident
3131200,2019,97,Gill Net - Resident
3131202,2019,98,Gill Net - Resident
3131264,2019,103,Gill Net - Resident
3131341,2019,210,Scoop Dip Scap up to 10 ft sq
3131349,2019,1007,Whelk - Resident
3131349,2019,3367,Food Fish - Resident
3131349,2019,706,Horseshoe Crab - Resident
3131349,2019,706,Crab - Resident
3131352,2019,1613,Party/Charter Boat
3131392,2019,531,Scoop Dip Scap up to 10 ft sq
3131486,2019,1286,Whelk - Resident
3131486,2019,3940,Horseshoe Crab - Resident
3131486,2019,3940,Crab - Resident
3131486,2019,5464,Food Fish - Resident
3131486,2019,724,Lobster - Resident
3131498,2019,2014,Crab - Resident
3131498,2019,416,Food Fish - Resident
3131501,2019,10445,Food Fish/Crustacea Dealer/Shipper
3131504,2019,1793,Party/Charter Boat
3131504,2019,5568,Food Fish - Resident
3131505,2019,10989,Food Fish/Crustacea Dealer/Shipper
3131505,2019,1408,Whelk - Resident
3131505,2019,3991,Horseshoe Crab - Resident
3131505,2019,3991,Crab - Resident
3131505,2019,5502,Food Fish - Resident
3131509,2019,5638,Food Fish - Resident
3131512,2019,5610,Food Fish - Resident
3131551,2019,1636,Party/Charter Boat
3131559,2019,10451,Food Fish/Crustacea Dealer/Shipper
3131563,2019,1638,Party/Charter Boat
3131569,2019,2341,Party/Charter Boat
3131596,2019,1642,Party/Charter Boat
3131601,2019,1019,Whelk - NR
3131601,2019,1357,Horseshoe Crab - NR
3131601,2019,1357,Crab - NR
3131608,2019,10453,Food Fish/Crustacea Dealer/Shipper
3131617,2019,11204,Food Fish/Crustacea Dealer/Shipper
3131617,2019,1430,Whelk - Resident
3131617,2019,3640,Food Fish - Resident
3131617,2019,4067,Horseshoe Crab - Resident
3131617,2019,4067,Crab - Resident
3131711,2019,9097,Food Fish/Crustacea Dealer/Shipper
3131729,2019,2471,Food Fish - Resident
3131767,2019,100,Party/Charter Boat
3131778,2019,201688,Food Fish Landing
3131786,2019,4048,Horseshoe Crab - Resident
3131786,2019,4048,Crab - Resident
3131790,2019,1658,Party/Charter Boat
3131795,2019,10459,Food Fish/Crustacea Dealer/Shipper
3131841,2019,1020,Whelk - NR
3131842,2019,1021,Whelk - NR
3131846,2019,1377,Whelk - Resident
3131846,2019,3927,Horseshoe Crab - Resident
3131846,2019,3927,Crab - Resident
3131846,2019,5270,Lobster - Resident
3131846,2019,5451,Food Fish - Resident
3131866,2019,1089,Whelk - Resident
3131866,2019,1587,Food Fish - Resident
3131866,2019,2146,Horseshoe Crab - Resident
3131866,2019,2146,Crab - Resident
3131866,2019,9116,Food Fish/Crustacea Dealer/Shipper
3131881,2019,1417,Whelk - Resident
3131881,2019,4037,Horseshoe Crab - Resident
3131881,2019,4037,Crab - Resident
3131881,2019,5585,Food Fish - Resident
3131885,2019,1318,Whelk - Resident
3131885,2019,3918,Horseshoe Crab - Resident
3131885,2019,3918,Crab - Resident
3131885,2019,5440,Food Fish - Resident
3131892,2019,102532,Food Fish - NR
3131910,2019,3920,Horseshoe Crab - Resident
3131910,2019,3920,Crab - Resident
3131910,2019,5442,Food Fish - Resident
3131924,2019,264,Scoop Dip Scap up to 10 ft sq
3131925,2019,128,Gill Net - Resident
3131929,2019,1675,Party/Charter Boat
3131929,2019,201488,Food Fish Landing
3131935,2019,10490,Food Fish/Crustacea Dealer/Shipper
3131935,2019,201662,Food Fish Landing
3131935,2019,2092,Party/Charter Boat
3131939,2019,1679,Party/Charter Boat
3131939,2019,5553,Food Fish - Resident
3131951,2019,267,Scoop Dip Scap up to 10 ft sq
3131979,2019,2115,Party/Charter Boat
3131990,2019,129,Gill Net - Resident
3131990,2019,482,Scoop Dip Scap up to 10 ft sq
3131995,2019,130,Gill Net - Resident
3132014,2019,131,Gill Net - Resident
3132014,2019,274,Scoop Dip Scap up to 10 ft sq
3132014,2019,32,Eel Pots - Resident
3132016,2019,1691,Party/Charter Boat
3132021,2019,1426,Whelk - Resident
3132021,2019,4052,Horseshoe Crab - Resident
3132021,2019,4052,Crab - Resident
3132021,2019,5581,Food Fish - Resident
3132039,2019,5449,Food Fish - Resident
3132055,2019,2440,Party/Charter Boat
3132092,2019,441,Gill Net - Resident
3132120,2019,884,Food Fish - Resident
3132127,2019,5488,Food Fish - Resident
3132129,2019,4030,Horseshoe Crab - Resident
3132129,2019,4030,Crab - Resident
3132129,2019,5557,Food Fish - Resident
3132133,2019,9049,Food Fish/Crustacea Dealer/Shipper
3132135,2019,201406,Food Fish Landing
3132145,2019,1707,Party/Charter Boat
3132145,2019,5542,Food Fish - Resident
3132146,2019,1708,Party/Charter Boat
3132156,2019,1416,Whelk - Resident
3132175,2019,1,Trap Net up to 4 ft
3132175,2019,103,Fyke Net 1-3 ft hoop
3132175,2019,120,Fyke Net >3 ft hoop
3132175,2019,21,Trap Net 4 ft - 6 ft
3132175,2019,290,Scoop Dip Scap up to 10 ft sq
3132175,2019,41,Trap Net 6 ft - 8 ft
3132175,2019,457,Scoop Dip Scap up to 10 ft sq
3132175,2019,63,Trap Net >8ft
3132193,2019,142,Gill Net - Resident
3132200,2019,10802,Food Fish/Crustacea Dealer/Shipper
3132200,2019,1939,Party/Charter Boat
3132200,2019,643,Food Fish - Resident
3132202,2019,9232,Food Fish/Crustacea Dealer/Shipper
3132204,2019,10871,Food Fish/Crustacea Dealer/Shipper
3132205,2019,1062,Lobster Landing
3132205,2019,3928,Horseshoe Crab - Resident
3132205,2019,3928,Crab - Resident
3132205,2019,5452,Food Fish - Resident
3132213,2019,1717,Party/Charter Boat
3132243,2019,11023,Food Fish/Crustacea Dealer/Shipper
3132243,2019,3942,Horseshoe Crab - Resident
3132243,2019,3942,Crab - Resident
3132243,2019,5466,Food Fish - Resident
3132286,2019,2968,Food Fish - Resident
3132300,2019,10964,Food Fish/Crustacea Dealer/Shipper
3132300,2019,1344,Whelk - Resident
3132300,2019,3929,Horseshoe Crab - Resident
3132300,2019,3929,Crab - Resident
3132300,2019,5454,Food Fish - Resident
3132305,2019,10508,Food Fish/Crustacea Dealer/Shipper
3132307,2019,1730,Party/Charter Boat
3132314,2019,192,Crab - Resident
3132353,2019,1322,Marine Bait
3132354,2019,5642,Food Fish - Resident
3132355,2019,9067,Food Fish/Crustacea Dealer/Shipper
3132361,2019,9350,Food Fish/Crustacea Dealer/Shipper
3132362,2019,143,Gill Net - Resident
3132365,2019,1358,Whelk - Resident
3132370,2019,35,Lobster - Resident
3132370,2019,35,Lobster Bait Gill Net
3132372,2019,10527,Food Fish/Crustacea Dealer/Shipper
3132380,2019,1738,Party/Charter Boat
3132380,2019,5499,Food Fish - Resident
3132394,2019,10943,Food Fish/Crustacea Dealer/Shipper
3132401,2019,1739,Party/Charter Boat
3132413,2019,1233,Whelk - Resident
3132413,2019,3837,Horseshoe Crab - Resident
3132413,2019,3837,Crab - Resident
3132415,2019,1251,Horseshoe Crab - Resident
3132415,2019,1251,Crab - Resident
3132415,2019,5592,Food Fish - Resident
3132421,2019,1862,Food Fish - Resident
3132436,2019,5463,Food Fish - Resident
3132438,2019,1857,Crab - Resident
3132438,2019,3408,Food Fish - Resident
3132444,2019,152,Gill Net - Resident
3132456,2019,123,Fyke Net >3 ft hoop
3132456,2019,153,Gill Net - Resident
3132456,2019,292,Scoop Dip Scap up to 10 ft sq
3132466,2019,1742,Party/Charter Boat
3132499,2019,1841,Party/Charter Boat
3132499,2019,201469,Food Fish Landing
3132519,2019,3784,Food Fish - Resident
3132541,2019,552,Scoop Dip Scap up to 10 ft sq
3132543,2019,421,Gill Net - Resident
3132543,2019,504,Scoop Dip Scap up to 10 ft sq
3132552,2019,306,Scoop Dip Scap up to 10 ft sq
3132560,2019,165,Gill Net - Resident
3132567,2019,308,Scoop Dip Scap up to 10 ft sq
3132567,2019,354,Gill Net - Resident
3132585,2019,267,Horseshoe Crab - Resident
3132585,2019,267,Crab - Resident
3132629,2019,1768,Party/Charter Boat
3132629,2019,5619,Food Fish - Resident
3132643,2019,1773,Party/Charter Boat
3132654,2019,11200,Food Fish/Crustacea Dealer/Shipper
3132660,2019,10550,Food Fish/Crustacea Dealer/Shipper
3132691,2019,1808,Crab - Resident
3132691,2019,3277,Food Fish - Resident
3132720,2019,10874,Food Fish/Crustacea Dealer/Shipper
3132727,2019,1548,Party/Charter Boat
3132744,2019,1126,Marine Bait
3132744,2019,4060,Horseshoe Crab - Resident
3132744,2019,4060,Crab - Resident
3132744,2019,5637,Food Fish - Resident
3132768,2019,3983,Crab - Resident
3132768,2019,5484,Food Fish - Resident
3132770,2019,10555,Food Fish/Crustacea Dealer/Shipper
3132776,2019,4041,Horseshoe Crab - Resident
3132776,2019,4041,Crab - Resident
3132776,2019,5597,Food Fish - Resident
3132785,2019,1792,Party/Charter Boat
3132796,2019,348,Food Fish - Resident
3132827,2019,376,Food Fish - Resident
3132843,2019,9044,Food Fish/Crustacea Dealer/Shipper
3132845,2019,9148,Food Fish/Crustacea Dealer/Shipper
3132853,2019,5647,Food Fish - Resident
3132859,2019,10610,Food Fish/Crustacea Dealer/Shipper
3132859,2019,2866,Food Fish - Resident
3132861,2019,5482,Food Fish - Resident
3132887,2019,4049,Horseshoe Crab - Resident
3132887,2019,4049,Crab - Resident
3132887,2019,5611,Food Fish - Resident
3132919,2019,3352,Federal Dealer - NR
3132920,2019,3962,Horseshoe Crab - Resident
3132920,2019,3962,Crab - Resident
3132920,2019,5496,Food Fish - Resident
3132942,2019,1695,Party/Charter Boat
3132942,2019,2313,Party/Charter Boat
3132942,2019,2462,Party/Charter Boat
3132942,2019,2678,Party/Charter Boat
3132956,2019,1810,Party/Charter Boat
3132956,2019,2490,Party/Charter Boat
3132985,2019,3215,Food Fish - Resident
3132989,2019,172,Gill Net - Resident
3132989,2019,25,Seine
3132989,2019,491,Scoop Dip Scap up to 10 ft sq
3133004,2019,1816,Party/Charter Boat
3133025,2019,177,Gill Net - Resident
3133025,2019,549,Scoop Dip Scap up to 10 ft sq
3133031,2019,1821,Party/Charter Boat
3133075,2019,1409,Horseshoe Crab - Resident
3133075,2019,1409,Crab - Resident
3133082,2019,1826,Party/Charter Boat
3133088,2019,1828,Party/Charter Boat
3133098,2019,1830,Party/Charter Boat
3133112,2019,5624,Food Fish - Resident
3133117,2019,11296,Food Fish/Crustacea Dealer/Shipper
3133133,2019,1837,Party/Charter Boat
3133138,2019,4059,Horseshoe Crab - Resident
3133138,2019,4059,Crab - Resident
3133138,2019,5621,Food Fish - Resident
3133177,2019,1080,Marine Bait
3133183,2019,10669,Food Fish/Crustacea Dealer/Shipper
3133205,2019,1845,Party/Charter Boat
3133217,2019,178,Gill Net - Resident
3133227,2019,10586,Food Fish/Crustacea Dealer/Shipper
3133238,2019,10587,Food Fish/Crustacea Dealer/Shipper
3133240,2019,10638,Food Fish/Crustacea Dealer/Shipper
3133249,2019,1851,Party/Charter Boat
3133249,2019,1985,Party/Charter Boat
3133258,2019,1853,Party/Charter Boat
3133277,2019,114,Party/Charter Boat
3133281,2019,1856,Party/Charter Boat
3133281,2019,5602,Food Fish - Resident
3133290,2019,11212,Food Fish/Crustacea Dealer/Shipper
3133292,2019,201636,Food Fish Landing
3133292,2019,2637,Party/Charter Boat
3133296,2019,10706,Food Fish/Crustacea Dealer/Shipper
3133305,2019,10590,Food Fish/Crustacea Dealer/Shipper
3133309,2019,3895,Horseshoe Crab - Resident
3133309,2019,3895,Crab - Resident
3133328,2019,11018,Food Fish/Crustacea Dealer/Shipper
3133345,2019,10595,Food Fish/Crustacea Dealer/Shipper
3133352,2019,182,Gill Net - Resident
3133352,2019,334,Scoop Dip Scap up to 10 ft sq
3133367,2019,184,Gill Net - Resident
3133382,2019,145,Lobster - Resident
3133383,2019,102546,Food Fish - NR
3133383,2019,1368,Horseshoe Crab - NR
3133383,2019,1368,Crab - NR
3133390,2019,10599,Food Fish/Crustacea Dealer/Shipper
3133400,2019,1871,Food Fish - Resident
3133400,2019,4034,Horseshoe Crab - Resident
3133400,2019,4034,Crab - Resident
3133405,2019,339,Scoop Dip Scap up to 10 ft sq
3133408,2019,186,Gill Net - Resident
3133408,2019,518,Scoop Dip Scap up to 10 ft sq
3133409,2019,11085,Food Fish/Crustacea Dealer/Shipper
3133409,2019,3990,Horseshoe Crab - Resident
3133409,2019,3990,Crab - Resident
3133409,2019,5503,Food Fish - Resident
3133417,2019,1924,Party/Charter Boat
3133421,2019,189,Gill Net - Resident
3133432,2019,1093,Marine Bait
3133432,2019,2292,Party/Charter Boat
3133432,2019,4010,Horseshoe Crab - Resident
3133432,2019,4010,Crab - Resident
3133432,2019,5534,Food Fish - Resident
3133463,2019,467,Scoop Dip Scap up to 10 ft sq
3133466,2019,10879,Food Fish/Crustacea Dealer/Shipper
3133467,2019,260,Gill Net - Resident
3133467,2019,347,Scoop Dip Scap up to 10 ft sq
3133471,2019,348,Scoop Dip Scap up to 10 ft sq
3133471,2019,378,Gill Net - Resident
3133501,2019,1431,Whelk - Resident
3133501,2019,4018,Horseshoe Crab - Resident
3133501,2019,4018,Crab - Resident
3133501,2019,5556,Food Fish - Resident
3133507,2019,1876,Party/Charter Boat
3133511,2019,1098,Marine Bait
3133544,2019,1735,Party/Charter Boat
3133586,2019,10605,Food Fish/Crustacea Dealer/Shipper
3133621,2019,5506,Food Fish - Resident
3133631,2019,5632,Food Fish - Resident
3133637,2019,5566,Food Fish - Resident
3133638,2019,2318,Party/Charter Boat
3133646,2019,5587,Food Fish - Resident
3133663,2019,10634,Food Fish/Crustacea Dealer/Shipper
3133685,2019,5649,Food Fish - Resident
3133769,2019,10633,Food Fish/Crustacea Dealer/Shipper
3133773,2019,2645,Party/Charter Boat
3133777,2019,10617,Food Fish/Crustacea Dealer/Shipper
3133837,2019,1106,Marine Bait
3133837,2019,4076,Horseshoe Crab - Resident
3133837,2019,4076,Crab - Resident
3133837,2019,5636,Food Fish - Resident
3133865,2019,10622,Food Fish/Crustacea Dealer/Shipper
3133866,2019,10623,Food Fish/Crustacea Dealer/Shipper
3133893,2019,10626,Food Fish/Crustacea Dealer/Shipper
3133901,2019,1914,Party/Charter Boat
3133906,2019,1916,Party/Charter Boat
3133933,2019,5614,Food Fish - Resident
3133969,2019,10795,Food Fish/Crustacea Dealer/Shipper
3134000,2019,2413,Food Fish - Resident
3134006,2019,1921,Party/Charter Boat
3134025,2019,10464,Food Fish/Crustacea Dealer/Shipper
3134029,2019,1923,Party/Charter Boat
3134031,2019,10651,Food Fish/Crustacea Dealer/Shipper
3134037,2019,10653,Food Fish/Crustacea Dealer/Shipper
3134037,2019,1925,Party/Charter Boat
3134051,2019,178,Party/Charter Boat
3134068,2019,1433,Whelk - Resident
3134068,2019,4073,Horseshoe Crab - Resident
3134068,2019,4073,Crab - Resident
3134073,2019,139,Party/Charter Boat
3134083,2019,212,Gill Net - Resident
3134084,2019,10664,Food Fish/Crustacea Dealer/Shipper
3134090,2019,1932,Party/Charter Boat
3134102,2019,228,Gill Net - Resident
3134102,2019,464,Scoop Dip Scap up to 10 ft sq
3134109,2019,2169,Party/Charter Boat
3134110,2019,123,Food Fish - Resident
3134118,2019,162,Food Fish - Resident
3134118,2019,171,Horseshoe Crab - Resident
3134118,2019,171,Crab - Resident
3134121,2019,4055,Horseshoe Crab - Resident
3134121,2019,4055,Crab - Resident
3134121,2019,5583,Food Fish - Resident
3134133,2019,374,Gill Net - Resident
3134133,2019,588,Scoop Dip Scap up to 10 ft sq
3134149,2019,1944,Party/Charter Boat
3134154,2019,1947,Party/Charter Boat
3134154,2019,2644,Party/Charter Boat
3134168,2019,10672,Food Fish/Crustacea Dealer/Shipper
3134178,2019,2103,Party/Charter Boat
3134178,2019,5626,Food Fish - Resident
3134191,2019,10674,Food Fish/Crustacea Dealer/Shipper
3134196,2019,220,Gill Net - Resident
3134196,2019,452,Scoop Dip Scap up to 10 ft sq
3134204,2019,1954,Party/Charter Boat
3134208,2019,10485,Food Fish/Crustacea Dealer/Shipper
3134218,2019,1956,Party/Charter Boat
3134234,2019,10801,Food Fish/Crustacea Dealer/Shipper
3134239,2019,5613,Lobster - Resident
3134244,2019,5644,Food Fish - Resident
3134261,2019,1962,Party/Charter Boat
3134266,2019,1963,Party/Charter Boat
3134305,2019,1975,Party/Charter Boat
3134313,2019,1976,Party/Charter Boat
3134325,2019,1977,Party/Charter Boat
3134340,2019,1978,Party/Charter Boat
3134365,2019,201520,Food Fish Landing
3134382,2019,373,Food Fish - Resident
3134387,2019,1013,Food Fish - Resident
3134387,2019,1013,Alternate Vessel
3134415,2019,10690,Food Fish/Crustacea Dealer/Shipper
3134429,2019,9061,Food Fish/Crustacea Dealer/Shipper
3134454,2019,1986,Party/Charter Boat
3134458,2019,1987,Party/Charter Boat
3134468,2019,201455,Food Fish Landing
3134475,2019,10696,Food Fish/Crustacea Dealer/Shipper
3134491,2019,1993,Party/Charter Boat
3134503,2019,1233,Food Fish - Resident
3134503,2019,5638,Lobster - Resident
3134503,2019,614,Crab - Resident
3134509,2019,10703,Food Fish/Crustacea Dealer/Shipper
3135373,2019,11264,Food Fish/Crustacea Dealer/Shipper
3135573,2019,2434,Crab - Resident
3135573,2019,773,Food Fish - Resident
3136057,2019,1424,Whelk - Resident
3136057,2019,1891,Lobster - Resident
3136057,2019,1891,Lobster Bait Gill Net
3136057,2019,4007,Horseshoe Crab - Resident
3136057,2019,4007,Crab - Resident
3136057,2019,5535,Food Fish - Resident
3136315,2019,231,Gill Net - Resident
3136473,2019,232,Gill Net - Resident
3136619,2019,10885,Food Fish/Crustacea Dealer/Shipper
3136633,2019,233,Gill Net - Resident
3136713,2019,2003,Party/Charter Boat
3137175,2019,295,Gill Net - Resident
3137175,2019,395,Scoop Dip Scap up to 10 ft sq
3137175,2019,49,Seine
3137273,2019,2013,Party/Charter Boat
3137393,2019,1079,Food Fish - Resident
3137393,2019,2445,Party/Charter Boat
3137393,2019,5595,Food Fish - Resident
3137413,2019,2534,Party/Charter Boat
3137713,2019,1131,Marine Bait
3137836,2019,2023,Party/Charter Boat
3137893,2019,273,Gill Net - Resident
3137895,2019,2574,Party/Charter Boat
3138300,2019,2030,Party/Charter Boat
3138313,2019,2031,Party/Charter Boat
3138395,2019,2067,Party/Charter Boat
3138513,2019,10730,Food Fish/Crustacea Dealer/Shipper
3138515,2019,10731,Food Fish/Crustacea Dealer/Shipper
3138554,2019,2583,Food Fish - Resident
3138573,2019,5593,Food Fish - Resident
3138613,2019,1148,Marine Bait
3138613,2019,2036,Party/Charter Boat
3138655,2019,2038,Party/Charter Boat
3138913,2019,2039,Party/Charter Boat
3139033,2019,242,Gill Net - Resident
3139313,2019,10734,Food Fish/Crustacea Dealer/Shipper
3139498,2019,2044,Party/Charter Boat
3139963,2019,201672,Food Fish Landing
3139963,2019,2048,Party/Charter Boat
3140715,2019,3615,Food Fish - Resident
3140953,2019,10894,Food Fish/Crustacea Dealer/Shipper
3141233,2019,10872,Food Fish/Crustacea Dealer/Shipper
3141353,2019,1052,Crab - Resident
3141353,2019,1072,Whelk - Resident
3141353,2019,2031,Food Fish - Resident
3141353,2019,216,Lobster - Resident
3141474,2019,10758,Food Fish/Crustacea Dealer/Shipper
3141474,2019,1203,Menhaden Purse Seine 30 GT or less
3141474,2019,5601,Food Fish - Resident
3141594,2019,102537,Food Fish - NR
3141653,2019,10824,Food Fish/Crustacea Dealer/Shipper
3141835,2019,2649,Party/Charter Boat
3141835,2019,5498,Food Fish - Resident
3141973,2019,474,Food Fish - Resident
3142073,2019,10748,Food Fish/Crustacea Dealer/Shipper
3142193,2019,2052,Party/Charter Boat
3142193,2019,5582,Food Fish - Resident
3142233,2019,1364,Horseshoe Crab - NR
3142233,2019,1364,Crab - NR
3142313,2019,10751,Food Fish/Crustacea Dealer/Shipper
3142416,2019,1310,Marine Bait
3142515,2019,2173,Party/Charter Boat
3142515,2019,271,Gill Net - Resident
3142715,2019,10754,Food Fish/Crustacea Dealer/Shipper
3142735,2019,1300,Marine Bait
3142735,2019,2056,Party/Charter Boat
3142755,2019,2057,Party/Charter Boat
3142856,2019,406,Scoop Dip Scap up to 10 ft sq
3142857,2019,5548,Food Fish - Resident
3142897,2019,2061,Party/Charter Boat
3142915,2019,10755,Food Fish/Crustacea Dealer/Shipper
3142997,2019,2528,Party/Charter Boat
3143097,2019,297,Gill Net - Resident
3143101,2019,2094,Party/Charter Boat
3143101,2019,4020,Horseshoe Crab - Resident
3143101,2019,4020,Crab - Resident
3143101,2019,5549,Food Fish - Resident
3143104,2019,10757,Food Fish/Crustacea Dealer/Shipper
3143137,2019,2069,Party/Charter Boat
3143239,2019,296,Gill Net - Resident
3143355,2019,5615,Food Fish - Resident
3143377,2019,5578,Food Fish - Resident
3143398,2019,4062,Horseshoe Crab - Resident
3143398,2019,4062,Crab - Resident
3143398,2019,5561,Food Fish - Resident
3143402,2019,10761,Food Fish/Crustacea Dealer/Shipper
3143416,2019,2064,Food Fish - Resident
3143416,2019,282,Lobster - Resident
3143416,2019,942,Crab - Resident
3143422,2019,2203,Food Fish - Resident
3143558,2019,2077,Party/Charter Boat
3143558,2019,2314,Party/Charter Boat
3143599,2019,2078,Party/Charter Boat
3143815,2019,2083,Party/Charter Boat
3143875,2019,10768,Food Fish/Crustacea Dealer/Shipper
3144075,2019,281,Gill Net - Resident
3144146,2019,10773,Food Fish/Crustacea Dealer/Shipper
3144177,2019,2087,Party/Charter Boat
3144296,2019,2090,Party/Charter Boat
3144315,2019,2091,Party/Charter Boat
3144315,2019,5609,Food Fish - Resident
3144865,2019,10781,Food Fish/Crustacea Dealer/Shipper
3145022,2019,2572,Party/Charter Boat
3145240,2019,10785,Food Fish/Crustacea Dealer/Shipper
3145281,2019,2104,Party/Charter Boat
3145321,2019,1429,Whelk - Resident
3145321,2019,4036,Horseshoe Crab - Resident
3145321,2019,4036,Crab - Resident
3145321,2019,5560,Food Fish - Resident
3145577,2019,10821,Food Fish/Crustacea Dealer/Shipper
3145615,2019,2105,Party/Charter Boat
3145695,2019,201462,Food Fish Landing
3145777,2019,10788,Food Fish/Crustacea Dealer/Shipper
3146079,2019,2148,Food Fish - Resident
3146115,2019,2110,Party/Charter Boat
3146519,2019,10792,Food Fish/Crustacea Dealer/Shipper
3146819,2019,10794,Food Fish/Crustacea Dealer/Shipper
3146959,2019,2454,Party/Charter Boat
3146980,2019,989,Lobster - Resident
3146999,2019,10797,Food Fish/Crustacea Dealer/Shipper
3147041,2019,10800,Food Fish/Crustacea Dealer/Shipper
3147186,2019,201465,Food Fish Landing
3147319,2019,10803,Food Fish/Crustacea Dealer/Shipper
3147381,2019,4032,Horseshoe Crab - Resident
3147381,2019,4032,Crab - Resident
3147381,2019,5558,Food Fish - Resident
3147401,2019,10805,Food Fish/Crustacea Dealer/Shipper
3147421,2019,5559,Food Fish - Resident
3147599,2019,10810,Food Fish/Crustacea Dealer/Shipper
3147801,2019,10814,Food Fish/Crustacea Dealer/Shipper
3148081,2019,10818,Food Fish/Crustacea Dealer/Shipper
3148102,2019,10820,Food Fish/Crustacea Dealer/Shipper
3148259,2019,421,Scoop Dip Scap up to 10 ft sq
3148519,2019,314,Gill Net - Resident
3148521,2019,2122,Party/Charter Boat
3148524,2019,2123,Party/Charter Boat
3148649,2019,1970,Lobster - Resident
3148649,2019,835,Food Fish - Resident
3148659,2019,11215,Food Fish/Crustacea Dealer/Shipper
3148659,2019,5569,Food Fish - Resident
3148679,2019,1276,Marine Bait
3148767,2019,11129,Food Fish/Crustacea Dealer/Shipper
3148767,2019,2131,Party/Charter Boat
3148800,2019,1177,Marine Bait
3148805,2019,5622,Food Fish - Resident
3148866,2019,2138,Party/Charter Boat
3148874,2019,2139,Party/Charter Boat
3148882,2019,2141,Party/Charter Boat
3148882,2019,2269,Party/Charter Boat
3148954,2019,2149,Party/Charter Boat
3149019,2019,815,Food Fish - Resident
3149027,2019,2156,Party/Charter Boat
3149247,2019,1079,Lobster Landing
3149247,2019,3846,Horseshoe Crab - Resident
3149247,2019,3846,Crab - Resident
3149247,2019,5603,Food Fish - Resident
3149249,2019,10842,Food Fish/Crustacea Dealer/Shipper
3149269,2019,659,Food Fish - Resident
3149406,2019,10844,Food Fish/Crustacea Dealer/Shipper
3149412,2019,10846,Food Fish/Crustacea Dealer/Shipper
3149426,2019,10847,Food Fish/Crustacea Dealer/Shipper
3149545,2019,10853,Food Fish/Crustacea Dealer/Shipper
3149705,2019,10856,Food Fish/Crustacea Dealer/Shipper
3149707,2019,2181,Party/Charter Boat
3149745,2019,2291,Party/Charter Boat
3149748,2019,5544,Food Fish - Resident
3149807,2019,10858,Food Fish/Crustacea Dealer/Shipper
3150032,2019,210,Food Fish - Resident
3150032,2019,2452,Party/Charter Boat
3150032,2019,5461,Food Fish - Resident
3150166,2019,2185,Party/Charter Boat
3150186,2019,401,Food Fish - Resident
3150507,2019,10920,Food Fish/Crustacea Dealer/Shipper
3150685,2019,1209,Menhaden Purse Seine 30 GT or less
3150685,2019,2271,Party/Charter Boat
3150685,2019,4053,Horseshoe Crab - Resident
3150685,2019,4053,Crab - Resident
3150685,2019,5594,Food Fish - Resident
3150828,2019,2186,Party/Charter Boat
3151157,2019,10884,Food Fish/Crustacea Dealer/Shipper
3151308,2019,2189,Party/Charter Boat
3151552,2019,10904,Food Fish/Crustacea Dealer/Shipper
3151614,2019,5608,Food Fish - Resident
3151616,2019,1602,Party/Charter Boat
3151670,2019,2190,Party/Charter Boat
3151791,2019,10908,Food Fish/Crustacea Dealer/Shipper
3151798,2019,10911,Food Fish/Crustacea Dealer/Shipper
3151848,2019,342,Gill Net - Resident
3151892,2019,1186,Marine Bait
3152070,2019,4069,Horseshoe Crab - Resident
3152070,2019,4069,Crab - Resident
3152070,2019,5618,Food Fish - Resident
3152131,2019,349,Gill Net - Resident
3152131,2019,517,Scoop Dip Scap up to 10 ft sq
3152228,2019,352,Gill Net - Resident
3152251,2019,2201,Party/Charter Boat
3152271,2019,2202,Party/Charter Boat
3152330,2019,2208,Party/Charter Boat
3152433,2019,2214,Party/Charter Boat
3152529,2019,2631,Party/Charter Boat
3152532,2019,1190,Marine Bait
3152590,2019,1022,Whelk - Resident
3152590,2019,1332,Food Fish - Resident
3152590,2019,2050,Horseshoe Crab - Resident
3152590,2019,2050,Crab - Resident
3152634,2019,2221,Party/Charter Boat
3152676,2019,10927,Food Fish/Crustacea Dealer/Shipper
3152698,2019,201497,Food Fish Landing
3152757,2019,10931,Food Fish/Crustacea Dealer/Shipper
3152825,2019,1317,Marine Bait
3152909,2019,2230,Party/Charter Boat
3153048,2019,2231,Party/Charter Boat
3153109,2019,2233,Party/Charter Boat
3153576,2019,1151,Whelk - Resident
3153576,2019,1210,Menhaden Purse Seine 30 GT or less
3153576,2019,348,Horseshoe Crab - Resident
3153576,2019,348,Crab - Resident
3153576,2019,5451,Lobster - Resident
3153576,2019,761,Food Fish - Resident
3153751,2019,10941,Food Fish/Crustacea Dealer/Shipper
3153788,2019,900,Food Fish - Resident
3153950,2019,10892,Food Fish/Crustacea Dealer/Shipper
3154068,2019,1079,Food Fish - Resident
3154150,2019,2578,Party/Charter Boat
3154433,2019,1423,Whelk - Resident
3154433,2019,5643,Food Fish - Resident
3154748,2019,10947,Food Fish/Crustacea Dealer/Shipper
3154856,2019,2539,Party/Charter Boat
3154931,2019,10949,Food Fish/Crustacea Dealer/Shipper
3154933,2019,101356,Food Fish - NR
3155134,2019,10950,Food Fish/Crustacea Dealer/Shipper
3155311,2019,10951,Food Fish/Crustacea Dealer/Shipper
3155494,2019,2252,Party/Charter Boat
3155751,2019,5575,Food Fish - Resident
3155871,2019,2255,Party/Charter Boat
3155893,2019,10962,Food Fish/Crustacea Dealer/Shipper
3155893,2019,2526,Party/Charter Boat
3155971,2019,11201,Food Fish/Crustacea Dealer/Shipper
3156135,2019,10967,Food Fish/Crustacea Dealer/Shipper
3156171,2019,364,Gill Net - Resident
3156311,2019,10993,Food Fish/Crustacea Dealer/Shipper
3156533,2019,2265,Party/Charter Boat
3156533,2019,2658,Party/Charter Boat
3156636,2019,2268,Party/Charter Boat
3156638,2019,10972,Food Fish/Crustacea Dealer/Shipper
3156640,2019,371,Gill Net - Resident
3156640,2019,515,Scoop Dip Scap up to 10 ft sq
3156640,2019,516,Scoop Dip Scap up to 10 ft sq
3156671,2019,10973,Food Fish/Crustacea Dealer/Shipper
3156871,2019,3988,Horseshoe Crab - Resident
3156871,2019,3988,Crab - Resident
3156871,2019,5515,Food Fish - Resident
3157052,2019,1001,Whelk - Resident
3157052,2019,198,Lobster - Resident
3157052,2019,3012,Food Fish - Resident
3157052,2019,4044,Horseshoe Crab - Resident
3157052,2019,4044,Crab - Resident
3157377,2019,2272,Party/Charter Boat
3157393,2019,2273,Party/Charter Boat
3157411,2019,10980,Food Fish/Crustacea Dealer/Shipper
3157551,2019,2274,Party/Charter Boat
3157691,2019,2276,Party/Charter Boat
3157873,2019,3386,Food Fish - Resident
3157891,2019,10983,Food Fish/Crustacea Dealer/Shipper
3158051,2019,2281,Party/Charter Boat
3158131,2019,10985,Food Fish/Crustacea Dealer/Shipper
3158172,2019,10987,Food Fish/Crustacea Dealer/Shipper
3158392,2019,2402,Party/Charter Boat
3158431,2019,3234,Food Fish - Resident
3158571,2019,5631,Food Fish - Resident
3158631,2019,201556,Food Fish Landing
3159351,2019,4071,Horseshoe Crab - Resident
3159351,2019,4071,Crab - Resident
3159351,2019,5655,Food Fish - Resident
3159551,2019,4070,Horseshoe Crab - Resident
3159551,2019,4070,Crab - Resident
3159551,2019,5635,Food Fish - Resident
3159571,2019,201562,Food Fish Landing
3159771,2019,10995,Food Fish/Crustacea Dealer/Shipper
3160151,2019,2307,Party/Charter Boat
3160211,2019,1020,Food Fish - Resident
3160211,2019,10996,Food Fish/Crustacea Dealer/Shipper
3160253,2019,1237,Marine Bait
3160294,2019,1224,Marine Bait
3160311,2019,2308,Party/Charter Boat
3160378,2019,4064,Horseshoe Crab - Resident
3160378,2019,4064,Crab - Resident
3160378,2019,5616,Food Fish - Resident
3160632,2019,11001,Food Fish/Crustacea Dealer/Shipper
3160695,2019,3521,Food Fish - Resident
3160731,2019,11004,Food Fish/Crustacea Dealer/Shipper
3160851,2019,2453,Horseshoe Crab - Resident
3160851,2019,2453,Crab - Resident
3160851,2019,901,Food Fish - Resident
3160871,2019,11005,Food Fish/Crustacea Dealer/Shipper
3160994,2019,221,Food Fish - Resident
3161151,2019,11006,Food Fish/Crustacea Dealer/Shipper
3161333,2019,1083,Lobster Landing
3161333,2019,2928,Food Fish - Resident
3161333,2019,4043,Horseshoe Crab - Resident
3161333,2019,4043,Crab - Resident
3161335,2019,201566,Food Fish Landing
3161471,2019,2013,Food Fish - Resident
3161471,2019,2466,Crab - Resident
3161731,2019,2695,Party/Charter Boat
3161871,2019,1227,Marine Bait
3161991,2019,2116,Food Fish - Resident
3161991,2019,2334,Horseshoe Crab - Resident
3161991,2019,2334,Crab - Resident
3162371,2019,11028,Food Fish/Crustacea Dealer/Shipper
3163233,2019,11019,Food Fish/Crustacea Dealer/Shipper
3163371,2019,11020,Food Fish/Crustacea Dealer/Shipper
3163571,2019,11022,Food Fish/Crustacea Dealer/Shipper
3163631,2019,11024,Food Fish/Crustacea Dealer/Shipper
3163633,2019,1034,Food Fish - Resident
3163633,2019,620,Horseshoe Crab - Resident
3163633,2019,620,Crab - Resident
3163674,2019,11025,Food Fish/Crustacea Dealer/Shipper
3163676,2019,11026,Food Fish/Crustacea Dealer/Shipper
3163694,2019,102545,Food Fish - NR
3164331,2019,11033,Food Fish/Crustacea Dealer/Shipper
3164492,2019,11035,Food Fish/Crustacea Dealer/Shipper
3164534,2019,1233,Marine Bait
3164536,2019,1234,Marine Bait
3164833,2019,484,Scoop Dip Scap up to 10 ft sq
3164840,2019,5627,Food Fish - Resident
3165067,2019,2323,Party/Charter Boat
3165111,2019,506,Scoop Dip Scap up to 10 ft sq
3165118,2019,2324,Party/Charter Boat
3165122,2019,1235,Marine Bait
3165122,2019,2579,Party/Charter Boat
3165153,2019,2327,Party/Charter Boat
3165159,2019,403,Gill Net - Resident
3165159,2019,85,Eel Pots - Resident
3165212,2019,2328,Party/Charter Boat
3165212,2019,4068,Horseshoe Crab - Resident
3165212,2019,4068,Crab - Resident
3165257,2019,11047,Food Fish/Crustacea Dealer/Shipper
3165271,2019,2331,Party/Charter Boat
3165271,2019,2382,Party/Charter Boat
3165291,2019,511,Scoop Dip Scap up to 10 ft sq
3165293,2019,2333,Party/Charter Boat
3165351,2019,514,Scoop Dip Scap up to 10 ft sq
3165353,2019,2334,Party/Charter Boat
3165371,2019,11048,Food Fish/Crustacea Dealer/Shipper
3165471,2019,2338,Party/Charter Boat
3165933,2019,2342,Party/Charter Boat
3165935,2019,2343,Party/Charter Boat
3166291,2019,11052,Food Fish/Crustacea Dealer/Shipper
3166611,2019,11055,Food Fish/Crustacea Dealer/Shipper
3166633,2019,2347,Party/Charter Boat
3166833,2019,2351,Party/Charter Boat
3166853,2019,11059,Food Fish/Crustacea Dealer/Shipper
3167171,2019,11063,Food Fish/Crustacea Dealer/Shipper
3167613,2019,201631,Food Fish Landing
3167613,2019,2437,Party/Charter Boat
3167792,2019,2527,Party/Charter Boat
3167792,2019,3866,Food Fish - Resident
3167811,2019,11068,Food Fish/Crustacea Dealer/Shipper
3167831,2019,4019,Horseshoe Crab - Resident
3167831,2019,4019,Crab - Resident
3167831,2019,5511,Food Fish - Resident
3167911,2019,11069,Food Fish/Crustacea Dealer/Shipper
3168171,2019,11071,Food Fish/Crustacea Dealer/Shipper
3168174,2019,1046,Whelk - Resident
3168174,2019,1893,Food Fish - Resident
3168174,2019,450,Lobster - Resident
3168174,2019,840,Crab - Resident
3168191,2019,11072,Food Fish/Crustacea Dealer/Shipper
3168291,2019,11073,Food Fish/Crustacea Dealer/Shipper
3168331,2019,11075,Food Fish/Crustacea Dealer/Shipper
3168471,2019,101473,Food Fish - NR
3168491,2019,1282,Marine Bait
3168491,2019,2685,Party/Charter Boat
3168536,2019,11076,Food Fish/Crustacea Dealer/Shipper
3168571,2019,11077,Food Fish/Crustacea Dealer/Shipper
3168871,2019,5605,Food Fish - Resident
3169012,2019,101443,Food Fish - NR
3169012,2019,11146,Food Fish/Crustacea Dealer/Shipper
3169111,2019,5645,Food Fish - Resident
3169191,2019,11083,Food Fish/Crustacea Dealer/Shipper
3169271,2019,2647,Party/Charter Boat
3169271,2019,411,Gill Net - Resident
3169271,2019,412,Gill Net - Resident
3169431,2019,2359,Party/Charter Boat
3169480,2019,50,Food Fish - Resident
3169533,2019,418,Gill Net - Resident
3169533,2019,529,Scoop Dip Scap up to 10 ft sq
3169932,2019,11088,Food Fish/Crustacea Dealer/Shipper
3170131,2019,201599,Food Fish Landing
3170131,2019,2668,Party/Charter Boat
3170371,2019,439,Food Fish - Resident
3170419,2019,540,Scoop Dip Scap up to 10 ft sq
3170491,2019,2369,Party/Charter Boat
3170511,2019,11092,Food Fish/Crustacea Dealer/Shipper
3170591,2019,2398,Party/Charter Boat
3170611,2019,11094,Food Fish/Crustacea Dealer/Shipper
3170711,2019,2372,Party/Charter Boat
3170713,2019,2373,Party/Charter Boat
3170715,2019,2374,Party/Charter Boat
3170733,2019,11156,Food Fish/Crustacea Dealer/Shipper
3170733,2019,3559,Food Fish - Resident
3170831,2019,2378,Party/Charter Boat
3170891,2019,541,Scoop Dip Scap up to 10 ft sq
3170893,2019,428,Gill Net - Resident
3170911,2019,11096,Food Fish/Crustacea Dealer/Shipper
3170971,2019,2380,Party/Charter Boat
3171073,2019,2384,Party/Charter Boat
3171111,2019,1506,Food Fish - Resident
3171111,2019,556,Horseshoe Crab - Resident
3171111,2019,556,Crab - Resident
3171311,2019,2388,Party/Charter Boat
3171370,2019,2389,Party/Charter Boat
3171531,2019,1259,Marine Bait
3171713,2019,11106,Food Fish/Crustacea Dealer/Shipper
3171971,2019,201603,Food Fish Landing
3172151,2019,11110,Food Fish/Crustacea Dealer/Shipper
3172191,2019,2400,Party/Charter Boat
3172311,2019,201606,Food Fish Landing
3172395,2019,2406,Party/Charter Boat
3172515,2019,11114,Food Fish/Crustacea Dealer/Shipper
3172535,2019,3541,Food Fish - Resident
3172595,2019,11116,Food Fish/Crustacea Dealer/Shipper
3172635,2019,2409,Party/Charter Boat
3172855,2019,3137,Food Fish - Resident
3172939,2019,2410,Party/Charter Boat
3172995,2019,2411,Party/Charter Boat
3173255,2019,2074,Food Fish - Resident
3173395,2019,11121,Food Fish/Crustacea Dealer/Shipper
3173415,2019,225,Food Fish - Resident
3173515,2019,11123,Food Fish/Crustacea Dealer/Shipper
3173635,2019,11125,Food Fish/Crustacea Dealer/Shipper
3173637,2019,11124,Food Fish/Crustacea Dealer/Shipper
3174055,2019,11191,Food Fish/Crustacea Dealer/Shipper
3174155,2019,101328,Food Fish - NR
3174195,2019,151,Lobster - Resident
3174195,2019,151,Lobster Bait Gill Net
3174195,2019,2665,Food Fish - Resident
3174456,2019,11131,Food Fish/Crustacea Dealer/Shipper
3174535,2019,1975,Horseshoe Crab - Resident
3174535,2019,1975,Crab - Resident
3174535,2019,3564,Food Fish - Resident
3174655,2019,11135,Food Fish/Crustacea Dealer/Shipper
3174797,2019,11259,Food Fish/Crustacea Dealer/Shipper
3174835,2019,429,Gill Net - Resident
3174955,2019,11137,Food Fish/Crustacea Dealer/Shipper
3174957,2019,11138,Food Fish/Crustacea Dealer/Shipper
3174975,2019,11139,Food Fish/Crustacea Dealer/Shipper
3175155,2019,11142,Food Fish/Crustacea Dealer/Shipper
3175215,2019,2418,Party/Charter Boat
3175235,2019,1266,Marine Bait
3175255,2019,430,Gill Net - Resident
3175257,2019,431,Gill Net - Resident
3175378,2019,1303,Marine Bait
3175378,2019,2419,Party/Charter Boat
3175380,2019,2167,Food Fish - Resident
3175455,2019,508,Gill Net - NR
3175475,2019,11144,Food Fish/Crustacea Dealer/Shipper
3175516,2019,2420,Party/Charter Boat
3175535,2019,11145,Food Fish/Crustacea Dealer/Shipper
3175595,2019,436,Gill Net - Resident
3175615,2019,2,Seine - NR
3175615,2019,507,Gill Net - NR
3175617,2019,545,Scoop Dip Scap up to 10 ft sq
3175619,2019,546,Scoop Dip Scap up to 10 ft sq
3175639,2019,201637,Food Fish Landing
3175639,2019,2421,Party/Charter Boat
3175657,2019,2423,Party/Charter Boat
3175894,2019,11148,Food Fish/Crustacea Dealer/Shipper
3176075,2019,2426,Party/Charter Boat
3176135,2019,2427,Party/Charter Boat
3176155,2019,2428,Party/Charter Boat
3176215,2019,442,Gill Net - Resident
3176215,2019,553,Scoop Dip Scap up to 10 ft sq
3176215,2019,58,Seine
3176255,2019,2429,Party/Charter Boat
3176275,2019,11154,Food Fish/Crustacea Dealer/Shipper
3176277,2019,157,Food Fish - Resident
3176295,2019,443,Gill Net - Resident
3176317,2019,2431,Party/Charter Boat
3176355,2019,2146,Food Fish - Resident
3176395,2019,11155,Food Fish/Crustacea Dealer/Shipper
3176415,2019,147,Food Fish - Resident
3176499,2019,2434,Party/Charter Boat
3176515,2019,2435,Party/Charter Boat
3176537,2019,2436,Party/Charter Boat
3176555,2019,11306,Food Fish/Crustacea Dealer/Shipper
3176555,2019,1270,Marine Bait
3176555,2019,1271,Whelk - Resident
3176555,2019,2484,Horseshoe Crab - Resident
3176555,2019,2484,Crab - Resident
3176755,2019,2706,Party/Charter Boat
3176775,2019,2441,Party/Charter Boat
3176815,2019,1314,Marine Bait
3176815,2019,2442,Party/Charter Boat
3176835,2019,2443,Party/Charter Boat
3176995,2019,2446,Party/Charter Boat
3177015,2019,2447,Party/Charter Boat
3177035,2019,2448,Party/Charter Boat
3177055,2019,2450,Party/Charter Boat
3177076,2019,3,Eel Weir Delaware River - Neversink River
3177076,2019,6,Eel Weir - Delaware River
3177078,2019,2,Eel Weir Delaware River - Neversink River
3177078,2019,5,Eel Weir - Delaware River
3177080,2019,1,Eel Weir Delaware River - Neversink River
3177080,2019,4,Eel Weir - Delaware River
3177082,2019,1,Eel Weir Delaware River - East Branch
3177082,2019,7,Eel Weir - Delaware River
3177086,2019,2,Eel Weir - Delaware River NR
3177086,2019,3,Eel Weir Delaware River - Main Stem - North of Tus
3177088,2019,1,Eel Weir Delaware River - Main Stem - North of Tus
3177088,2019,2,Eel Weir - Delaware River
3177090,2019,1,Eel Weir - Delaware River
3177090,2019,2,Eel Weir Delaware River - Main Stem - South of Tus
3177092,2019,1,Eel Weir - Delaware River NR
3177092,2019,1,Eel Weir Delaware River - Main Stem - South of Tus
3177095,2019,2,Eel Weir Delaware River - Main Stem - North of Tus
3177095,2019,3,Eel Weir - Delaware River
3177375,2019,2455,Party/Charter Boat
3177435,2019,2457,Party/Charter Boat
3177535,2019,11161,Food Fish/Crustacea Dealer/Shipper
3177575,2019,2464,Party/Charter Boat
3177655,2019,1272,Marine Bait
3178015,2019,315,Crab - NR
3178075,2019,2463,Party/Charter Boat
3178115,2019,11163,Food Fish/Crustacea Dealer/Shipper
3178117,2019,4148,Food Fish - Resident
3178155,2019,11164,Food Fish/Crustacea Dealer/Shipper
3178278,2019,709,Food Fish - Resident
3178323,2019,11165,Food Fish/Crustacea Dealer/Shipper
3178359,2019,201638,Food Fish Landing
3178399,2019,11168,Food Fish/Crustacea Dealer/Shipper
3178475,2019,2467,Party/Charter Boat
3178495,2019,11169,Food Fish/Crustacea Dealer/Shipper
3178497,2019,2634,Food Fish - Resident
3178497,2019,275,Lobster - Resident
3178595,2019,11183,Food Fish/Crustacea Dealer/Shipper
3178655,2019,11170,Food Fish/Crustacea Dealer/Shipper
3178775,2019,11171,Food Fish/Crustacea Dealer/Shipper
3178877,2019,3868,Horseshoe Crab - Resident
3178877,2019,3868,Crab - Resident
3178877,2019,5402,Food Fish - Resident
3178975,2019,2636,Party/Charter Boat
3179036,2019,2702,Party/Charter Boat
3179295,2019,1027,Food Fish - Resident
3179635,2019,3292,Food Fish - Resident
3179695,2019,3423,Food Fish - Resident
3179938,2019,1323,Marine Bait
3179938,2019,201683,Food Fish Landing
3179979,2019,11173,Food Fish/Crustacea Dealer/Shipper
3180035,2019,11174,Food Fish/Crustacea Dealer/Shipper
3180117,2019,11176,Food Fish/Crustacea Dealer/Shipper
3180135,2019,11177,Food Fish/Crustacea Dealer/Shipper
3180176,2019,11178,Food Fish/Crustacea Dealer/Shipper
3180215,2019,11179,Food Fish/Crustacea Dealer/Shipper
3180355,2019,2470,Party/Charter Boat
3180355,2019,2480,Party/Charter Boat
3180355,2019,2537,Party/Charter Boat
3180375,2019,11181,Food Fish/Crustacea Dealer/Shipper
3180377,2019,11182,Food Fish/Crustacea Dealer/Shipper
3180415,2019,11184,Food Fish/Crustacea Dealer/Shipper
3180456,2019,2471,Party/Charter Boat
3180697,2019,105,Eel Pots - Resident
3180697,2019,445,Gill Net - Resident
3180876,2019,446,Gill Net - Resident
3180895,2019,5623,Food Fish - Resident
3180935,2019,5630,Food Fish - Resident
3180995,2019,10488,Food Fish/Crustacea Dealer/Shipper
3181115,2019,11188,Food Fish/Crustacea Dealer/Shipper
3181195,2019,447,Gill Net - Resident
3181215,2019,2473,Party/Charter Boat
3181235,2019,2474,Party/Charter Boat
3181238,2019,11189,Food Fish/Crustacea Dealer/Shipper
3181335,2019,448,Gill Net - Resident
3181380,2019,2069,Food Fish - Resident
3181436,2019,11190,Food Fish/Crustacea Dealer/Shipper
3181495,2019,450,Gill Net - Resident
3181495,2019,559,Scoop Dip Scap up to 10 ft sq
3181497,2019,451,Gill Net - Resident
3181517,2019,2479,Party/Charter Boat
3181555,2019,670,Food Fish - Resident
3181735,2019,2481,Party/Charter Boat
3181735,2019,2483,Party/Charter Boat
3181735,2019,2515,Party/Charter Boat
3181915,2019,11262,Food Fish/Crustacea Dealer/Shipper
3182095,2019,2486,Party/Charter Boat
3182175,2019,2487,Party/Charter Boat
3182175,2019,2618,Party/Charter Boat
3182215,2019,11194,Food Fish/Crustacea Dealer/Shipper
3182235,2019,2489,Party/Charter Boat
3182275,2019,564,Scoop Dip Scap up to 10 ft sq
3182295,2019,2491,Party/Charter Boat
3182315,2019,539,Lobster - NR
3182337,2019,457,Gill Net - Resident
3182337,2019,565,Scoop Dip Scap up to 10 ft sq
3182475,2019,1370,Food Fish - Resident
3182557,2019,2601,Horseshoe Crab - Resident
3182557,2019,2601,Crab - Resident
3182557,2019,5494,Food Fish - Resident
3182755,2019,11197,Food Fish/Crustacea Dealer/Shipper
3182757,2019,2503,Party/Charter Boat
3182775,2019,2505,Party/Charter Boat
3182796,2019,10419,Food Fish/Crustacea Dealer/Shipper
3182796,2019,3222,Food Fish - Resident
3182817,2019,2506,Party/Charter Boat
3182875,2019,2507,Party/Charter Boat
3182877,2019,1803,Horseshoe Crab - Resident
3182877,2019,1803,Crab - Resident
3182877,2019,3350,Food Fish - Resident
3182877,2019,416,Lobster - Resident
3182897,2019,2511,Party/Charter Boat
3182978,2019,3232,Food Fish - Resident
3183078,2019,566,Scoop Dip Scap up to 10 ft sq
3183335,2019,11205,Food Fish/Crustacea Dealer/Shipper
3183415,2019,1255,Whelk - Resident
3183415,2019,2054,Horseshoe Crab - Resident
3183415,2019,2054,Crab - Resident
3183415,2019,22,Food Fish - Resident
3183415,2019,8,Lobster - Resident
3183436,2019,2516,Party/Charter Boat
3183555,2019,2517,Party/Charter Boat
3183815,2019,11207,Food Fish/Crustacea Dealer/Shipper
3183836,2019,11208,Food Fish/Crustacea Dealer/Shipper
3185515,2019,101363,Food Fish - NR
3185715,2019,985,Food Fish - Resident
3185715,2019,985,Alternate Vessel
3185735,2019,11217,Food Fish/Crustacea Dealer/Shipper
3185737,2019,11218,Food Fish/Crustacea Dealer/Shipper
3185835,2019,1367,Horseshoe Crab - NR
3185835,2019,1367,Crab - NR
3185855,2019,11303,Food Fish/Crustacea Dealer/Shipper
3185935,2019,11219,Food Fish/Crustacea Dealer/Shipper
3186015,2019,11220,Food Fish/Crustacea Dealer/Shipper
3186035,2019,11221,Food Fish/Crustacea Dealer/Shipper
3186055,2019,785,Food Fish - Resident
3186135,2019,11222,Food Fish/Crustacea Dealer/Shipper
3186175,2019,461,Gill Net - Resident
3186195,2019,462,Gill Net - Resident
3186295,2019,11224,Food Fish/Crustacea Dealer/Shipper
3186335,2019,11225,Food Fish/Crustacea Dealer/Shipper
3186356,2019,2529,Party/Charter Boat
3186356,2019,2530,Party/Charter Boat
3186415,2019,11226,Food Fish/Crustacea Dealer/Shipper
3186515,2019,11228,Food Fish/Crustacea Dealer/Shipper
3186575,2019,2531,Party/Charter Boat
3186675,2019,11230,Food Fish/Crustacea Dealer/Shipper
3186695,2019,201667,Food Fish Landing
3186717,2019,465,Gill Net - Resident
3186755,2019,11231,Food Fish/Crustacea Dealer/Shipper
3186795,2019,2532,Party/Charter Boat
3186875,2019,1326,Marine Bait
3186875,2019,3050,Food Fish - Resident
3186875,2019,3398,Lobster - Resident
3186897,2019,467,Gill Net - Resident
3186955,2019,468,Gill Net - Resident
3186955,2019,585,Scoop Dip Scap up to 10 ft sq
3187035,2019,100,Eel Pots - Resident
3187035,2019,470,Gill Net - Resident
3187157,2019,201686,Food Fish Landing
3187215,2019,5640,Food Fish - Resident
3187235,2019,11235,Food Fish/Crustacea Dealer/Shipper
3187237,2019,4066,Horseshoe Crab - Resident
3187237,2019,4066,Crab - Resident
3187261,2019,2535,Party/Charter Boat
3187261,2019,2600,Party/Charter Boat
3187315,2019,2536,Party/Charter Boat
3187357,2019,2538,Party/Charter Boat
3187359,2019,471,Gill Net - Resident
3187395,2019,11234,Food Fish/Crustacea Dealer/Shipper
3187415,2019,2540,Party/Charter Boat
3187435,2019,2541,Party/Charter Boat
3187457,2019,2542,Party/Charter Boat
3187477,2019,2544,Party/Charter Boat
3187487,2019,2545,Party/Charter Boat
3187487,2019,2546,Party/Charter Boat
3187489,2019,11236,Food Fish/Crustacea Dealer/Shipper
3187495,2019,2547,Party/Charter Boat
3187537,2019,473,Gill Net - Resident
3187539,2019,474,Gill Net - Resident
3187543,2019,2549,Party/Charter Boat
3187595,2019,421,Lobster - Resident
3187595,2019,424,Horseshoe Crab - Resident
3187595,2019,424,Crab - Resident
3187595,2019,998,Food Fish - Resident
3187656,2019,2550,Party/Charter Boat
3187658,2019,2551,Party/Charter Boat
3187696,2019,574,Scoop Dip Scap up to 10 ft sq
3187737,2019,476,Gill Net - Resident
3187755,2019,11237,Food Fish/Crustacea Dealer/Shipper
3187775,2019,2553,Party/Charter Boat
3187777,2019,201669,Food Fish Landing
3187777,2019,2554,Party/Charter Boat
3187779,2019,2555,Party/Charter Boat
3187835,2019,216,Horseshoe Crab - Resident
3187835,2019,216,Crab - Resident
3187835,2019,342,Food Fish - Resident
3187855,2019,1303,Lobster - NR
3188057,2019,477,Gill Net - Resident
3188115,2019,3790,Food Fish - Resident
3188137,2019,11241,Food Fish/Crustacea Dealer/Shipper
3188197,2019,2565,Party/Charter Boat
3188315,2019,201670,Food Fish Landing
3188359,2019,2568,Party/Charter Boat
3188462,2019,11243,Food Fish/Crustacea Dealer/Shipper
3188477,2019,3074,Food Fish - Resident
3188556,2019,2569,Party/Charter Boat
3188597,2019,10854,Food Fish/Crustacea Dealer/Shipper
3188675,2019,2573,Party/Charter Boat
3188735,2019,2619,Party/Charter Boat
3188737,2019,201671,Food Fish Landing
3188837,2019,1735,Food Fish - Resident
3188916,2019,11246,Food Fish/Crustacea Dealer/Shipper
3189019,2019,2575,Party/Charter Boat
3189035,2019,11250,Food Fish/Crustacea Dealer/Shipper
3189075,2019,2576,Party/Charter Boat
3189095,2019,2577,Party/Charter Boat
3189277,2019,2580,Party/Charter Boat
3189277,2019,2664,Party/Charter Boat
3189277,2019,2681,Party/Charter Boat
3189495,2019,11293,Food Fish/Crustacea Dealer/Shipper
3189535,2019,3033,Food Fish - Resident
3189555,2019,11253,Food Fish/Crustacea Dealer/Shipper
3189557,2019,2582,Party/Charter Boat
3189559,2019,11254,Food Fish/Crustacea Dealer/Shipper
3189577,2019,11256,Food Fish/Crustacea Dealer/Shipper
3190255,2019,2584,Party/Charter Boat
3190395,2019,11261,Food Fish/Crustacea Dealer/Shipper
3190495,2019,11263,Food Fish/Crustacea Dealer/Shipper
3190560,2019,2040,Horseshoe Crab - Resident
3190560,2019,2040,Crab - Resident
3190560,2019,5586,Food Fish - Resident
3190575,2019,11266,Food Fish/Crustacea Dealer/Shipper
3190616,2019,117,Food Fish - Resident
3190616,2019,52,Lobster - Resident
3190616,2019,88,Crab - Resident
3190655,2019,11267,Food Fish/Crustacea Dealer/Shipper
3190735,2019,2586,Party/Charter Boat
3190740,2019,2587,Party/Charter Boat
3190741,2019,2588,Party/Charter Boat
3190839,2019,576,Scoop Dip Scap up to 10 ft sq
3190841,2019,577,Scoop Dip Scap up to 10 ft sq
3190878,2019,5641,Food Fish - Resident
3190975,2019,1312,Marine Bait
3191001,2019,480,Gill Net - Resident
3191115,2019,11272,Food Fish/Crustacea Dealer/Shipper
3191137,2019,2590,Party/Charter Boat
3191155,2019,481,Gill Net - Resident
3191195,2019,2591,Party/Charter Boat
3191215,2019,103,Eel Pots - Resident
3191297,2019,484,Gill Net - Resident
3191297,2019,579,Scoop Dip Scap up to 10 ft sq
3191335,2019,2593,Party/Charter Boat
3191342,2019,11274,Food Fish/Crustacea Dealer/Shipper
3191355,2019,486,Gill Net - Resident
3191460,2019,488,Gill Net - Resident
3191475,2019,1084,Lobster Landing
3191495,2019,2596,Party/Charter Boat
3191515,2019,11275,Food Fish/Crustacea Dealer/Shipper
3191555,2019,11276,Food Fish/Crustacea Dealer/Shipper
3191615,2019,2597,Party/Charter Boat
3191697,2019,2598,Party/Charter Boat
3191736,2019,490,Gill Net - Resident
3191738,2019,584,Scoop Dip Scap up to 10 ft sq
3191835,2019,491,Gill Net - Resident
3191856,2019,11278,Food Fish/Crustacea Dealer/Shipper
3191895,2019,2599,Party/Charter Boat
3191915,2019,494,Gill Net - Resident
3191915,2019,586,Scoop Dip Scap up to 10 ft sq
3191915,2019,59,Seine
3191995,2019,492,Gill Net - Resident
3192135,2019,2603,Party/Charter Boat
3192195,2019,2604,Party/Charter Boat
3192195,2019,2605,Party/Charter Boat
3192215,2019,11279,Food Fish/Crustacea Dealer/Shipper
3192217,2019,2606,Party/Charter Boat
3192234,2019,493,Gill Net - Resident
3192355,2019,2608,Party/Charter Boat
3192415,2019,2612,Party/Charter Boat
3192415,2019,2613,Party/Charter Boat
3192435,2019,2614,Party/Charter Boat
3192456,2019,2615,Party/Charter Boat
3192475,2019,2616,Party/Charter Boat
3192495,2019,11281,Food Fish/Crustacea Dealer/Shipper
3192515,2019,2617,Party/Charter Boat
3192635,2019,11283,Food Fish/Crustacea Dealer/Shipper
3192735,2019,2620,Party/Charter Boat
3192757,2019,2621,Party/Charter Boat
3192815,2019,2623,Party/Charter Boat
3192935,2019,616,Food Fish - Resident
3193035,2019,1221,Menhaden Purse Seine 30 GT or less
3193056,2019,201678,Food Fish Landing
3193056,2019,2625,Party/Charter Boat
3193075,2019,201679,Food Fish Landing
3193075,2019,2626,Party/Charter Boat
3193275,2019,2627,Party/Charter Boat
3193295,2019,101351,Food Fish - NR
3193295,2019,101351,Alternate Vessel
3193355,2019,11284,Food Fish/Crustacea Dealer/Shipper
3193395,2019,11285,Food Fish/Crustacea Dealer/Shipper
3193498,2019,11286,Food Fish/Crustacea Dealer/Shipper
3193498,2019,2629,Party/Charter Boat
3193555,2019,2630,Party/Charter Boat
3193737,2019,1318,Marine Bait
3193855,2019,2632,Party/Charter Boat
3193955,2019,2633,Party/Charter Boat
3193975,2019,2634,Party/Charter Boat
3194015,2019,2635,Party/Charter Boat
3194235,2019,1319,Marine Bait
3194315,2019,201680,Food Fish Landing
3194475,2019,11287,Food Fish/Crustacea Dealer/Shipper
3194675,2019,1085,Lobster Landing
3195255,2019,11289,Food Fish/Crustacea Dealer/Shipper
3195257,2019,1320,Marine Bait
3195577,2019,1050,Lobster Bait Gill Net
3195577,2019,1181,Whelk - Resident
3195577,2019,3953,Horseshoe Crab - Resident
3195577,2019,3953,Crab - Resident
3195577,2019,443,Lobster - Resident
3195577,2019,5481,Food Fish - Resident
3195775,2019,11291,Food Fish/Crustacea Dealer/Shipper
3195875,2019,1458,Food Fish - Resident
3195975,2019,1321,Marine Bait
3196015,2019,201682,Food Fish Landing
3196055,2019,11292,Food Fish/Crustacea Dealer/Shipper
3196077,2019,11133,Food Fish/Crustacea Dealer/Shipper
3196135,2019,1044,Whelk - Resident
3196135,2019,300,Horseshoe Crab - Resident
3196135,2019,300,Crab - Resident
3196135,2019,618,Food Fish - Resident
3196195,2019,11294,Food Fish/Crustacea Dealer/Shipper
3196255,2019,11295,Food Fish/Crustacea Dealer/Shipper
3196355,2019,5656,Food Fish - Resident
3196375,2019,2639,Party/Charter Boat
3196417,2019,11297,Food Fish/Crustacea Dealer/Shipper
3196435,2019,495,Gill Net - Resident
3196455,2019,11298,Food Fish/Crustacea Dealer/Shipper
3196475,2019,11299,Food Fish/Crustacea Dealer/Shipper
3196537,2019,2640,Party/Charter Boat
3196555,2019,2641,Party/Charter Boat
3196595,2019,11300,Food Fish/Crustacea Dealer/Shipper
3196655,2019,2642,Party/Charter Boat
3196695,2019,11301,Food Fish/Crustacea Dealer/Shipper
3196716,2019,2643,Party/Charter Boat
3196717,2019,1324,Marine Bait
3196855,2019,11302,Food Fish/Crustacea Dealer/Shipper
3196876,2019,3243,Food Fish - Resident
3196955,2019,496,Gill Net - Resident
3196957,2019,497,Gill Net - Resident
3197055,2019,2646,Party/Charter Boat
3197115,2019,11304,Food Fish/Crustacea Dealer/Shipper
3197155,2019,2648,Party/Charter Boat
3197235,2019,11305,Food Fish/Crustacea Dealer/Shipper
3197315,2019,498,Gill Net - Resident
3197376,2019,2650,Party/Charter Boat
3197535,2019,499,Gill Net - Resident
3197558,2019,1325,Marine Bait
3197635,2019,500,Gill Net - Resident
3197635,2019,60,Seine
3197637,2019,509,Gill Net - NR
3197639,2019,61,Seine
3197655,2019,2157,Horseshoe Crab - Resident
3197655,2019,2157,Crab - Resident
3197655,2019,2280,Lobster - Resident
3197655,2019,743,Food Fish - Resident
3197659,2019,2651,Party/Charter Boat
3197695,2019,589,Scoop Dip Scap up to 10 ft sq
3197697,2019,501,Gill Net - Resident
3197699,2019,502,Gill Net - Resident
3197755,2019,2576,Party/Charter Boat
3197757,2019,2652,Party/Charter Boat
3197795,2019,2653,Party/Charter Boat
3197835,2019,2654,Party/Charter Boat
3197855,2019,2655,Party/Charter Boat
3197875,2019,2656,Party/Charter Boat
3197875,2019,2657,Party/Charter Boat
3197877,2019,590,Scoop Dip Scap up to 10 ft sq
3197895,2019,2659,Party/Charter Boat
3197917,2019,503,Gill Net - Resident
3197936,2019,2660,Party/Charter Boat
3197975,2019,2661,Party/Charter Boat
3197995,2019,2662,Party/Charter Boat
3198015,2019,2663,Party/Charter Boat
3198035,2019,104,Eel Pots - Resident
3198035,2019,591,Scoop Dip Scap up to 10 ft sq
3198055,2019,504,Gill Net - Resident
3198076,2019,2665,Party/Charter Boat
3198155,2019,2666,Party/Charter Boat
3198155,2019,2667,Party/Charter Boat
3198175,2019,2664,Party/Charter Boat
3198235,2019,201684,Food Fish Landing
3198295,2019,102547,Food Fish - NR
3198299,2019,505,Gill Net - Resident
3198299,2019,592,Scoop Dip Scap up to 10 ft sq
3198315,2019,5651,Food Fish - Resident
3198335,2019,1065,Lobster Landing
3198335,2019,215,Food Fish - Resident
3198335,2019,215,Alternate Vessel
3198395,2019,11307,Food Fish/Crustacea Dealer/Shipper
3198398,2019,5650,Food Fish - Resident
3198415,2019,5652,Food Fish - Resident
3198417,2019,5653,Food Fish - Resident
3198515,2019,4075,Horseshoe Crab - Resident
3198515,2019,4075,Crab - Resident
3198535,2019,2669,Party/Charter Boat
3198555,2019,2670,Party/Charter Boat
3198575,2019,2671,Party/Charter Boat
3198595,2019,5461,Food Fish - Resident
3198601,2019,11308,Food Fish/Crustacea Dealer/Shipper
3198603,2019,11309,Food Fish/Crustacea Dealer/Shipper
3198615,2019,2672,Party/Charter Boat
3198617,2019,506,Gill Net - Resident
3198619,2019,2673,Party/Charter Boat
3198623,2019,2674,Party/Charter Boat
3198635,2019,11310,Food Fish/Crustacea Dealer/Shipper
3198637,2019,5658,Food Fish - Resident
3198655,2019,11311,Food Fish/Crustacea Dealer/Shipper
3198658,2019,2675,Party/Charter Boat
3198660,2019,1079,Food Fish - Resident
3198662,2019,2676,Party/Charter Boat
3198664,2019,2677,Party/Charter Boat
3198675,2019,2679,Party/Charter Boat
3198675,2019,2680,Party/Charter Boat
3198677,2019,11312,Food Fish/Crustacea Dealer/Shipper
3198699,2019,2682,Party/Charter Boat
3198701,2019,11313,Food Fish/Crustacea Dealer/Shipper
3198703,2019,507,Gill Net - Resident
3198735,2019,2683,Party/Charter Boat
3198760,2019,11314,Food Fish/Crustacea Dealer/Shipper
3198775,2019,11315,Food Fish/Crustacea Dealer/Shipper
3198795,2019,1255,Whelk - Resident
3198795,2019,2054,Horseshoe Crab - Resident
3198795,2019,2054,Crab - Resident
3198795,2019,22,Food Fish - Resident
3198795,2019,8,Lobster - Resident
3198835,2019,5633,Food Fish - Resident
3198837,2019,101336,Food Fish - NR
3198875,2019,2684,Party/Charter Boat
3198917,2019,201685,Food Fish Landing
3198919,2019,11316,Food Fish/Crustacea Dealer/Shipper
3198935,2019,2686,Party/Charter Boat
3198955,2019,2687,Party/Charter Boat
3198979,2019,1327,Marine Bait
3198995,2019,2688,Party/Charter Boat
3198997,2019,11318,Food Fish/Crustacea Dealer/Shipper
3199036,2019,11319,Food Fish/Crustacea Dealer/Shipper
3199038,2019,11320,Food Fish/Crustacea Dealer/Shipper
3199057,2019,2689,Party/Charter Boat
3199115,2019,2691,Party/Charter Boat
3199137,2019,2692,Party/Charter Boat
3199137,2019,2693,Party/Charter Boat
3199155,2019,2694,Party/Charter Boat
3199198,2019,11322,Food Fish/Crustacea Dealer/Shipper
3199575,2019,2696,Party/Charter Boat
3199599,2019,11323,Food Fish/Crustacea Dealer/Shipper
3199655,2019,11324,Food Fish/Crustacea Dealer/Shipper
3199695,2019,2968,Food Fish - Resident
3199715,2019,11325,Food Fish/Crustacea Dealer/Shipper
3199995,2019,2698,Party/Charter Boat
3200015,2019,1186,Whelk - Resident
3200015,2019,2630,Horseshoe Crab - Resident
3200015,2019,2630,Crab - Resident
3200095,2019,201687,Food Fish Landing
3200135,2019,296,Food Fish - Resident
3200195,2019,2699,Party/Charter Boat
3200257,2019,2700,Party/Charter Boat
320035,2019,68,Party/Charter Boat
320036,2019,10654,Food Fish/Crustacea Dealer/Shipper
320036,2019,1407,Whelk - Resident
320036,2019,3937,Horseshoe Crab - Resident
320036,2019,3937,Crab - Resident
320036,2019,5459,Food Fish - Resident
320037,2019,11195,Food Fish/Crustacea Dealer/Shipper
320037,2019,9,Marine Bait
3200398,2019,2701,Party/Charter Boat
320042,2019,10644,Food Fish/Crustacea Dealer/Shipper
320042,2019,20,Marine Bait
3200455,2019,11326,Food Fish/Crustacea Dealer/Shipper
3200575,2019,2703,Party/Charter Boat
3200635,2019,2704,Party/Charter Boat
3200795,2019,11327,Food Fish/Crustacea Dealer/Shipper
3200854,2019,11328,Food Fish/Crustacea Dealer/Shipper
3200895,2019,3763,Food Fish - Resident
3200918,2019,2705,Party/Charter Boat
3201136,2019,5595,Food Fish - Resident
3201155,2019,2707,Party/Charter Boat
3201215,2019,3268,Food Fish - Resident
3201315,2019,11329,Food Fish/Crustacea Dealer/Shipper
3201375,2019,2708,Party/Charter Boat
3201436,2019,2709,Party/Charter Boat
3201475,2019,201689,Food Fish Landing
3201556,2019,11331,Food Fish/Crustacea Dealer/Shipper
3201655,2019,3514,Food Fish - Resident
3201755,2019,11332,Food Fish/Crustacea Dealer/Shipper
3201795,2019,1803,Horseshoe Crab - Resident
3201795,2019,1803,Crab - Resident
3201795,2019,3350,Food Fish - Resident
3201795,2019,416,Lobster - Resident
3201896,2019,147,Food Fish - Resident
390042,2019,5377,Food Fish - Resident
390048,2019,1492,Party/Charter Boat
390048,2019,1928,Party/Charter Boat
400045,2019,1002,Whelk - NR
400045,2019,1349,Crab - NR
40005,2019,103,Party/Charter Boat
40005,2019,551,Food Fish - Resident
40039,2019,1023,Food Fish - Resident
40048,2019,2104,Food Fish - Resident
40051,2019,1058,Lobster Landing
40051,2019,1134,Whelk - Resident
40051,2019,2581,Crab - Resident
40051,2019,4008,Food Fish - Resident
40081,2019,3388,Food Fish - Resident
40103,2019,1247,Whelk - Resident
40103,2019,2105,Lobster - Resident
40103,2019,2239,Horseshoe Crab - Resident
40103,2019,2239,Crab - Resident
40103,2019,3774,Food Fish - Resident
40104,2019,1083,Whelk - Resident
40104,2019,2282,Horseshoe Crab - Resident
40104,2019,2282,Crab - Resident
40104,2019,352,Lobster - Resident
40104,2019,4329,Food Fish - Resident
40108,2019,1353,Whelk - Resident
40108,2019,1813,Horseshoe Crab - Resident
40108,2019,1813,Crab - Resident
40108,2019,2882,Food Fish - Resident
40108,2019,523,Lobster - Resident
40113,2019,4276,Food Fish - Resident
40119,2019,1137,Whelk - Resident
40119,2019,30,Lobster - Resident
40119,2019,32,Food Fish - Resident
40120,2019,1151,Lobster - Resident
40120,2019,1384,Whelk - Resident
40120,2019,4038,Horseshoe Crab - Resident
40120,2019,4038,Crab - Resident
40120,2019,964,Food Fish - Resident
40144,2019,2612,Food Fish - Resident
40145,2019,3880,Food Fish - Resident
40157,2019,1802,Crab - Resident
40157,2019,253,Food Fish - Resident
40157,2019,7465,Lobster - Resident
40158,2019,1059,Lobster Landing
40158,2019,11100,Food Fish/Crustacea Dealer/Shipper
40158,2019,1389,Whelk - Resident
40158,2019,3992,Horseshoe Crab - Resident
40158,2019,3992,Crab - Resident
40158,2019,5516,Food Fish - Resident
40162,2019,303,Crab - NR
40164,2019,101487,Food Fish - NR
40164,2019,306,Crab - NR
40166,2019,4321,Food Fish - Resident
40175,2019,101,Food Fish - Resident
40175,2019,156,Horseshoe Crab - Resident
40175,2019,156,Crab - Resident
40183,2019,1862,Party/Charter Boat
40189,2019,1525,Party/Charter Boat
40189,2019,3177,Food Fish - Resident
40194,2019,2887,Food Fish - Resident
40200,2019,11238,Food Fish/Crustacea Dealer/Shipper
40200,2019,23,Marine Bait
40202,2019,1237,Food Fish - Resident
40202,2019,1401,Whelk - Resident
40202,2019,5162,Lobster - Resident
40221,2019,1335,Whelk - Resident
40221,2019,3889,Horseshoe Crab - Resident
40221,2019,3889,Crab - Resident
40221,2019,5408,Food Fish - Resident
40221,2019,9,Lobster - Resident
40227,2019,2496,Lobster - Resident
40227,2019,3112,Food Fish - Resident
40227,2019,826,Crab - Resident
40241,2019,209,Party/Charter Boat
40243,2019,5489,Lobster - Resident
40243,2019,993,Food Fish - Resident
40247,2019,1386,Whelk - Resident
40247,2019,3957,Horseshoe Crab - Resident
40247,2019,3957,Crab - Resident
40262,2019,242,Food Fish - Resident
40262,2019,6,Party/Charter Boat
40289,2019,1308,Whelk - Resident
40289,2019,2456,Horseshoe Crab - Resident
40289,2019,2456,Crab - Resident
40289,2019,3064,Food Fish - Resident
40289,2019,5322,Lobster - Resident
40289,2019,5322,Lobster Bait Gill Net
40290,2019,369,Horseshoe Crab - Resident
40290,2019,369,Crab - Resident
40290,2019,805,Food Fish - Resident
40295,2019,1633,Horseshoe Crab - Resident
40295,2019,1633,Crab - Resident
40295,2019,3109,Food Fish - Resident
40303,2019,323,Food Fish - Resident
40311,2019,1023,Whelk - Resident
40311,2019,231,Lobster - Resident
40311,2019,2383,Horseshoe Crab - Resident
40311,2019,2383,Crab - Resident
40311,2019,2568,Food Fish - Resident
40312,2019,1157,Whelk - Resident
40312,2019,2562,Food Fish - Resident
40312,2019,2657,Horseshoe Crab - Resident
40312,2019,2657,Crab - Resident
40312,2019,5448,Lobster - Resident
40320,2019,2115,Horseshoe Crab - Resident
40320,2019,2115,Crab - Resident
40320,2019,3661,Food Fish - Resident
40337,2019,1191,Whelk - Resident
40337,2019,4112,Food Fish - Resident
40337,2019,52,Horseshoe Crab - Resident
40337,2019,52,Crab - Resident
40339,2019,3548,Food Fish - Resident
40342,2019,1153,Whelk - Resident
40342,2019,142,Crab - Resident
40342,2019,364,Lobster - Resident
40342,2019,55,Food Fish - Resident
40347,2019,182,Food Fish - Resident
40354,2019,3394,Food Fish - Resident
40361,2019,1129,Whelk - Resident
40361,2019,2829,Horseshoe Crab - Resident
40361,2019,2829,Crab - Resident
40361,2019,4273,Food Fish - Resident
40372,2019,1370,Whelk - Resident
40372,2019,5457,Food Fish - Resident
40372,2019,930,Lobster - Resident
40377,2019,1888,Food Fish - Resident
40381,2019,142,Food Fish - Resident
40381,2019,252,Lobster - Resident
40383,2019,134,Horseshoe Crab - Resident
40383,2019,134,Crab - Resident
40383,2019,327,Food Fish - Resident
40394,2019,9186,Lobster - Resident
40395,2019,1025,Whelk - Resident
40395,2019,195,Horseshoe Crab - Resident
40395,2019,195,Crab - Resident
40395,2019,251,Food Fish - Resident
40395,2019,5256,Lobster - Resident
40399,2019,1372,Whelk - Resident
40399,2019,3936,Horseshoe Crab - Resident
40399,2019,3936,Crab - Resident
40399,2019,5458,Food Fish - Resident
40414,2019,1190,Whelk - Resident
40414,2019,49,Food Fish - Resident
40415,2019,480,Food Fish - Resident
40415,2019,5382,Lobster - Resident
40438,2019,2167,Food Fish - Resident
40439,2019,1487,Lobster - Resident
40439,2019,2166,Food Fish - Resident
40452,2019,101463,Food Fish - NR
40471,2019,5502,Lobster - Resident
40477,2019,2545,Lobster - Resident
40492,2019,2299,Horseshoe Crab - Resident
40492,2019,2299,Crab - Resident
40492,2019,3114,Food Fish - Resident
40494,2019,1332,Whelk - Resident
40494,2019,4003,Horseshoe Crab - Resident
40494,2019,4003,Crab - Resident
40494,2019,418,Food Fish - Resident
40494,2019,5373,Lobster - Resident
40494,2019,5373,Lobster Bait Gill Net
40499,2019,235,Party/Charter Boat
40500,2019,2011,Food Fish - Resident
40500,2019,911,Crab - Resident
40512,2019,1043,Food Fish - Resident
40512,2019,1554,Horseshoe Crab - Resident
40512,2019,1554,Crab - Resident
40512,2019,3858,Lobster - Resident
40513,2019,403,Party/Charter Boat
40513,2019,468,Party/Charter Boat
40527,2019,3448,Food Fish - Resident
40537,2019,1118,Whelk - Resident
40537,2019,1182,Lobster - Resident
40537,2019,2009,Horseshoe Crab - Resident
40537,2019,2009,Crab - Resident
40537,2019,2504,Food Fish - Resident
40544,2019,11196,Food Fish/Crustacea Dealer/Shipper
40544,2019,1385,Whelk - Resident
40544,2019,2813,Horseshoe Crab - Resident
40544,2019,2813,Crab - Resident
40544,2019,4309,Food Fish - Resident
40549,2019,3896,Horseshoe Crab - Resident
40549,2019,3896,Crab - Resident
40549,2019,5414,Food Fish - Resident
40561,2019,10539,Food Fish/Crustacea Dealer/Shipper
40561,2019,1422,Whelk - Resident
40561,2019,2843,Food Fish - Resident
40561,2019,2987,Lobster - Resident
40561,2019,2987,Lobster Bait Gill Net
40561,2019,4050,Horseshoe Crab - Resident
40561,2019,4050,Crab - Resident
40569,2019,2338,Food Fish - Resident
40581,2019,1591,Food Fish - Resident
40581,2019,580,Horseshoe Crab - Resident
40581,2019,580,Crab - Resident
40586,2019,317,Horseshoe Crab - NR
40586,2019,317,Crab - NR
40598,2019,146,Menhaden Purse Seine 30 GT or less
40598,2019,21,Party/Charter Boat
40598,2019,254,Horseshoe Crab - Resident
40598,2019,254,Crab - Resident
40598,2019,470,Food Fish - Resident
40613,2019,553,Food Fish - Resident
40617,2019,1160,Whelk - Resident
40617,2019,2458,Horseshoe Crab - Resident
40617,2019,2458,Crab - Resident
40617,2019,5665,Lobster - Resident
40617,2019,594,Food Fish - Resident
40643,2019,1087,Whelk - Resident
40643,2019,1837,Crab - Resident
40643,2019,3380,Food Fish - Resident
40649,2019,1026,Whelk - Resident
40649,2019,2820,Food Fish - Resident
40649,2019,9,Horseshoe Crab - Resident
40649,2019,9,Crab - Resident
40657,2019,2443,Horseshoe Crab - Resident
40657,2019,2443,Crab - Resident
40662,2019,200213,Food Fish Landing
40662,2019,9003,Lobster - NR
40677,2019,1306,Whelk - Resident
40687,2019,1219,Whelk - Resident
40687,2019,2248,Party/Charter Boat
40687,2019,2384,Lobster - Resident
40687,2019,2922,Food Fish - Resident
40687,2019,3949,Crab - Resident
40697,2019,102540,Food Fish - NR
40699,2019,3050,Food Fish - Resident
40699,2019,3398,Lobster - Resident
40704,2019,1952,Food Fish - Resident
40704,2019,3,Party/Charter Boat
40706,2019,3527,Food Fish - Resident
40709,2019,1220,Horseshoe Crab - Resident
40709,2019,1220,Crab - Resident
40709,2019,2493,Food Fish - Resident
40710,2019,2345,Horseshoe Crab - Resident
40710,2019,2345,Crab - Resident
40710,2019,2898,Food Fish - Resident
40713,2019,34,Horseshoe Crab - Resident
40713,2019,34,Crab - Resident
40713,2019,3777,Food Fish - Resident
40730,2019,1390,Whelk - Resident
40743,2019,1106,Whelk - Resident
40743,2019,1763,Food Fish - Resident
40743,2019,2487,Lobster - Resident
40743,2019,731,Horseshoe Crab - Resident
40743,2019,731,Crab - Resident
40775,2019,2732,Food Fish - Resident
40787,2019,2027,Party/Charter Boat
40787,2019,2589,Party/Charter Boat
40787,2019,2662,Food Fish - Resident
40793,2019,10835,Food Fish/Crustacea Dealer/Shipper
40793,2019,1219,Menhaden Purse Seine 30 GT or less
40793,2019,2027,Horseshoe Crab - Resident
40793,2019,2027,Crab - Resident
40793,2019,3618,Food Fish - Resident
40803,2019,101326,Food Fish - NR
40813,2019,1801,Party/Charter Boat
40813,2019,3159,Food Fish - Resident
40813,2019,4074,Horseshoe Crab - Resident
40813,2019,4074,Crab - Resident
40819,2019,1469,Food Fish - Resident
40830,2019,1338,Horseshoe Crab - Resident
40830,2019,1338,Crab - Resident
40830,2019,2663,Food Fish - Resident
40832,2019,240,Party/Charter Boat
40832,2019,2690,Party/Charter Boat
40832,2019,5625,Food Fish - Resident
40836,2019,1796,Food Fish - Resident
40836,2019,5598,Lobster - Resident
40836,2019,743,Crab - Resident
40857,2019,351,Food Fish - Resident
40857,2019,425,Lobster - Resident
40857,2019,613,Crab - Resident
40864,2019,2161,Food Fish - Resident
40876,2019,1270,Crab - Resident
40880,2019,2672,Food Fish - Resident
40895,2019,3359,Food Fish - Resident
40896,2019,3189,Food Fish - Resident
40903,2019,2729,Food Fish - Resident
40904,2019,119,Food Fish - Resident
40904,2019,1545,Horseshoe Crab - Resident
40904,2019,1545,Crab - Resident
40904,2019,319,Lobster - Resident
40932,2019,478,Food Fish - Resident
40939,2019,3164,Food Fish - Resident
40950,2019,1063,Lobster - Resident
40950,2019,2096,Horseshoe Crab - Resident
40950,2019,2096,Crab - Resident
40950,2019,3316,Food Fish - Resident
40957,2019,101323,Food Fish - NR
40957,2019,310,Horseshoe Crab - NR
40957,2019,310,Crab - NR
40959,2019,101503,Food Fish - NR
40966,2019,2518,Food Fish - Resident
40981,2019,1126,Whelk - Resident
40981,2019,2076,Horseshoe Crab - Resident
40981,2019,2076,Crab - Resident
40981,2019,656,Food Fish - Resident
40983,2019,1028,Whelk - Resident
40983,2019,146,Horseshoe Crab - Resident
40983,2019,146,Crab - Resident
40983,2019,5285,Lobster - Resident
40983,2019,63,Food Fish - Resident
40990,2019,1005,Food Fish - Resident
40992,2019,9166,Food Fish/Crustacea Dealer/Shipper
410045,2019,3845,Horseshoe Crab - Resident
410045,2019,3845,Crab - Resident
410045,2019,5378,Food Fish - Resident
41022,2019,201,Party/Charter Boat
41022,2019,5392,Food Fish - Resident
41029,2019,2124,Food Fish - Resident
41029,2019,928,Lobster - Resident
41033,2019,10450,Food Fish/Crustacea Dealer/Shipper
41033,2019,1187,Whelk - Resident
41033,2019,122,Food Fish - Resident
41033,2019,163,Horseshoe Crab - Resident
41033,2019,163,Crab - Resident
41033,2019,5292,Lobster - Resident
41049,2019,3873,Food Fish - Resident
41050,2019,4047,Horseshoe Crab - Resident
41050,2019,4047,Crab - Resident
41050,2019,410,Food Fish - Resident
41064,2019,1288,Whelk - Resident
41064,2019,1346,Food Fish - Resident
41064,2019,5567,Lobster - Resident
41067,2019,1686,Party/Charter Boat
41067,2019,3429,Food Fish - Resident
41105,2019,2199,Horseshoe Crab - Resident
41105,2019,2199,Crab - Resident
41105,2019,3732,Food Fish - Resident
41112,2019,1006,Whelk - Resident
41112,2019,11321,Food Fish/Crustacea Dealer/Shipper
41112,2019,1500,Lobster - Resident
41112,2019,1547,Horseshoe Crab - Resident
41112,2019,1547,Crab - Resident
41112,2019,2991,Food Fish - Resident
41118,2019,1395,Whelk - Resident
41118,2019,3847,Crab - Resident
41118,2019,4362,Food Fish - Resident
41118,2019,553,Lobster - Resident
41118,2019,553,Lobster Bait Gill Net
41123,2019,1606,Food Fish - Resident
41181,2019,1224,Whelk - Resident
41182,2019,29,Food Fish - Resident
41182,2019,642,Lobster - Resident
41187,2019,1331,Whelk - Resident
41187,2019,1867,Horseshoe Crab - Resident
41187,2019,1867,Crab - Resident
41187,2019,3424,Food Fish - Resident
41187,2019,952,Lobster - Resident
41189,2019,1408,Food Fish - Resident
41189,2019,207,Party/Charter Boat
41197,2019,3598,Food Fish - Resident
41217,2019,2,Whelk - Resident
41217,2019,3981,Horseshoe Crab - Resident
41217,2019,3981,Crab - Resident
41217,2019,5100,Lobster - Resident
41217,2019,5100,Lobster Bait Gill Net
41217,2019,520,Food Fish - Resident
41225,2019,2628,Party/Charter Boat
41229,2019,124,Horseshoe Crab - Resident
41229,2019,124,Crab - Resident
41229,2019,34,Food Fish - Resident
41233,2019,2015,Horseshoe Crab - Resident
41233,2019,2015,Crab - Resident
41258,2019,1069,Food Fish - Resident
41258,2019,1979,Lobster - Resident
41258,2019,450,Crab - Resident
41263,2019,475,Horseshoe Crab - Resident
41263,2019,475,Crab - Resident
41263,2019,5588,Food Fish - Resident
41264,2019,1876,Food Fish - Resident
41264,2019,819,Horseshoe Crab - Resident
41264,2019,819,Crab - Resident
41266,2019,1203,Food Fish - Resident
41266,2019,4040,Horseshoe Crab - Resident
41266,2019,4040,Crab - Resident
41266,2019,5534,Lobster - Resident
41278,2019,1753,Crab - Resident
41278,2019,2144,Food Fish - Resident
41280,2019,1375,Whelk - Resident
41280,2019,2295,Horseshoe Crab - Resident
41280,2019,2295,Crab - Resident
41280,2019,3845,Food Fish - Resident
41283,2019,2227,Crab - Resident
41283,2019,2701,Food Fish - Resident
41283,2019,9329,Lobster - Resident
41287,2019,1540,Crab - Resident
41301,2019,95,Food Fish - Resident
41314,2019,1833,Horseshoe Crab - Resident
41314,2019,1833,Crab - Resident
41314,2019,3375,Food Fish - Resident
41314,2019,676,Lobster - Resident
41318,2019,1112,Whelk - Resident
41318,2019,295,Lobster - Resident
41318,2019,3893,Crab - Resident
41318,2019,586,Food Fish - Resident
41321,2019,2529,Horseshoe Crab - Resident
41321,2019,2529,Crab - Resident
41321,2019,3789,Food Fish - Resident
41329,2019,10777,Food Fish/Crustacea Dealer/Shipper
41329,2019,1414,Whelk - Resident
41329,2019,4028,Horseshoe Crab - Resident
41329,2019,4028,Crab - Resident
41329,2019,5576,Food Fish - Resident
41329,2019,73,Lobster - Resident
41333,2019,1029,Whelk - Resident
41333,2019,1553,Horseshoe Crab - Resident
41333,2019,1553,Crab - Resident
41333,2019,2586,Food Fish - Resident
41333,2019,5005,Lobster - Resident
41346,2019,3989,Horseshoe Crab - Resident
41346,2019,3989,Crab - Resident
41362,2019,3831,Horseshoe Crab - Resident
41362,2019,3831,Crab - Resident
41362,2019,4344,Food Fish - Resident
41365,2019,1899,Food Fish - Resident
41368,2019,3826,Crab - Resident
41384,2019,194,Party/Charter Boat
41387,2019,2596,Food Fish - Resident
41397,2019,1089,Food Fish - Resident
41449,2019,201499,Food Fish Landing
41457,2019,364,Food Fish - Resident
41469,2019,1678,Party/Charter Boat
41469,2019,3303,Food Fish - Resident
41470,2019,3533,Food Fish - Resident
41471,2019,267,Crab - NR
41472,2019,101493,Food Fish - NR
41472,2019,226,Horseshoe Crab - NR
41472,2019,226,Crab - NR
41473,2019,1053,Lobster - Resident
41473,2019,1100,Whelk - Resident
41473,2019,11061,Food Fish/Crustacea Dealer/Shipper
41473,2019,1524,Horseshoe Crab - Resident
41473,2019,1524,Crab - Resident
41473,2019,19,Marine Bait
41473,2019,2303,Food Fish - Resident
41475,2019,1103,Whelk - Resident
41475,2019,2966,Food Fish - Resident
41475,2019,3897,Horseshoe Crab - Resident
41475,2019,3897,Crab - Resident
41483,2019,210,Food Fish - Resident
41483,2019,5111,Lobster - Resident
41483,2019,5111,Lobster Bait Gill Net
41484,2019,2255,Crab - Resident
41484,2019,2308,Lobster - Resident
41484,2019,2308,Lobster Bait Gill Net
41484,2019,3794,Food Fish - Resident
41487,2019,3419,Food Fish - Resident
41492,2019,2351,Horseshoe Crab - Resident
41492,2019,2351,Crab - Resident
41507,2019,140,Food Fish - Resident
41507,2019,4072,Crab - Resident
41507,2019,548,Lobster - Resident
41507,2019,548,Lobster Bait Gill Net
41509,2019,1404,Whelk - Resident
41509,2019,1891,Lobster - Resident
41509,2019,1891,Lobster Bait Gill Net
41509,2019,3862,Horseshoe Crab - Resident
41509,2019,3862,Crab - Resident
41509,2019,4325,Food Fish - Resident
41510,2019,1984,Lobster - Resident
41510,2019,5654,Food Fish - Resident
41523,2019,2311,Party/Charter Boat
41532,2019,1047,Whelk - Resident
41532,2019,3921,Horseshoe Crab - Resident
41532,2019,3921,Crab - Resident
41532,2019,655,Lobster - Resident
41532,2019,655,Lobster Bait Gill Net
41532,2019,876,Food Fish - Resident
41537,2019,3760,Food Fish - Resident
41552,2019,245,Crab - NR
41569,2019,3400,Food Fish - Resident
41579,2019,1359,Whelk - Resident
41579,2019,1385,Food Fish - Resident
41579,2019,522,Horseshoe Crab - Resident
41579,2019,522,Crab - Resident
41579,2019,5575,Lobster - Resident
41579,2019,5575,Lobster Bait Gill Net
41585,2019,18,Crab - Resident
41585,2019,286,Gill Net - Resident
41601,2019,2444,Crab - Resident
41611,2019,2014,Food Fish - Resident
41611,2019,499,Lobster - Resident
41611,2019,913,Horseshoe Crab - Resident
41611,2019,913,Crab - Resident
41614,2019,605,Food Fish - Resident
41616,2019,1107,Whelk - Resident
41616,2019,130,Horseshoe Crab - Resident
41616,2019,130,Crab - Resident
41616,2019,39,Food Fish - Resident
41616,2019,5624,Lobster - Resident
41621,2019,20,Food Fish - Resident
41623,2019,2868,Food Fish - Resident
41624,2019,319,Party/Charter Boat
41639,2019,1427,Whelk - Resident
41639,2019,1895,Horseshoe Crab - Resident
41639,2019,1895,Crab - Resident
41639,2019,2869,Lobster - Resident
41639,2019,3191,Food Fish - Resident
41645,2019,1033,Whelk - Resident
41645,2019,11206,Food Fish/Crustacea Dealer/Shipper
41645,2019,149,Lobster - Resident
41645,2019,3835,Horseshoe Crab - Resident
41645,2019,3835,Crab - Resident
41645,2019,4319,Food Fish - Resident
41652,2019,1215,Whelk - Resident
41652,2019,1220,Menhaden Purse Seine 30 GT or less
41652,2019,17,Food Fish - Resident
41652,2019,5181,Lobster - Resident
41652,2019,675,Crab - Resident
41652,2019,9042,Food Fish/Crustacea Dealer/Shipper
41663,2019,101520,Food Fish - NR
41663,2019,327,Horseshoe Crab - NR
41663,2019,327,Crab - NR
41688,2019,451,Lobster - NR
41689,2019,9046,Lobster - NR
41691,2019,3481,Food Fish - Resident
41697,2019,2647,Horseshoe Crab - Resident
41697,2019,2647,Crab - Resident
41697,2019,5428,Food Fish - Resident
41714,2019,3820,Food Fish - Resident
41727,2019,1259,Food Fish - Resident
41728,2019,1143,Whelk - Resident
41728,2019,2147,Horseshoe Crab - Resident
41728,2019,2147,Crab - Resident
41728,2019,449,Food Fish - Resident
41729,2019,178,Food Fish - Resident
41729,2019,193,Party/Charter Boat
41738,2019,2441,Food Fish - Resident
41749,2019,1211,Whelk - Resident
41749,2019,1856,Food Fish - Resident
41749,2019,55,Horseshoe Crab - Resident
41749,2019,55,Crab - Resident
41754,2019,1428,Whelk - Resident
41754,2019,1698,Food Fish - Resident
41754,2019,5968,Lobster - Resident
41755,2019,2289,Food Fish - Resident
41755,2019,5705,Lobster - Resident
41755,2019,690,Crab - Resident
41765,2019,1150,Whelk - Resident
41765,2019,2560,Crab - Resident
41765,2019,3616,Food Fish - Resident
41773,2019,1276,Lobster - Resident
41773,2019,1542,Horseshoe Crab - Resident
41773,2019,1542,Crab - Resident
41773,2019,2984,Food Fish - Resident
41794,2019,1263,Whelk - Resident
41794,2019,2704,Food Fish - Resident
41794,2019,3959,Horseshoe Crab - Resident
41794,2019,3959,Crab - Resident
41813,2019,1275,Whelk - Resident
41813,2019,4114,Food Fish - Resident
41813,2019,909,Horseshoe Crab - Resident
41813,2019,909,Crab - Resident
41823,2019,1131,Whelk - Resident
41823,2019,1683,Food Fish - Resident
41823,2019,2472,Horseshoe Crab - Resident
41823,2019,2472,Crab - Resident
41831,2019,511,Food Fish - Resident
41847,2019,1406,Whelk - Resident
41847,2019,1574,Horseshoe Crab - Resident
41847,2019,1574,Crab - Resident
41847,2019,16,Food Fish - Resident
41847,2019,3300,Lobster - Resident
41852,2019,3735,Food Fish - Resident
41854,2019,2096,Food Fish - Resident
41854,2019,291,Party/Charter Boat
41861,2019,2479,Horseshoe Crab - Resident
41861,2019,2479,Crab - Resident
41900,2019,3468,Food Fish - Resident
41900,2019,3978,Horseshoe Crab - Resident
41900,2019,3978,Crab - Resident
41902,2019,904,Food Fish - Resident
41903,2019,1015,Whelk - Resident
41903,2019,1339,Horseshoe Crab - Resident
41903,2019,1339,Crab - Resident
41903,2019,2664,Food Fish - Resident
41907,2019,369,Food Fish - Resident
41907,2019,847,Lobster - Resident
41916,2019,10811,Food Fish/Crustacea Dealer/Shipper
41916,2019,2449,Party/Charter Boat
41916,2019,3834,Horseshoe Crab - Resident
41916,2019,3834,Crab - Resident
41916,2019,5369,Food Fish - Resident
41926,2019,1049,Horseshoe Crab - Resident
41926,2019,1049,Crab - Resident
41926,2019,2265,Food Fish - Resident
41926,2019,5900,Lobster - Resident
41929,2019,11270,Food Fish/Crustacea Dealer/Shipper
41929,2019,1413,Whelk - Resident
41929,2019,4000,Horseshoe Crab - Resident
41929,2019,4000,Crab - Resident
41929,2019,5510,Food Fish - Resident
41954,2019,1152,Crab - Resident
41954,2019,2388,Food Fish - Resident
41955,2019,3449,Food Fish - Resident
41959,2019,2937,Food Fish - Resident
41966,2019,202,Horseshoe Crab - Resident
41966,2019,202,Crab - Resident
41966,2019,388,Food Fish - Resident
41967,2019,1273,Horseshoe Crab - Resident
41967,2019,1273,Crab - Resident
41967,2019,2301,Lobster - Resident
41967,2019,2587,Food Fish - Resident
41970,2019,2298,Food Fish - Resident
41974,2019,114,Food Fish - Resident
41974,2019,1328,Whelk - Resident
41974,2019,1503,Horseshoe Crab - Resident
41974,2019,1503,Crab - Resident
41974,2019,3260,Lobster - Resident
41981,2019,1082,Horseshoe Crab - Resident
41981,2019,1082,Crab - Resident
41981,2019,2300,Food Fish - Resident
41984,2019,2989,Food Fish - Resident
41984,2019,9954,Lobster - Resident
41985,2019,1039,Whelk - Resident
41985,2019,1102,Lobster - Resident
41985,2019,2570,Food Fish - Resident
41985,2019,3852,Horseshoe Crab - Resident
41985,2019,3852,Crab - Resident
41991,2019,501,Food Fish - Resident
420043,2019,1495,Party/Charter Boat
42030,2019,1186,Whelk - Resident
42030,2019,201578,Food Fish Landing
42030,2019,2244,Party/Charter Boat
42030,2019,2630,Horseshoe Crab - Resident
42030,2019,2630,Crab - Resident
42035,2019,1675,Food Fish - Resident
42036,2019,1035,Whelk - Resident
42036,2019,1458,Lobster - Resident
42036,2019,2440,Food Fish - Resident
42036,2019,359,Horseshoe Crab - Resident
42036,2019,359,Crab - Resident
42039,2019,3178,Food Fish - Resident
42040,2019,9055,Lobster - NR
42049,2019,1201,Horseshoe Crab - Resident
42049,2019,1201,Crab - Resident
42049,2019,2466,Food Fish - Resident
42049,2019,469,Party/Charter Boat
42057,2019,1030,Whelk - Resident
42057,2019,2048,Horseshoe Crab - Resident
42057,2019,2048,Crab - Resident
42057,2019,473,Food Fish - Resident
42057,2019,757,Lobster - Resident
42058,2019,1297,Whelk - Resident
42058,2019,2095,Horseshoe Crab - Resident
42058,2019,2095,Crab - Resident
42058,2019,3649,Food Fish - Resident
42058,2019,57,Lobster - Resident
42086,2019,3810,Food Fish - Resident
42092,2019,1068,Lobster Landing
42092,2019,1412,Whelk - Resident
42092,2019,5505,Food Fish - Resident
42094,2019,2356,Food Fish - Resident
42094,2019,269,Party/Charter Boat
42103,2019,1776,Crab - Resident
42105,2019,2703,Horseshoe Crab - Resident
42105,2019,2703,Crab - Resident
42105,2019,4025,Food Fish - Resident
42117,2019,1500,Food Fish - Resident
42123,2019,1170,Whelk - Resident
42123,2019,3898,Horseshoe Crab - Resident
42123,2019,3898,Crab - Resident
42123,2019,5383,Food Fish - Resident
42123,2019,5787,Lobster - Resident
42123,2019,5787,Lobster Bait Gill Net
42129,2019,2199,Food Fish - Resident
42137,2019,2296,Food Fish - Resident
42137,2019,975,Lobster - Resident
42148,2019,1307,Whelk - Resident
42148,2019,2102,Horseshoe Crab - Resident
42148,2019,2102,Crab - Resident
42148,2019,2489,Food Fish - Resident
42153,2019,1119,Whelk - Resident
42153,2019,337,Horseshoe Crab - Resident
42153,2019,337,Crab - Resident
42153,2019,900,Lobster - Resident
42153,2019,932,Food Fish - Resident
42172,2019,1969,Crab - Resident
42172,2019,3558,Food Fish - Resident
42175,2019,1425,Whelk - Resident
42175,2019,4042,Horseshoe Crab - Resident
42175,2019,4042,Crab - Resident
42175,2019,5550,Food Fish - Resident
42204,2019,2543,Food Fish - Resident
42206,2019,300,Party/Charter Boat
42220,2019,1829,Lobster - Resident
42220,2019,3626,Food Fish - Resident
42222,2019,2024,Food Fish - Resident
42239,2019,2091,Crab - Resident
42239,2019,321,Lobster - Resident
42239,2019,5,Food Fish - Resident
42240,2019,3118,Food Fish - Resident
42241,2019,371,Lobster - NR
42246,2019,1829,Food Fish - Resident
42246,2019,767,Crab - Resident
42270,2019,1761,Crab - Resident
42278,2019,150,Lobster - NR
42282,2019,2180,Food Fish - Resident
42300,2019,2163,Food Fish - Resident
42320,2019,1894,Horseshoe Crab - Resident
42320,2019,1894,Crab - Resident
42320,2019,3454,Food Fish - Resident
42324,2019,149,Food Fish - Resident
42327,2019,4357,Food Fish - Resident
42331,2019,1221,Marine Bait
42341,2019,2038,Crab - Resident
42341,2019,2325,Lobster - Resident
42341,2019,2604,Food Fish - Resident
42344,2019,1322,Whelk - Resident
42344,2019,1675,Horseshoe Crab - Resident
42344,2019,1675,Crab - Resident
42344,2019,3154,Food Fish - Resident
42345,2019,1036,Whelk - Resident
42345,2019,2037,Horseshoe Crab - Resident
42345,2019,2037,Crab - Resident
42345,2019,291,Lobster - Resident
42345,2019,83,Food Fish - Resident
42361,2019,1546,Food Fish - Resident
42372,2019,1979,Horseshoe Crab - Resident
42372,2019,1979,Crab - Resident
42372,2019,3892,Food Fish - Resident
42374,2019,2181,Horseshoe Crab - Resident
42374,2019,2181,Crab - Resident
42374,2019,3891,Food Fish - Resident
42377,2019,1809,Crab - Resident
42377,2019,3354,Food Fish - Resident
42386,2019,1227,Food Fish - Resident
42388,2019,3948,Horseshoe Crab - Resident
42388,2019,3948,Crab - Resident
42388,2019,5475,Food Fish - Resident
42390,2019,122,Lobster - Resident
42393,2019,1074,Whelk - Resident
42393,2019,1261,Food Fish - Resident
42405,2019,3602,Food Fish - Resident
42406,2019,3603,Food Fish - Resident
42409,2019,1960,Party/Charter Boat
42412,2019,10971,Food Fish/Crustacea Dealer/Shipper
42412,2019,332,Horseshoe Crab - Resident
42412,2019,332,Crab - Resident
42412,2019,5470,Food Fish - Resident
42413,2019,1179,Whelk - Resident
42413,2019,2566,Horseshoe Crab - Resident
42413,2019,2566,Crab - Resident
42413,2019,3211,Food Fish - Resident
42420,2019,10877,Food Fish/Crustacea Dealer/Shipper
42420,2019,2380,Crab - Resident
42420,2019,305,Food Fish - Resident
42420,2019,494,Lobster - Resident
42431,2019,1170,Horseshoe Crab - Resident
42431,2019,1170,Crab - Resident
42431,2019,1251,Whelk - Resident
42431,2019,2414,Food Fish - Resident
42431,2019,927,Lobster - Resident
42432,2019,1396,Whelk - Resident
42432,2019,4005,Horseshoe Crab - Resident
42432,2019,4005,Crab - Resident
42432,2019,560,Food Fish - Resident
42440,2019,1892,Food Fish - Resident
42440,2019,358,Party/Charter Boat
42440,2019,838,Horseshoe Crab - Resident
42440,2019,838,Crab - Resident
42442,2019,154,Crab - Resident
42442,2019,93,Food Fish - Resident
42450,2019,1239,Food Fish - Resident
42452,2019,1038,Whelk - Resident
42452,2019,1609,Food Fish - Resident
42452,2019,619,Horseshoe Crab - Resident
42452,2019,619,Crab - Resident
42452,2019,8647,Lobster - Resident
42467,2019,3046,Food Fish - Resident
42474,2019,1217,Menhaden Purse Seine 30 GT or less
42474,2019,1662,Crab - Resident
42474,2019,3144,Food Fish - Resident
42476,2019,3004,Food Fish - Resident
42476,2019,9511,Lobster - Resident
42493,2019,2959,Food Fish - Resident
42502,2019,1109,Whelk - Resident
42502,2019,1353,Lobster - Resident
42502,2019,155,Crab - Resident
42502,2019,96,Food Fish - Resident
42503,2019,630,Food Fish - Resident
42504,2019,2810,Horseshoe Crab - Resident
42504,2019,2810,Crab - Resident
42504,2019,4313,Food Fish - Resident
42509,2019,1053,Lobster Landing
42509,2019,1669,Crab - Resident
42509,2019,3150,Food Fish - Resident
42515,2019,10709,Food Fish/Crustacea Dealer/Shipper
42515,2019,1367,Food Fish - Resident
42541,2019,3871,Horseshoe Crab - Resident
42541,2019,3871,Crab - Resident
42541,2019,5396,Food Fish - Resident
42543,2019,1221,Horseshoe Crab - Resident
42543,2019,1221,Crab - Resident
42543,2019,2494,Food Fish - Resident
42553,2019,1198,Crab - Resident
42590,2019,4054,Horseshoe Crab - Resident
42590,2019,4054,Crab - Resident
42594,2019,1246,Horseshoe Crab - Resident
42594,2019,1246,Crab - Resident
42594,2019,2213,Food Fish - Resident
42594,2019,2268,Lobster - Resident
42598,2019,165,Food Fish - Resident
42600,2019,366,Food Fish - Resident
42600,2019,7905,Lobster - Resident
42600,2019,7905,Lobster Bait Gill Net
42609,2019,1080,Lobster - Resident
42609,2019,1279,Whelk - Resident
42609,2019,2041,Crab - Resident
42616,2019,1462,Crab - Resident
42616,2019,1559,Food Fish - Resident
42617,2019,3730,Food Fish - Resident
42619,2019,11079,Food Fish/Crustacea Dealer/Shipper
42619,2019,1432,Whelk - Resident
42619,2019,2413,Horseshoe Crab - Resident
42619,2019,2413,Crab - Resident
42619,2019,5589,Food Fish - Resident
42649,2019,1267,Whelk - Resident
42649,2019,3031,Food Fish - Resident
42649,2019,3900,Horseshoe Crab - Resident
42649,2019,3900,Crab - Resident
42653,2019,3664,Food Fish - Resident
42655,2019,3967,Food Fish - Resident
42655,2019,3975,Horseshoe Crab - Resident
42655,2019,3975,Crab - Resident
42656,2019,206,Food Fish - Resident
42656,2019,362,Lobster - Resident
42656,2019,4008,Horseshoe Crab - Resident
42656,2019,4008,Crab - Resident
42664,2019,3974,Horseshoe Crab - Resident
42664,2019,3974,Crab - Resident
42666,2019,1911,Food Fish - Resident
42666,2019,853,Horseshoe Crab - Resident
42666,2019,853,Crab - Resident
42681,2019,539,Food Fish - Resident
42686,2019,2039,Horseshoe Crab - Resident
42686,2019,2039,Crab - Resident
42686,2019,2150,Food Fish - Resident
42705,2019,1363,Whelk - Resident
42705,2019,5531,Food Fish - Resident
42709,2019,1523,Food Fish - Resident
42718,2019,3764,Food Fish - Resident
42718,2019,3931,Horseshoe Crab - Resident
42718,2019,3931,Crab - Resident
42742,2019,2307,Food Fish - Resident
42745,2019,1161,Whelk - Resident
42745,2019,1489,Horseshoe Crab - Resident
42745,2019,1489,Crab - Resident
42745,2019,2875,Food Fish - Resident
42745,2019,93,Lobster - Resident
42747,2019,21,Food Fish - Resident
42747,2019,3842,Horseshoe Crab - Resident
42747,2019,3842,Crab - Resident
42747,2019,5273,Lobster - Resident
42748,2019,2795,Food Fish - Resident
42752,2019,2737,Ribbed Mussel - Bait
42752,2019,622,Horseshoe Crab - Resident
42752,2019,622,Crab - Resident
42752,2019,862,Food Fish - Resident
42760,2019,1587,Party/Charter Boat
42760,2019,2168,Food Fish - Resident
42775,2019,1316,Whelk - Resident
42775,2019,2567,Horseshoe Crab - Resident
42775,2019,2567,Crab - Resident
42775,2019,3895,Food Fish - Resident
42783,2019,1589,Crab - Resident
42783,2019,184,Party/Charter Boat
42783,2019,2499,Food Fish - Resident
42788,2019,2441,Lobster - Resident
42788,2019,4338,Food Fish - Resident
42789,2019,5551,Food Fish - Resident
42790,2019,1396,Crab - Resident
42790,2019,193,Lobster - Resident
42790,2019,2727,Food Fish - Resident
42798,2019,1418,Whelk - Resident
42798,2019,4046,Horseshoe Crab - Resident
42798,2019,4046,Crab - Resident
42798,2019,5590,Food Fish - Resident
42818,2019,1086,Food Fish - Resident
42818,2019,451,Horseshoe Crab - Resident
42818,2019,451,Crab - Resident
42819,2019,1104,Whelk - Resident
42819,2019,1216,Lobster - Resident
42819,2019,2132,Horseshoe Crab - Resident
42819,2019,2132,Crab - Resident
42819,2019,3535,Food Fish - Resident
42823,2019,1090,Whelk - Resident
42823,2019,1196,Food Fish - Resident
42823,2019,2058,Horseshoe Crab - Resident
42823,2019,2058,Crab - Resident
42823,2019,5404,Lobster - Resident
42832,2019,3846,Food Fish - Resident
42839,2019,1177,Whelk - Resident
42839,2019,123,Menhaden Purse Seine 30 GT or less
42839,2019,2028,Horseshoe Crab - Resident
42839,2019,2028,Crab - Resident
42839,2019,514,Food Fish - Resident
42839,2019,602,Lobster - Resident
42840,2019,2896,Food Fish - Resident
42848,2019,11330,Food Fish/Crustacea Dealer/Shipper
42848,2019,2205,Food Fish - Resident
42873,2019,112,Horseshoe Crab - Resident
42873,2019,112,Crab - Resident
42873,2019,1311,Whelk - Resident
42873,2019,2569,Lobster - Resident
42873,2019,3039,Food Fish - Resident
42874,2019,2288,Party/Charter Boat
42880,2019,2083,Horseshoe Crab - Resident
42880,2019,2083,Crab - Resident
42880,2019,3244,Food Fish - Resident
42882,2019,385,Horseshoe Crab - Resident
42882,2019,385,Crab - Resident
42882,2019,852,Food Fish - Resident
42883,2019,101479,Food Fish - NR
42883,2019,1361,Horseshoe Crab - NR
42883,2019,1361,Crab - NR
42884,2019,1033,Food Fish - Resident
42885,2019,1164,Food Fish - Resident
42909,2019,5580,Food Fish - Resident
42909,2019,95,Party/Charter Boat
42912,2019,1786,Horseshoe Crab - Resident
42912,2019,1786,Crab - Resident
42912,2019,3326,Food Fish - Resident
42922,2019,3804,Food Fish - Resident
42925,2019,1049,Whelk - Resident
42946,2019,1336,Whelk - Resident
42946,2019,300,Lobster - Resident
42946,2019,5507,Food Fish - Resident
42951,2019,1094,Whelk - Resident
42951,2019,159,Food Fish - Resident
42951,2019,2381,Horseshoe Crab - Resident
42951,2019,2381,Crab - Resident
42951,2019,411,Lobster - Resident
42956,2019,773,Lobster - NR
42966,2019,1035,Food Fish - Resident
42966,2019,437,Horseshoe Crab - Resident
42966,2019,437,Crab - Resident
42966,2019,5500,Lobster - Resident
42972,2019,1268,Horseshoe Crab - Resident
42972,2019,1268,Crab - Resident
42976,2019,1065,Whelk - Resident
42976,2019,2815,Horseshoe Crab - Resident
42976,2019,2815,Crab - Resident
42976,2019,4342,Food Fish - Resident
42991,2019,3973,Horseshoe Crab - Resident
42991,2019,3973,Crab - Resident
42997,2019,1738,Food Fish - Resident
42997,2019,330,Lobster - Resident
42997,2019,64,Horseshoe Crab - Resident
42997,2019,64,Crab - Resident
43001,2019,2113,Crab - Resident
43001,2019,3660,Food Fish - Resident
43006,2019,2222,Food Fish - Resident
43007,2019,179,Food Fish - Resident
43026,2019,3484,Food Fish - Resident
43027,2019,85,Party/Charter Boat
43028,2019,1461,Food Fish - Resident
43028,2019,233,Party/Charter Boat
43033,2019,3864,Horseshoe Crab - Resident
43033,2019,3864,Crab - Resident
43037,2019,1120,Lobster - Resident
43037,2019,2635,Crab - Resident
43037,2019,3311,Food Fish - Resident
43039,2019,3853,Horseshoe Crab - Resident
43039,2019,3853,Crab - Resident
43052,2019,10729,Food Fish/Crustacea Dealer/Shipper
43052,2019,2446,Horseshoe Crab - Resident
43052,2019,2446,Crab - Resident
43052,2019,4107,Food Fish - Resident
43063,2019,10452,Food Fish/Crustacea Dealer/Shipper
43063,2019,1144,Horseshoe Crab - Resident
43063,2019,1144,Crab - Resident
43063,2019,1159,Whelk - Resident
43063,2019,5474,Lobster - Resident
43063,2019,946,Food Fish - Resident
43067,2019,1166,Whelk - Resident
43091,2019,10897,Food Fish/Crustacea Dealer/Shipper
43091,2019,2811,Horseshoe Crab - Resident
43091,2019,2811,Crab - Resident
43091,2019,2874,Food Fish - Resident
43092,2019,1583,Horseshoe Crab - Resident
43092,2019,1583,Crab - Resident
43092,2019,1881,Food Fish - Resident
43092,2019,9047,Food Fish/Crustacea Dealer/Shipper
43095,2019,4015,Horseshoe Crab - Resident
43095,2019,4015,Crab - Resident
43105,2019,1018,Whelk - Resident
43105,2019,21,Lobster - Resident
43105,2019,3951,Horseshoe Crab - Resident
43105,2019,3951,Crab - Resident
43105,2019,442,Food Fish - Resident
43110,2019,162,Party/Charter Boat
43110,2019,1805,Party/Charter Boat
43110,2019,2654,Food Fish - Resident
43118,2019,5563,Food Fish - Resident
43131,2019,2524,Horseshoe Crab - Resident
43131,2019,2524,Crab - Resident
43137,2019,119,Horseshoe Crab - Resident
43137,2019,119,Crab - Resident
43137,2019,1203,Whelk - Resident
43137,2019,15,Food Fish - Resident
43152,2019,1101,Whelk - Resident
43152,2019,1291,Food Fish - Resident
43152,2019,3885,Horseshoe Crab - Resident
43152,2019,3885,Crab - Resident
43152,2019,842,Lobster - Resident
43164,2019,1892,Crab - Resident
43164,2019,296,Lobster - Resident
43164,2019,3452,Food Fish - Resident
43171,2019,2829,Food Fish - Resident
43187,2019,2179,Horseshoe Crab - Resident
43187,2019,2179,Crab - Resident
43193,2019,2235,Horseshoe Crab - Resident
43193,2019,2235,Crab - Resident
43193,2019,3771,Food Fish - Resident
43204,2019,1865,Horseshoe Crab - Resident
43204,2019,1865,Crab - Resident
43204,2019,2149,Food Fish - Resident
43204,2019,3265,Lobster - Resident
43205,2019,1592,Food Fish - Resident
43205,2019,2093,Horseshoe Crab - Resident
43205,2019,2093,Crab - Resident
43205,2019,5274,Lobster - Resident
43206,2019,2157,Horseshoe Crab - Resident
43206,2019,2157,Crab - Resident
43206,2019,2280,Lobster - Resident
43206,2019,743,Food Fish - Resident
43208,2019,249,Food Fish - Resident
43208,2019,5647,Lobster - Resident
43208,2019,629,Horseshoe Crab - Resident
43208,2019,629,Crab - Resident
43211,2019,1051,Lobster - Resident
43211,2019,400,Food Fish - Resident
43211,2019,680,Crab - Resident
43213,2019,2682,Horseshoe Crab - Resident
43213,2019,2682,Crab - Resident
43213,2019,3972,Food Fish - Resident
43225,2019,1227,Whelk - Resident
43225,2019,1858,Food Fish - Resident
43225,2019,3877,Horseshoe Crab - Resident
43225,2019,3877,Crab - Resident
43225,2019,524,Lobster - Resident
43225,2019,524,Lobster Bait Gill Net
43240,2019,101513,Food Fish - NR
43280,2019,3799,Food Fish - Resident
43289,2019,1345,Crab - Resident
43289,2019,2674,Food Fish - Resident
43306,2019,1195,Whelk - Resident
43306,2019,1886,Party/Charter Boat
43306,2019,2806,Food Fish - Resident
43312,2019,1248,Lobster - Resident
43312,2019,1393,Whelk - Resident
43312,2019,1956,Horseshoe Crab - Resident
43312,2019,1956,Crab - Resident
43312,2019,3121,Food Fish - Resident
43313,2019,2176,Food Fish - Resident
43315,2019,310,Crab - Resident
43317,2019,1127,Whelk - Resident
43317,2019,3843,Horseshoe Crab - Resident
43317,2019,3843,Crab - Resident
43317,2019,405,Food Fish - Resident
43318,2019,1247,Lobster - Resident
43318,2019,3540,Food Fish - Resident
43320,2019,1044,Food Fish - Resident
43320,2019,1270,Whelk - Resident
43320,2019,440,Horseshoe Crab - Resident
43320,2019,440,Crab - Resident
43320,2019,5504,Lobster - Resident
43321,2019,1642,Horseshoe Crab - Resident
43321,2019,1642,Crab - Resident
43321,2019,3400,Lobster - Resident
43321,2019,66,Food Fish - Resident
43322,2019,3995,Horseshoe Crab - Resident
43322,2019,3995,Crab - Resident
43322,2019,486,Food Fish - Resident
43333,2019,1804,Food Fish - Resident
43333,2019,208,Party/Charter Boat
43350,2019,3866,Crab - Resident
43350,2019,5397,Food Fish - Resident
43364,2019,1336,Food Fish - Resident
43372,2019,1402,Whelk - Resident
43372,2019,3986,Crab - Resident
43372,2019,4336,Food Fish - Resident
43375,2019,1205,Whelk - Resident
43375,2019,3638,Food Fish - Resident
43375,2019,3869,Horseshoe Crab - Resident
43375,2019,3869,Crab - Resident
43375,2019,5826,Lobster - Resident
43375,2019,5826,Lobster Bait Gill Net
43378,2019,3954,Food Fish - Resident
43378,2019,67,Lobster - Resident
43378,2019,67,Lobster Bait Gill Net
43384,2019,1002,Whelk - Resident
43384,2019,1307,Lobster - Resident
43384,2019,1307,Lobster Bait Gill Net
43384,2019,1962,Horseshoe Crab - Resident
43384,2019,1962,Crab - Resident
43384,2019,2019,Party/Charter Boat
43384,2019,3551,Food Fish - Resident
43391,2019,1043,Whelk - Resident
43391,2019,1854,Lobster - Resident
43391,2019,4341,Food Fish - Resident
43393,2019,5283,Lobster - Resident
43393,2019,56,Food Fish - Resident
43393,2019,92,Crab - Resident
43394,2019,2986,Food Fish - Resident
43394,2019,4058,Horseshoe Crab - Resident
43394,2019,4058,Crab - Resident
43394,2019,5893,Lobster - Resident
43397,2019,1615,Crab - Resident
43397,2019,2929,Lobster - Resident
43397,2019,2978,Food Fish - Resident
43404,2019,1411,Whelk - Resident
43404,2019,2820,Horseshoe Crab - Resident
43404,2019,2820,Crab - Resident
43404,2019,5479,Food Fish - Resident
43417,2019,3414,Food Fish - Resident
43424,2019,336,Food Fish - Resident
43425,2019,1204,Whelk - Resident
43425,2019,2592,Horseshoe Crab - Resident
43425,2019,2592,Crab - Resident
43450,2019,1193,Whelk - Resident
43450,2019,91,Food Fish - Resident
43451,2019,2066,Food Fish - Resident
43479,2019,1223,Whelk - Resident
43479,2019,2412,Horseshoe Crab - Resident
43479,2019,2412,Crab - Resident
43479,2019,3066,Food Fish - Resident
43479,2019,818,Lobster - Resident
43483,2019,103,Horseshoe Crab - Resident
43483,2019,103,Crab - Resident
43483,2019,275,Food Fish - Resident
43485,2019,3831,Food Fish - Resident
43495,2019,1610,Food Fish - Resident
43496,2019,1515,Crab - Resident
43496,2019,387,Lobster - Resident
43496,2019,5598,Food Fish - Resident
43497,2019,4304,Food Fish - Resident
43499,2019,760,Food Fish - Resident
43504,2019,1556,Party/Charter Boat
43504,2019,2456,Food Fish - Resident
43505,2019,506,Lobster - NR
43506,2019,9057,Lobster - NR
43508,2019,2118,Food Fish - Resident
43510,2019,4012,Horseshoe Crab - Resident
43510,2019,4012,Crab - Resident
43510,2019,68,Food Fish - Resident
43511,2019,1027,Lobster - Resident
43511,2019,1403,Whelk - Resident
43511,2019,2950,Food Fish - Resident
43511,2019,3902,Horseshoe Crab - Resident
43511,2019,3902,Crab - Resident
43512,2019,10889,Food Fish/Crustacea Dealer/Shipper
43516,2019,939,Crab - Resident
43517,2019,923,Crab - Resident
43520,2019,1282,Crab - Resident
43520,2019,2312,Lobster - Resident
43520,2019,2595,Food Fish - Resident
43523,2019,1054,Whelk - Resident
43523,2019,1159,Food Fish - Resident
43523,2019,1747,Lobster - Resident
43523,2019,3984,Horseshoe Crab - Resident
43523,2019,3984,Crab - Resident
43527,2019,1057,Horseshoe Crab - Resident
43527,2019,1057,Crab - Resident
43527,2019,2278,Food Fish - Resident
43538,2019,1839,Food Fish - Resident
43538,2019,2616,Horseshoe Crab - Resident
43538,2019,2616,Crab - Resident
43542,2019,1848,Food Fish - Resident
43548,2019,108,Horseshoe Crab - Resident
43548,2019,108,Crab - Resident
43548,2019,1156,Whelk - Resident
43548,2019,151,Food Fish - Resident
43548,2019,5212,Lobster - Resident
43554,2019,10978,Food Fish/Crustacea Dealer/Shipper
43554,2019,2823,Horseshoe Crab - Resident
43554,2019,2823,Crab - Resident
43554,2019,4216,Food Fish - Resident
43558,2019,17,Lobster - NR
43563,2019,1053,Whelk - Resident
43563,2019,2055,Food Fish - Resident
43563,2019,2189,Horseshoe Crab - Resident
43563,2019,2189,Crab - Resident
43564,2019,3622,Food Fish - Resident
43566,2019,1152,Whelk - Resident
43566,2019,2057,Horseshoe Crab - Resident
43566,2019,2057,Crab - Resident
43566,2019,3627,Food Fish - Resident
43568,2019,10926,Food Fish/Crustacea Dealer/Shipper
43568,2019,1440,Horseshoe Crab - Resident
43568,2019,1440,Crab - Resident
43568,2019,2791,Food Fish - Resident
43568,2019,2835,Lobster - Resident
43568,2019,2835,Lobster Bait Gill Net
43572,2019,10597,Food Fish/Crustacea Dealer/Shipper
43572,2019,2544,Lobster - Resident
43572,2019,2544,Lobster Bait Gill Net
43572,2019,4075,Horseshoe Crab - Resident
43572,2019,4075,Crab - Resident
43572,2019,5399,Food Fish - Resident
43573,2019,3943,Horseshoe Crab - Resident
43573,2019,3943,Crab - Resident
43573,2019,5467,Food Fish - Resident
43583,2019,3980,Horseshoe Crab - Resident
43583,2019,3980,Crab - Resident
43585,2019,230,Party/Charter Boat
43604,2019,2514,Food Fish - Resident
43605,2019,128,Horseshoe Crab - Resident
43605,2019,128,Crab - Resident
43605,2019,1501,Party/Charter Boat
43605,2019,298,Food Fish - Resident
43605,2019,453,Lobster - Resident
43606,2019,1175,Whelk - Resident
43606,2019,2134,Horseshoe Crab - Resident
43606,2019,2134,Crab - Resident
43606,2019,5425,Food Fish - Resident
43612,2019,2195,Horseshoe Crab - Resident
43612,2019,2195,Crab - Resident
43612,2019,3276,Food Fish - Resident
43634,2019,3996,Horseshoe Crab - Resident
43634,2019,3996,Crab - Resident
43634,2019,5519,Food Fish - Resident
43640,2019,1213,Menhaden Purse Seine 30 GT or less
43640,2019,2019,Horseshoe Crab - Resident
43640,2019,2019,Crab - Resident
43640,2019,446,Food Fish - Resident
43641,2019,2354,Crab - Resident
43649,2019,240,Food Fish - Resident
43649,2019,4025,Horseshoe Crab - Resident
43649,2019,4025,Crab - Resident
43655,2019,10836,Food Fish/Crustacea Dealer/Shipper
43655,2019,1380,Whelk - Resident
43655,2019,2638,Food Fish - Resident
43655,2019,3958,Horseshoe Crab - Resident
43655,2019,3958,Crab - Resident
43668,2019,3849,Horseshoe Crab - Resident
43668,2019,3849,Crab - Resident
43672,2019,1026,Lobster Bait Gill Net
43672,2019,1368,Whelk - Resident
43672,2019,2247,Food Fish - Resident
43672,2019,346,Lobster - Resident
43672,2019,3930,Horseshoe Crab - Resident
43672,2019,3930,Crab - Resident
43684,2019,5634,Food Fish - Resident
43689,2019,3682,Food Fish - Resident
43691,2019,3384,Food Fish - Resident
43694,2019,9118,Food Fish/Crustacea Dealer/Shipper
43718,2019,1602,Food Fish - Resident
43718,2019,603,Horseshoe Crab - Resident
43718,2019,603,Crab - Resident
43723,2019,1029,Horseshoe Crab - Resident
43723,2019,1029,Crab - Resident
43723,2019,1093,Whelk - Resident
43723,2019,1188,Menhaden Purse Seine 30 GT or less
43723,2019,2244,Food Fish - Resident
43723,2019,5891,Lobster - Resident
43723,2019,5891,Lobster Bait Gill Net
43726,2019,1003,Whelk - Resident
43726,2019,309,Horseshoe Crab - Resident
43726,2019,309,Crab - Resident
43726,2019,5431,Lobster - Resident
43726,2019,650,Food Fish - Resident
43739,2019,1443,Crab - Resident
43739,2019,2794,Food Fish - Resident
43754,2019,2753,Food Fish - Resident
43759,2019,1254,Whelk - Resident
43759,2019,3976,Horseshoe Crab - Resident
43759,2019,3976,Crab - Resident
43759,2019,4054,Food Fish - Resident
43772,2019,1827,Horseshoe Crab - Resident
43772,2019,1827,Crab - Resident
43787,2019,2391,Crab - Resident
43797,2019,2017,Food Fish - Resident
43797,2019,2828,Horseshoe Crab - Resident
43797,2019,2828,Crab - Resident
43798,2019,10663,Food Fish/Crustacea Dealer/Shipper
43798,2019,1259,Whelk - Resident
43798,2019,17,Eel Pots - Resident FF
43798,2019,2090,Horseshoe Crab - Resident
43798,2019,2090,Crab - Resident
43798,2019,238,Food Fish - Resident
43798,2019,447,Lobster - Resident
43798,2019,447,Lobster Bait Gill Net
43798,2019,55,Gill Net - Resident FF
43799,2019,1157,Lobster - Resident
43814,2019,1661,Horseshoe Crab - Resident
43814,2019,1661,Crab - Resident
43814,2019,3453,Lobster - Resident
43815,2019,3968,Horseshoe Crab - Resident
43815,2019,3968,Crab - Resident
43816,2019,4029,Horseshoe Crab - Resident
43816,2019,4029,Crab - Resident
43816,2019,5555,Food Fish - Resident
43829,2019,1328,Marine Bait
43834,2019,2327,Lobster - Resident
43834,2019,2605,Food Fish - Resident
43834,2019,55,Party/Charter Boat
43837,2019,2483,Food Fish - Resident
43841,2019,1732,Food Fish - Resident
43842,2019,2960,Food Fish - Resident
43868,2019,1017,Horseshoe Crab - Resident
43868,2019,1017,Crab - Resident
43868,2019,11247,Food Fish/Crustacea Dealer/Shipper
43868,2019,1274,Whelk - Resident
43868,2019,2231,Food Fish - Resident
43890,2019,1073,Whelk - Resident
43890,2019,1565,Horseshoe Crab - Resident
43890,2019,1565,Crab - Resident
43890,2019,23,Food Fish - Resident
43890,2019,878,Lobster - Resident
43893,2019,2094,Horseshoe Crab - Resident
43893,2019,2094,Crab - Resident
43893,2019,223,Food Fish - Resident
43895,2019,1468,Horseshoe Crab - Resident
43895,2019,1468,Crab - Resident
43895,2019,2839,Food Fish - Resident
43904,2019,1688,Crab - Resident
43904,2019,3175,Food Fish - Resident
43904,2019,3554,Lobster - Resident
43911,2019,1178,Whelk - Resident
43911,2019,323,Lobster - Resident
43911,2019,3850,Crab - Resident
43911,2019,506,Food Fish - Resident
43913,2019,1343,Whelk - Resident
43913,2019,3832,Horseshoe Crab - Resident
43913,2019,3832,Crab - Resident
43913,2019,4262,Food Fish - Resident
43916,2019,229,Horseshoe Crab - Resident
43916,2019,229,Crab - Resident
43916,2019,386,Food Fish - Resident
43919,2019,1057,Whelk - Resident
43919,2019,1723,Lobster - Resident
43919,2019,2139,Crab - Resident
43919,2019,3676,Food Fish - Resident
43922,2019,2759,Food Fish - Resident
43925,2019,1394,Whelk - Resident
43925,2019,2156,Food Fish - Resident
43925,2019,5861,Lobster - Resident
43925,2019,986,Horseshoe Crab - Resident
43925,2019,986,Crab - Resident
43926,2019,2138,Horseshoe Crab - Resident
43926,2019,2138,Crab - Resident
43939,2019,3971,Horseshoe Crab - Resident
43939,2019,3971,Crab - Resident
43939,2019,5492,Food Fish - Resident
43944,2019,10671,Food Fish/Crustacea Dealer/Shipper
43944,2019,5504,Food Fish - Resident
43959,2019,3816,Food Fish - Resident
43970,2019,262,Horseshoe Crab - Resident
43970,2019,262,Crab - Resident
43970,2019,504,Food Fish - Resident
43994,2019,1115,Crab - Resident
43994,2019,2346,Food Fish - Resident
43994,2019,430,Party/Charter Boat
44003,2019,1183,Food Fish - Resident
44003,2019,337,Lobster - Resident
44003,2019,3963,Horseshoe Crab - Resident
44003,2019,3963,Crab - Resident
440045,2019,1498,Party/Charter Boat
44006,2019,1361,Whelk - Resident
44006,2019,1725,Horseshoe Crab - Resident
44006,2019,1725,Crab - Resident
44006,2019,3241,Food Fish - Resident
440069,2019,5444,Food Fish - Resident
44017,2019,589,Food Fish - Resident
44020,2019,2154,Food Fish - Resident
44035,2019,1288,Horseshoe Crab - Resident
44035,2019,1288,Crab - Resident
44035,2019,2602,Food Fish - Resident
44036,2019,2764,Food Fish - Resident
44041,2019,2529,Food Fish - Resident
44041,2019,2579,Horseshoe Crab - Resident
44041,2019,2579,Crab - Resident
44066,2019,1309,Whelk - Resident
44066,2019,4004,Horseshoe Crab - Resident
44066,2019,4004,Crab - Resident
44066,2019,5521,Food Fish - Resident
44079,2019,1392,Whelk - Resident
44079,2019,4014,Horseshoe Crab - Resident
44079,2019,4014,Crab - Resident
44079,2019,4330,Food Fish - Resident
44079,2019,5408,Lobster - Resident
44098,2019,2337,Crab - Resident
44098,2019,25,Gill Net - Resident
44099,2019,3513,Food Fish - Resident
44099,2019,3878,Horseshoe Crab - Resident
44099,2019,3878,Crab - Resident
44102,2019,10712,Food Fish/Crustacea Dealer/Shipper
44102,2019,147,Party/Charter Boat
44102,2019,1656,Crab - Resident
44102,2019,3139,Food Fish - Resident
44102,2019,3447,Lobster - Resident
44106,2019,2681,Food Fish - Resident
44127,2019,4251,Food Fish - Resident
44131,2019,3324,Lobster - Resident
44136,2019,2359,Horseshoe Crab - Resident
44136,2019,2359,Crab - Resident
44149,2019,5899,Lobster - NR
44151,2019,1777,Horseshoe Crab - Resident
44151,2019,1777,Crab - Resident
44151,2019,3310,Food Fish - Resident
44156,2019,1937,Party/Charter Boat
44158,2019,5529,Food Fish - Resident
44159,2019,1115,Whelk - Resident
44159,2019,169,Horseshoe Crab - Resident
44159,2019,169,Crab - Resident
44159,2019,438,Food Fish - Resident
44159,2019,5296,Lobster - Resident
44160,2019,1326,Whelk - Resident
44160,2019,3925,Horseshoe Crab - Resident
44160,2019,3925,Crab - Resident
44160,2019,5448,Food Fish - Resident
44161,2019,1064,Whelk - Resident
44161,2019,238,Horseshoe Crab - Resident
44161,2019,238,Crab - Resident
44161,2019,408,Food Fish - Resident
44161,2019,5372,Lobster - Resident
44169,2019,310,Party/Charter Boat
44175,2019,3854,Food Fish - Resident
44177,2019,5648,Food Fish - Resident
44190,2019,1116,Whelk - Resident
44190,2019,1655,Horseshoe Crab - Resident
44190,2019,1655,Crab - Resident
44190,2019,3138,Food Fish - Resident
44190,2019,3445,Lobster - Resident
44194,2019,9070,Lobster - Resident
44197,2019,292,Party/Charter Boat
44205,2019,2127,Food Fish - Resident
44207,2019,2602,Crab - Resident
44207,2019,3479,Food Fish - Resident
44210,2019,1616,Horseshoe Crab - Resident
44210,2019,1616,Crab - Resident
44210,2019,3083,Food Fish - Resident
44214,2019,1201,Whelk - Resident
44214,2019,3873,Horseshoe Crab - Resident
44214,2019,3873,Crab - Resident
44214,2019,5405,Food Fish - Resident
44223,2019,1192,Whelk - Resident
44223,2019,4016,Horseshoe Crab - Resident
44223,2019,4016,Crab - Resident
44223,2019,4094,Food Fish - Resident
44224,2019,3439,Food Fish - Resident
44236,2019,3703,Food Fish - Resident
44241,2019,1378,Whelk - Resident
44241,2019,2822,Horseshoe Crab - Resident
44241,2019,2822,Crab - Resident
44265,2019,370,Party/Charter Boat
44265,2019,3964,Crab - Resident
44265,2019,80,Food Fish - Resident
44273,2019,1801,Food Fish - Resident
44277,2019,2456,Party/Charter Boat
44277,2019,5657,Food Fish - Resident
44292,2019,2077,Horseshoe Crab - Resident
44292,2019,2077,Crab - Resident
44292,2019,2202,Food Fish - Resident
44297,2019,1333,Horseshoe Crab - Resident
44297,2019,1333,Crab - Resident
44297,2019,1397,Whelk - Resident
44297,2019,2658,Food Fish - Resident
44311,2019,1271,Whelk - Resident
44313,2019,3859,Food Fish - Resident
44314,2019,1759,Crab - Resident
44314,2019,3297,Food Fish - Resident
44330,2019,239,Party/Charter Boat
44335,2019,52,Gill Net - Resident
44353,2019,2207,Crab - Resident
44353,2019,3739,Food Fish - Resident
44366,2019,1228,Whelk - Resident
44366,2019,27,Horseshoe Crab - Resident
44366,2019,27,Crab - Resident
44366,2019,4307,Food Fish - Resident
44374,2019,1172,Food Fish - Resident
44374,2019,16,Party/Charter Boat
44385,2019,10928,Food Fish/Crustacea Dealer/Shipper
44385,2019,2970,Food Fish - Resident
44421,2019,380,Food Fish - Resident
44421,2019,5361,Lobster - Resident
44421,2019,918,Horseshoe Crab - Resident
44421,2019,918,Crab - Resident
44423,2019,3776,Food Fish - Resident
44428,2019,497,Lobster - Resident
44467,2019,1436,Crab - Resident
44467,2019,2781,Food Fish - Resident
44468,2019,3440,Food Fish - Resident
44469,2019,1076,Whelk - Resident
44469,2019,1194,Menhaden Purse Seine 30 - 200 GT
44469,2019,2404,Horseshoe Crab - Resident
44469,2019,2404,Crab - Resident
44469,2019,494,Food Fish - Resident
44469,2019,5388,Lobster - Resident
44471,2019,2867,Food Fish - Resident
44474,2019,205,Party/Charter Boat
44477,2019,5970,Lobster - Resident
44478,2019,1804,Lobster - Resident
44480,2019,4033,Horseshoe Crab - Resident
44480,2019,4033,Crab - Resident
44480,2019,5577,Food Fish - Resident
44480,2019,5670,Lobster - Resident
44484,2019,1210,Horseshoe Crab - Resident
44484,2019,1210,Crab - Resident
44484,2019,1313,Whelk - Resident
44484,2019,2475,Food Fish - Resident
44485,2019,2370,Food Fish - Resident
44485,2019,428,Party/Charter Boat
44495,2019,1024,Lobster - Resident
44495,2019,3436,Food Fish - Resident
44496,2019,2173,Food Fish - Resident
44497,2019,2173,Food Fish - Resident
44497,2019,3763,Food Fish - Resident
44497,2019,4065,Horseshoe Crab - Resident
44497,2019,4065,Crab - Resident
44514,2019,10489,Food Fish/Crustacea Dealer/Shipper
44515,2019,9234,Food Fish/Crustacea Dealer/Shipper
44518,2019,1357,Whelk - Resident
44520,2019,1144,Whelk - Resident
44520,2019,2388,Horseshoe Crab - Resident
44520,2019,2388,Crab - Resident
44520,2019,2958,Food Fish - Resident
44521,2019,1066,Whelk - Resident
44521,2019,1108,Lobster - Resident
44521,2019,1755,Horseshoe Crab - Resident
44521,2019,1755,Crab - Resident
44521,2019,2395,Food Fish - Resident
44524,2019,1049,Food Fish - Resident
44539,2019,445,Food Fish - Resident
44544,2019,1791,Crab - Resident
44544,2019,197,Lobster - Resident
44544,2019,2971,Food Fish - Resident
44554,2019,1480,Party/Charter Boat
44554,2019,3907,Horseshoe Crab - Resident
44554,2019,3907,Crab - Resident
44554,2019,5430,Food Fish - Resident
44561,2019,1020,Horseshoe Crab - Resident
44561,2019,1020,Crab - Resident
44561,2019,1183,Whelk - Resident
44561,2019,2236,Food Fish - Resident
44584,2019,4051,Horseshoe Crab - Resident
44584,2019,4051,Crab - Resident
44584,2019,5591,Food Fish - Resident
44588,2019,2659,Crab - Resident
44603,2019,1096,Whelk - Resident
44603,2019,134,Food Fish - Resident
44603,2019,3879,Horseshoe Crab - Resident
44603,2019,3879,Crab - Resident
44603,2019,5148,Lobster - Resident
44604,2019,144,Food Fish - Resident
44606,2019,1061,Whelk - Resident
44606,2019,2394,Horseshoe Crab - Resident
44606,2019,2394,Crab - Resident
44606,2019,3444,Lobster - Resident
44606,2019,984,Food Fish - Resident
44612,2019,10750,Food Fish/Crustacea Dealer/Shipper
44612,2019,1259,Horseshoe Crab - Resident
44612,2019,1259,Crab - Resident
44612,2019,1410,Whelk - Resident
44612,2019,2278,Lobster - Resident
44612,2019,2561,Food Fish - Resident
44648,2019,3100,Food Fish - Resident
44664,2019,10766,Food Fish/Crustacea Dealer/Shipper
44664,2019,1836,Food Fish - Resident
44664,2019,562,Lobster - Resident
44664,2019,806,Horseshoe Crab - Resident
44664,2019,806,Crab - Resident
44670,2019,1046,Lobster - Resident
44670,2019,1076,Lobster Bait Gill Net
44670,2019,2151,Food Fish - Resident
44675,2019,2907,Food Fish - Resident
44679,2019,3490,Food Fish - Resident
44683,2019,1120,Whelk - Resident
44683,2019,2328,Food Fish - Resident
44683,2019,3875,Horseshoe Crab - Resident
44683,2019,3875,Crab - Resident
44683,2019,5716,Lobster - Resident
44689,2019,2720,Food Fish - Resident
44690,2019,1013,Whelk - Resident
44690,2019,1310,Horseshoe Crab - Resident
44690,2019,1310,Crab - Resident
44690,2019,1791,Lobster - Resident
44690,2019,2523,Food Fish - Resident
44698,2019,517,Food Fish - Resident
44702,2019,1636,Food Fish - Resident
44702,2019,650,Horseshoe Crab - Resident
44702,2019,650,Crab - Resident
44702,2019,8925,Ribbed Mussel - Bait
44704,2019,165,Party/Charter Boat
44704,2019,2533,Party/Charter Boat
44708,2019,1291,Crab - Resident
44708,2019,318,Lobster - Resident
44708,2019,612,Food Fish - Resident
44724,2019,9256,Food Fish/Crustacea Dealer/Shipper
44732,2019,101502,Food Fish - NR
44735,2019,1400,Whelk - Resident
44735,2019,2824,Horseshoe Crab - Resident
44735,2019,2824,Crab - Resident
44735,2019,4361,Food Fish - Resident
44751,2019,1739,Food Fish - Resident
44754,2019,2816,Horseshoe Crab - Resident
44754,2019,2816,Crab - Resident
44754,2019,4340,Food Fish - Resident
44754,2019,5497,Lobster - Resident
44755,2019,1030,Food Fish - Resident
44755,2019,435,Crab - Resident
44757,2019,2697,Party/Charter Boat
44761,2019,1182,Whelk - Resident
44761,2019,4039,Horseshoe Crab - Resident
44761,2019,4039,Crab - Resident
44761,2019,5089,Lobster - Resident
44761,2019,5089,Lobster Bait Gill Net
44761,2019,5533,Food Fish - Resident
44771,2019,1199,Whelk - Resident
44771,2019,1259,Lobster - Resident
44771,2019,3880,Horseshoe Crab - Resident
44771,2019,3880,Crab - Resident
44771,2019,800,Food Fish - Resident
44773,2019,1140,Whelk - Resident
44773,2019,149,Horseshoe Crab - Resident
44773,2019,149,Crab - Resident
44773,2019,5286,Lobster - Resident
44773,2019,77,Food Fish - Resident
44774,2019,10726,Food Fish/Crustacea Dealer/Shipper
44774,2019,2622,Food Fish - Resident
44774,2019,2680,Lobster - Resident
44774,2019,2680,Lobster Bait Gill Net
44786,2019,1076,Lobster Landing
44786,2019,1086,Lobster Landing
44786,2019,1192,Marine Bait
44786,2019,4045,Crab - Resident
44786,2019,5573,Food Fish - Resident
44791,2019,2401,Food Fish - Resident
44795,2019,144,Party/Charter Boat
44803,2019,1015,Food Fish - Resident
44812,2019,734,Lobster - NR
44814,2019,1333,Whelk - Resident
44814,2019,4027,Horseshoe Crab - Resident
44814,2019,4027,Crab - Resident
44814,2019,4322,Food Fish - Resident
44814,2019,623,Lobster - Resident
44815,2019,9048,Food Fish/Crustacea Dealer/Shipper
44816,2019,1379,Whelk - Resident
44816,2019,184,Lobster - Resident
44816,2019,4323,Food Fish - Resident
44826,2019,11095,Food Fish/Crustacea Dealer/Shipper
44826,2019,3967,Horseshoe Crab - Resident
44826,2019,3967,Crab - Resident
44829,2019,1062,Whelk - Resident
44829,2019,2168,Horseshoe Crab - Resident
44829,2019,2168,Crab - Resident
44829,2019,3691,Food Fish - Resident
44832,2019,1063,Whelk - Resident
44832,2019,365,Horseshoe Crab - Resident
44832,2019,365,Crab - Resident
44832,2019,796,Food Fish - Resident
44833,2019,2812,Horseshoe Crab - Resident
44833,2019,2812,Crab - Resident
44833,2019,4173,Food Fish - Resident
44836,2019,5604,Food Fish - Resident
44848,2019,2018,Food Fish - Resident
44863,2019,1855,Food Fish - Resident
44863,2019,798,Crab - Resident
44886,2019,1062,Food Fish - Resident
44886,2019,1276,Whelk - Resident
44886,2019,3838,Horseshoe Crab - Resident
44886,2019,3838,Crab - Resident
44888,2019,3807,Food Fish - Resident
44890,2019,1266,Food Fish - Resident
44910,2019,847,Food Fish - Resident
44918,2019,1061,Lobster - Resident
44918,2019,1939,Horseshoe Crab - Resident
44918,2019,1939,Crab - Resident
44918,2019,2975,Food Fish - Resident
44920,2019,3514,Food Fish - Resident
44936,2019,3749,Food Fish - Resident
44937,2019,209,Horseshoe Crab - Resident
44937,2019,209,Crab - Resident
44937,2019,328,Food Fish - Resident
44943,2019,372,Party/Charter Boat
44943,2019,5427,Food Fish - Resident
44946,2019,555,Food Fish - Resident
44956,2019,2637,Food Fish - Resident
44963,2019,1323,Whelk - Resident
44963,2019,1872,Food Fish - Resident
44963,2019,3844,Horseshoe Crab - Resident
44963,2019,3844,Crab - Resident
44984,2019,1362,Food Fish - Resident
44990,2019,3300,Food Fish - Resident
45004,2019,1656,Lobster - Resident
450046,2019,5380,Food Fish - Resident
45009,2019,1024,Horseshoe Crab - Resident
45009,2019,1024,Crab - Resident
45009,2019,1079,Whelk - Resident
45009,2019,2239,Food Fish - Resident
45009,2019,525,Lobster - Resident
45014,2019,228,Party/Charter Boat
45014,2019,882,Food Fish - Resident
45018,2019,1065,Food Fish - Resident
45020,2019,1024,Whelk - NR
45020,2019,793,Lobster - NR
45023,2019,1024,Whelk - NR
45023,2019,793,Lobster - NR
45024,2019,10600,Food Fish/Crustacea Dealer/Shipper
45027,2019,1415,Whelk - Resident
45027,2019,3645,Food Fish - Resident
45039,2019,1182,Menhaden Purse Seine 30 GT or less
45039,2019,2166,Horseshoe Crab - Resident
45039,2019,2166,Crab - Resident
45039,2019,3427,Food Fish - Resident
45040,2019,3036,Food Fish - Resident
45049,2019,1117,Whelk - Resident
45049,2019,365,Food Fish - Resident
45049,2019,3894,Crab - Resident
45049,2019,5177,Lobster - Resident
45058,2019,1136,Whelk - Resident
45058,2019,358,Food Fish - Resident
45058,2019,715,Lobster - Resident
45069,2019,2274,Lobster - Resident
45080,2019,304,Food Fish - Resident
45080,2019,615,Crab - Resident
45085,2019,1014,Marine Bait
45085,2019,10724,Food Fish/Crustacea Dealer/Shipper
45085,2019,162,Menhaden Purse Seine 30 GT or less
45085,2019,176,Menhaden Purse Seine 30 GT or less
45085,2019,23634,Ribbed Mussel - Bait
45085,2019,2640,Horseshoe Crab - Resident
45085,2019,2640,Crab - Resident
45085,2019,3937,Food Fish - Resident
45091,2019,1098,Whelk - Resident
45091,2019,1858,Lobster - Resident
45091,2019,1858,Lobster Bait Gill Net
45091,2019,2099,Horseshoe Crab - Resident
45091,2019,2099,Crab - Resident
45091,2019,3009,Food Fish - Resident
45092,2019,283,Food Fish - Resident
45092,2019,458,Lobster - Resident
45092,2019,458,Lobster Bait Gill Net
45092,2019,664,Horseshoe Crab - Resident
45092,2019,664,Crab - Resident
45098,2019,3844,Food Fish - Resident
45103,2019,1019,Whelk - Resident
45103,2019,176,Horseshoe Crab - Resident
45103,2019,176,Crab - Resident
45103,2019,190,Food Fish - Resident
45118,2019,110,Food Fish - Resident
45118,2019,36,Horseshoe Crab - Resident
45118,2019,36,Crab - Resident
45125,2019,1607,Horseshoe Crab - Resident
45125,2019,1607,Crab - Resident
45125,2019,2343,Lobster - Resident
45125,2019,3072,Food Fish - Resident
45126,2019,1278,Whelk - Resident
45126,2019,2102,Lobster - Resident
45126,2019,2825,Crab - Resident
45126,2019,4363,Food Fish - Resident
45127,2019,217,Horseshoe Crab - Resident
45127,2019,217,Crab - Resident
45127,2019,338,Food Fish - Resident
45140,2019,3840,Horseshoe Crab - Resident
45140,2019,3840,Crab - Resident
45140,2019,57,Food Fish - Resident
45143,2019,11199,Food Fish/Crustacea Dealer/Shipper
45143,2019,5564,Food Fish - Resident
45158,2019,343,Food Fish - Resident
45162,2019,2030,Horseshoe Crab - Resident
45162,2019,2030,Crab - Resident
45162,2019,3756,Food Fish - Resident
45164,2019,15741,Ribbed Mussel - Bait
45164,2019,313,Horseshoe Crab - Resident
45164,2019,313,Crab - Resident
45164,2019,661,Food Fish - Resident
45164,2019,80,Menhaden Purse Seine 30 GT or less
45168,2019,18198,Ribbed Mussel - Bait
45168,2019,2467,Horseshoe Crab - Resident
45168,2019,2467,Crab - Resident
45169,2019,5646,Food Fish - Resident
45186,2019,2877,Food Fish - Resident
45186,2019,3961,Horseshoe Crab - Resident
45186,2019,3961,Crab - Resident
45192,2019,1124,Whelk - Resident
45192,2019,411,Horseshoe Crab - Resident
45192,2019,411,Crab - Resident
45192,2019,962,Food Fish - Resident
45197,2019,263,Horseshoe Crab - Resident
45197,2019,263,Crab - Resident
45197,2019,507,Food Fish - Resident
45197,2019,5393,Lobster - Resident
45197,2019,88,Party/Charter Boat
45211,2019,1786,Food Fish - Resident
45213,2019,3372,Food Fish - Resident
45214,2019,3838,Food Fish - Resident
45215,2019,3151,Food Fish - Resident
45215,2019,60,Horseshoe Crab - Resident
45215,2019,60,Crab - Resident
45219,2019,2571,Crab - Resident
45219,2019,3597,Food Fish - Resident
45227,2019,2158,Food Fish - Resident
45241,2019,305,Crab - NR
45244,2019,1891,Food Fish - Resident
45278,2019,1122,Food Fish - Resident
45278,2019,143,Lobster - Resident
45278,2019,463,Crab - Resident
45279,2019,1917,Lobster - Resident
45279,2019,2122,Crab - Resident
45279,2019,822,Food Fish - Resident
45283,2019,947,Food Fish - Resident
45303,2019,390,Food Fish - Resident
45303,2019,4031,Horseshoe Crab - Resident
45303,2019,4031,Crab - Resident
45303,2019,988,Lobster - Resident
45303,2019,988,Lobster Bait Gill Net
45312,2019,1009,Whelk - Resident
45312,2019,26,Horseshoe Crab - Resident
45312,2019,26,Crab - Resident
45312,2019,529,Food Fish - Resident
45327,2019,3269,Food Fish - Resident
45327,2019,4006,Crab - Resident
45328,2019,1933,Food Fish - Resident
45328,2019,5802,Lobster - Resident
45328,2019,868,Crab - Resident
45338,2019,206,Horseshoe Crab - Resident
45338,2019,206,Crab - Resident
45338,2019,315,Food Fish - Resident
45343,2019,1022,Whelk - NR
45343,2019,2014,Lobster - NR
45346,2019,1409,Whelk - Resident
45346,2019,1412,Lobster - Resident
45346,2019,317,Horseshoe Crab - Resident
45346,2019,317,Crab - Resident
45346,2019,668,Food Fish - Resident
45353,2019,4019,Food Fish - Resident
45354,2019,201445,Food Fish Landing
45354,2019,54,Lobster - Resident
45365,2019,2374,Horseshoe Crab - Resident
45365,2019,2374,Crab - Resident
45365,2019,4085,Food Fish - Resident
45367,2019,3355,Food Fish - Resident
45371,2019,676,Food Fish - Resident
45381,2019,4001,Crab - Resident
45381,2019,44,Lobster - Resident
45381,2019,44,Lobster Bait Gill Net
45381,2019,5477,Food Fish - Resident
45385,2019,1008,Whelk - Resident
45385,2019,1481,Horseshoe Crab - Resident
45385,2019,1481,Crab - Resident
45385,2019,2859,Food Fish - Resident
45385,2019,5962,Lobster - Resident
45387,2019,125,Food Fish - Resident
45387,2019,165,Crab - Resident
45399,2019,11074,Food Fish/Crustacea Dealer/Shipper
45399,2019,2497,Party/Charter Boat
45399,2019,2559,Food Fish - Resident
45399,2019,4026,Horseshoe Crab - Resident
45399,2019,4026,Crab - Resident
45404,2019,5175,Lobster - Resident
45404,2019,528,Food Fish - Resident
45420,2019,1512,Lobster - Resident
45420,2019,1935,Food Fish - Resident
45420,2019,869,Crab - Resident
45427,2019,4316,Food Fish - Resident
45439,2019,3290,Food Fish - Resident
45454,2019,10421,Food Fish/Crustacea Dealer/Shipper
45454,2019,2311,Food Fish - Resident
45454,2019,460,Lobster - Resident
45455,2019,1099,Whelk - Resident
45455,2019,1502,Lobster - Resident
45455,2019,154,Food Fish - Resident
45455,2019,616,Horseshoe Crab - Resident
45455,2019,616,Crab - Resident
45463,2019,21,Horseshoe Crab - Resident
45463,2019,21,Crab - Resident
45463,2019,344,Food Fish - Resident
45463,2019,5345,Lobster - Resident
45480,2019,101491,Food Fish - NR
45480,2019,1342,Crab - NR
45491,2019,2776,Food Fish - Resident
45491,2019,72,Party/Charter Boat
45497,2019,2535,Lobster - Resident
45497,2019,4288,Food Fish - Resident
45508,2019,5432,Food Fish - Resident
45512,2019,1752,Horseshoe Crab - Resident
45512,2019,1752,Crab - Resident
45512,2019,3411,Food Fish - Resident
45514,2019,1314,Whelk - Resident
45514,2019,1732,Horseshoe Crab - Resident
45514,2019,1732,Crab - Resident
45514,2019,3254,Food Fish - Resident
45515,2019,4308,Food Fish - Resident
45519,2019,10770,Food Fish/Crustacea Dealer/Shipper
45519,2019,1409,Horseshoe Crab - Resident
45519,2019,1409,Crab - Resident
45519,2019,2748,Food Fish - Resident
45528,2019,1040,Food Fish - Resident
45528,2019,1676,Lobster - Resident
45528,2019,439,Horseshoe Crab - Resident
45528,2019,439,Crab - Resident
45533,2019,1806,Horseshoe Crab - Resident
45533,2019,1806,Crab - Resident
45533,2019,3271,Food Fish - Resident
45533,2019,5727,Lobster - Resident
45534,2019,5726,Lobster - Resident
45540,2019,201,Food Fish - Resident
45541,2019,5570,Food Fish - Resident
45544,2019,5456,Food Fish - Resident
45547,2019,2045,Horseshoe Crab - Resident
45547,2019,2045,Crab - Resident
45547,2019,5485,Lobster - Resident
45547,2019,974,Food Fish - Resident
45560,2019,10831,Food Fish/Crustacea Dealer/Shipper
45560,2019,1990,Party/Charter Boat
45560,2019,3023,Food Fish - Resident
45560,2019,3955,Horseshoe Crab - Resident
45560,2019,3955,Crab - Resident
45562,2019,129,Food Fish - Resident
45562,2019,2411,Lobster - Resident
45562,2019,9,Party/Charter Boat
45582,2019,10,Party/Charter Boat
45582,2019,127,Food Fish - Resident
45582,2019,161,Horseshoe Crab - Resident
45582,2019,161,Crab - Resident
45582,2019,5291,Lobster - Resident
45582,2019,5291,Lobster Bait Gill Net
45587,2019,2381,Party/Charter Boat
45589,2019,2826,Food Fish - Resident
45589,2019,5,Horseshoe Crab - Resident
45589,2019,5,Crab - Resident
45591,2019,2558,Horseshoe Crab - Resident
45591,2019,2558,Crab - Resident
45591,2019,5501,Food Fish - Resident
45592,2019,2428,Horseshoe Crab - Resident
45592,2019,2428,Crab - Resident
45592,2019,5552,Food Fish - Resident
45602,2019,1009,Whelk - NR
45602,2019,102535,Food Fish - NR
45602,2019,9066,Lobster - NR
45606,2019,2379,Horseshoe Crab - Resident
45606,2019,2379,Crab - Resident
45611,2019,2006,Horseshoe Crab - Resident
45611,2019,2006,Crab - Resident
45611,2019,3607,Food Fish - Resident
45612,2019,59,Food Fish - Resident
45617,2019,101521,Food Fish - NR
45617,2019,224,Crab - NR
45622,2019,3340,Food Fish - Resident
45622,2019,3960,Horseshoe Crab - Resident
45622,2019,3960,Crab - Resident
45624,2019,1326,Crab - Resident
45624,2019,1652,Food Fish - Resident
45624,2019,2246,Lobster - Resident
45631,2019,1590,Food Fish - Resident
45631,2019,796,Horseshoe Crab - Resident
45631,2019,796,Crab - Resident
45632,2019,2414,Crab - Resident
45633,2019,5532,Food Fish - Resident
45673,2019,1069,Whelk - Resident
45673,2019,3987,Horseshoe Crab - Resident
45673,2019,3987,Crab - Resident
45673,2019,5514,Food Fish - Resident
45677,2019,2230,Food Fish - Resident
45682,2019,3104,Food Fish - Resident
45689,2019,1381,Whelk - Resident
45689,2019,28,Food Fish - Resident
45689,2019,978,Lobster - Resident
45702,2019,1092,Whelk - Resident
45702,2019,1847,Food Fish - Resident
45702,2019,2357,Lobster - Resident
45702,2019,443,Horseshoe Crab - Resident
45702,2019,443,Crab - Resident
45711,2019,1245,Whelk - Resident
45711,2019,4017,Crab - Resident
45711,2019,5547,Food Fish - Resident
45713,2019,87,Food Fish - Resident
45717,2019,1215,Marine Bait
45717,2019,2128,Horseshoe Crab - Resident
45717,2019,2128,Crab - Resident
45717,2019,2624,Party/Charter Boat
45735,2019,3906,Horseshoe Crab - Resident
45735,2019,3906,Crab - Resident
45735,2019,4334,Food Fish - Resident
45741,2019,907,Food Fish - Resident
45743,2019,9123,Food Fish/Crustacea Dealer/Shipper
45744,2019,2920,Food Fish - Resident
45744,2019,444,Lobster - Resident
45760,2019,3644,Food Fish - Resident
45760,2019,5998,Lobster - Resident
45776,2019,1138,Whelk - Resident
45776,2019,1568,Horseshoe Crab - Resident
45776,2019,1568,Crab - Resident
45776,2019,1596,Lobster - Resident
45776,2019,3101,Food Fish - Resident
45792,2019,1656,Food Fish - Resident
45792,2019,66,Party/Charter Boat
45798,2019,1214,Whelk - Resident
45798,2019,1459,Lobster - Resident
45798,2019,509,Food Fish - Resident
45805,2019,1016,Food Fish - Resident
45805,2019,1031,Whelk - Resident
45805,2019,2242,Horseshoe Crab - Resident
45805,2019,2242,Crab - Resident
45807,2019,1077,Whelk - Resident
45807,2019,2046,Horseshoe Crab - Resident
45807,2019,2046,Crab - Resident
45807,2019,2233,Food Fish - Resident
45807,2019,2722,Lobster - Resident
45809,2019,2357,Party/Charter Boat
45814,2019,2369,Horseshoe Crab - Resident
45814,2019,2369,Crab - Resident
45819,2019,1111,Marine Bait
45819,2019,2002,Horseshoe Crab - Resident
45819,2019,2002,Crab - Resident
45819,2019,3605,Food Fish - Resident
45822,2019,1089,Crab - Resident
45822,2019,2315,Food Fish - Resident
45822,2019,5927,Lobster - Resident
45827,2019,1132,Whelk - Resident
45827,2019,1363,Food Fish - Resident
45827,2019,518,Horseshoe Crab - Resident
45827,2019,518,Crab - Resident
45831,2019,1011,Lobster Bait Gill Net
45831,2019,10979,Food Fish/Crustacea Dealer/Shipper
45831,2019,1194,Menhaden Purse Seine 30 GT or less
45831,2019,1285,Whelk - Resident
45831,2019,1492,Lobster - Resident
45831,2019,150,Horseshoe Crab - Resident
45831,2019,150,Crab - Resident
45831,2019,492,Lobster - Resident
45831,2019,76,Food Fish - Resident
45852,2019,1312,Whelk - Resident
45852,2019,1992,Food Fish - Resident
45854,2019,1570,Crab - Resident
45854,2019,1638,Lobster - Resident
45854,2019,2769,Food Fish - Resident
45855,2019,1257,Marine Bait
45869,2019,257,Party/Charter Boat
45870,2019,1268,Whelk - Resident
45870,2019,1760,Food Fish - Resident
45870,2019,2313,Horseshoe Crab - Resident
45870,2019,2313,Crab - Resident
45890,2019,1068,Whelk - Resident
45890,2019,2836,Food Fish - Resident
45890,2019,35,Horseshoe Crab - Resident
45890,2019,35,Crab - Resident
45894,2019,3140,Food Fish - Resident
45896,2019,10717,Food Fish/Crustacea Dealer/Shipper
45896,2019,2100,Horseshoe Crab - Resident
45896,2019,2100,Crab - Resident
45896,2019,403,Food Fish - Resident
45897,2019,1399,Whelk - Resident
45897,2019,1960,Food Fish - Resident
45897,2019,2119,Horseshoe Crab - Resident
45897,2019,2119,Crab - Resident
45903,2019,1873,Food Fish - Resident
45904,2019,107,Food Fish - Resident
45904,2019,1071,Whelk - Resident
45904,2019,11014,Food Fish/Crustacea Dealer/Shipper
45904,2019,159,Horseshoe Crab - Resident
45904,2019,159,Crab - Resident
45908,2019,3926,Horseshoe Crab - Resident
45908,2019,3926,Crab - Resident
45908,2019,5450,Food Fish - Resident
45913,2019,193,Crab - Resident
45913,2019,245,Food Fish - Resident
45915,2019,694,Food Fish - Resident
45931,2019,103,Food Fish - Resident
45931,2019,157,Crab - Resident
45931,2019,2710,Lobster - Resident
45931,2019,2710,Lobster Bait Gill Net
45933,2019,2010,Lobster - Resident
45933,2019,2967,Food Fish - Resident
45946,2019,1371,Whelk - Resident
45946,2019,3935,Horseshoe Crab - Resident
45946,2019,3935,Crab - Resident
45946,2019,5617,Food Fish - Resident
45948,2019,10783,Food Fish/Crustacea Dealer/Shipper
45948,2019,1125,Whelk - Resident
45948,2019,1397,Lobster - Resident
45948,2019,1965,Food Fish - Resident
45948,2019,2072,Horseshoe Crab - Resident
45948,2019,2072,Crab - Resident
45958,2019,37,Food Fish - Resident
45958,2019,5268,Lobster - Resident
45958,2019,73,Horseshoe Crab - Resident
45958,2019,73,Crab - Resident
45969,2019,295,Party/Charter Boat
45988,2019,101524,Food Fish - NR
45988,2019,1025,Whelk - NR
45988,2019,704,Lobster - NR
45999,2019,101511,Food Fish - NR
45999,2019,1547,Party/Charter Boat
46004,2019,1725,Food Fish - Resident
46004,2019,4063,Horseshoe Crab - Resident
46004,2019,4063,Crab - Resident
46011,2019,1212,Whelk - Resident
46011,2019,1686,Food Fish - Resident
46011,2019,1694,Horseshoe Crab - Resident
46011,2019,1694,Crab - Resident
46011,2019,3572,Lobster - Resident
46022,2019,3972,Horseshoe Crab - Resident
46022,2019,3972,Crab - Resident
46022,2019,5475,Lobster - Resident
46022,2019,949,Food Fish - Resident
46025,2019,1360,Whelk - Resident
46025,2019,1547,Lobster - Resident
46025,2019,903,Food Fish - Resident
46026,2019,1419,Whelk - Resident
46026,2019,3127,Food Fish - Resident
46026,2019,4056,Horseshoe Crab - Resident
46026,2019,4056,Crab - Resident
46044,2019,1048,Crab - Resident
46044,2019,2264,Food Fish - Resident
46045,2019,1330,Crab - Resident
46045,2019,2653,Food Fish - Resident
46045,2019,79,Party/Charter Boat
46047,2019,201521,Food Fish Landing
46050,2019,3858,Horseshoe Crab - Resident
46050,2019,3858,Crab - Resident
46052,2019,3833,Food Fish - Resident
46054,2019,1220,Whelk - Resident
46054,2019,1392,Horseshoe Crab - Resident
46054,2019,1392,Crab - Resident
46054,2019,2723,Food Fish - Resident
46060,2019,223,Party/Charter Boat
46061,2019,1018,Lobster - Resident
46061,2019,472,Food Fish - Resident
46100,2019,2597,Crab - Resident
46100,2019,302,Food Fish - Resident
46102,2019,101470,Food Fish - NR
46102,2019,1363,Horseshoe Crab - NR
46102,2019,1363,Crab - NR
46108,2019,1303,Whelk - Resident
46108,2019,3824,Horseshoe Crab - Resident
46108,2019,3824,Crab - Resident
46117,2019,1045,Food Fish - Resident
46132,2019,1010,Whelk - Resident
46132,2019,1014,Food Fish - Resident
46132,2019,1610,Lobster - Resident
46132,2019,429,Horseshoe Crab - Resident
46132,2019,429,Crab - Resident
46146,2019,5480,Food Fish - Resident
46149,2019,1382,Whelk - Resident
46157,2019,19,Lobster - Resident
46157,2019,3997,Horseshoe Crab - Resident
46157,2019,3997,Crab - Resident
46157,2019,637,Food Fish - Resident
46172,2019,361,Food Fish - Resident
46177,2019,372,Horseshoe Crab - Resident
46177,2019,372,Crab - Resident
46216,2019,3489,Food Fish - Resident
46228,2019,9191,Food Fish/Crustacea Dealer/Shipper
46229,2019,9141,Food Fish/Crustacea Dealer/Shipper
46232,2019,9314,Food Fish/Crustacea Dealer/Shipper
46234,2019,10891,Food Fish/Crustacea Dealer/Shipper
46239,2019,9293,Food Fish/Crustacea Dealer/Shipper
46245,2019,9194,Food Fish/Crustacea Dealer/Shipper
46256,2019,189,Food Fish - Resident
46263,2019,9006,Food Fish/Crustacea Dealer/Shipper
46272,2019,9319,Food Fish/Crustacea Dealer/Shipper
46275,2019,9043,Food Fish/Crustacea Dealer/Shipper
46276,2019,9025,Food Fish/Crustacea Dealer/Shipper
46279,2019,9068,Food Fish/Crustacea Dealer/Shipper
46280,2019,9367,Food Fish/Crustacea Dealer/Shipper
46281,2019,9051,Food Fish/Crustacea Dealer/Shipper
46284,2019,9140,Food Fish/Crustacea Dealer/Shipper
46293,2019,9012,Food Fish/Crustacea Dealer/Shipper
46295,2019,9066,Food Fish/Crustacea Dealer/Shipper
46297,2019,9001,Food Fish/Crustacea Dealer/Shipper
46298,2019,9046,Food Fish/Crustacea Dealer/Shipper
46300,2019,9075,Food Fish/Crustacea Dealer/Shipper
46307,2019,9291,Food Fish/Crustacea Dealer/Shipper
46308,2019,9296,Food Fish/Crustacea Dealer/Shipper
46311,2019,9222,Food Fish/Crustacea Dealer/Shipper
46312,2019,9323,Food Fish/Crustacea Dealer/Shipper
46313,2019,9174,Food Fish/Crustacea Dealer/Shipper
46314,2019,9333,Food Fish/Crustacea Dealer/Shipper
46318,2019,9244,Food Fish/Crustacea Dealer/Shipper
46320,2019,9260,Food Fish/Crustacea Dealer/Shipper
46321,2019,9112,Food Fish/Crustacea Dealer/Shipper
46323,2019,9317,Food Fish/Crustacea Dealer/Shipper
46325,2019,9185,Food Fish/Crustacea Dealer/Shipper
46330,2019,9085,Food Fish/Crustacea Dealer/Shipper
46337,2019,9165,Food Fish/Crustacea Dealer/Shipper
46341,2019,9069,Food Fish/Crustacea Dealer/Shipper
46344,2019,9376,Food Fish/Crustacea Dealer/Shipper
46346,2019,9152,Food Fish/Crustacea Dealer/Shipper
46347,2019,9266,Food Fish/Crustacea Dealer/Shipper
46348,2019,9080,Food Fish/Crustacea Dealer/Shipper
46351,2019,9263,Food Fish/Crustacea Dealer/Shipper
46352,2019,9240,Food Fish/Crustacea Dealer/Shipper
46361,2019,9187,Food Fish/Crustacea Dealer/Shipper
46364,2019,9255,Food Fish/Crustacea Dealer/Shipper
46365,2019,9157,Food Fish/Crustacea Dealer/Shipper
46366,2019,9060,Food Fish/Crustacea Dealer/Shipper
46370,2019,9196,Food Fish/Crustacea Dealer/Shipper
46371,2019,9128,Food Fish/Crustacea Dealer/Shipper
46372,2019,9201,Food Fish/Crustacea Dealer/Shipper
46378,2019,9268,Food Fish/Crustacea Dealer/Shipper
46383,2019,9033,Food Fish/Crustacea Dealer/Shipper
46385,2019,9027,Food Fish/Crustacea Dealer/Shipper
46386,2019,9242,Food Fish/Crustacea Dealer/Shipper
46390,2019,10828,Food Fish/Crustacea Dealer/Shipper
46392,2019,9156,Food Fish/Crustacea Dealer/Shipper
46399,2019,9106,Food Fish/Crustacea Dealer/Shipper
46406,2019,9374,Food Fish/Crustacea Dealer/Shipper
46407,2019,9017,Food Fish/Crustacea Dealer/Shipper
46408,2019,9138,Food Fish/Crustacea Dealer/Shipper
46409,2019,9004,Food Fish/Crustacea Dealer/Shipper
46414,2019,9167,Food Fish/Crustacea Dealer/Shipper
46415,2019,9026,Food Fish/Crustacea Dealer/Shipper
46418,2019,9153,Food Fish/Crustacea Dealer/Shipper
46421,2019,9228,Food Fish/Crustacea Dealer/Shipper
46422,2019,9107,Food Fish/Crustacea Dealer/Shipper
46423,2019,9247,Food Fish/Crustacea Dealer/Shipper
46426,2019,9204,Food Fish/Crustacea Dealer/Shipper
46429,2019,9236,Food Fish/Crustacea Dealer/Shipper
46433,2019,9168,Food Fish/Crustacea Dealer/Shipper
46434,2019,9114,Food Fish/Crustacea Dealer/Shipper
46435,2019,9053,Food Fish/Crustacea Dealer/Shipper
46438,2019,9159,Food Fish/Crustacea Dealer/Shipper
46447,2019,9175,Food Fish/Crustacea Dealer/Shipper
46449,2019,9133,Food Fish/Crustacea Dealer/Shipper
46466,2019,9207,Food Fish/Crustacea Dealer/Shipper
46467,2019,2550,Food Fish - Resident
46469,2019,11126,Food Fish/Crustacea Dealer/Shipper
46472,2019,9108,Food Fish/Crustacea Dealer/Shipper
46473,2019,9206,Food Fish/Crustacea Dealer/Shipper
46479,2019,9150,Food Fish/Crustacea Dealer/Shipper
46481,2019,9231,Food Fish/Crustacea Dealer/Shipper
46483,2019,9178,Food Fish/Crustacea Dealer/Shipper
46484,2019,9357,Food Fish/Crustacea Dealer/Shipper
46486,2019,9134,Food Fish/Crustacea Dealer/Shipper
46488,2019,9164,Food Fish/Crustacea Dealer/Shipper
46489,2019,9146,Food Fish/Crustacea Dealer/Shipper
46493,2019,9031,Food Fish/Crustacea Dealer/Shipper
46499,2019,9287,Food Fish/Crustacea Dealer/Shipper
46502,2019,9309,Food Fish/Crustacea Dealer/Shipper
46503,2019,9199,Food Fish/Crustacea Dealer/Shipper
46505,2019,9200,Food Fish/Crustacea Dealer/Shipper
46510,2019,121,Menhaden Purse Seine 30 GT or less
46510,2019,141,Menhaden Purse Seine 30 - 200 GT
46511,2019,101333,Food Fish - NR
46529,2019,140,Party/Charter Boat
46537,2019,2538,Food Fish - Resident
46540,2019,2235,Food Fish - Resident
46540,2019,77,Party/Charter Boat
46545,2019,24,Party/Charter Boat
46548,2019,2,Party/Charter Boat
46549,2019,2360,Party/Charter Boat
46549,2019,54,Party/Charter Boat
46551,2019,12,Party/Charter Boat
46552,2019,46,Party/Charter Boat
46555,2019,47,Party/Charter Boat
46561,2019,244,Food Fish - Resident
46561,2019,71,Party/Charter Boat
46564,2019,2353,Party/Charter Boat
46565,2019,1831,Party/Charter Boat
46565,2019,35,Party/Charter Boat
46565,2019,37,Party/Charter Boat
46567,2019,74,Party/Charter Boat
46570,2019,170,Party/Charter Boat
46571,2019,145,Party/Charter Boat
46573,2019,151,Party/Charter Boat
46574,2019,268,Party/Charter Boat
46576,2019,241,Party/Charter Boat
46579,2019,211,Food Fish - Resident
46579,2019,254,Party/Charter Boat
46581,2019,288,Party/Charter Boat
46583,2019,2083,Food Fish - Resident
46583,2019,42,Party/Charter Boat
46589,2019,96,Party/Charter Boat
46594,2019,27,Party/Charter Boat
46606,2019,49,Party/Charter Boat
46607,2019,143,Party/Charter Boat
46607,2019,2001,Party/Charter Boat
46609,2019,2066,Party/Charter Boat
46611,2019,1248,Marine Bait
46611,2019,150,Party/Charter Boat
46616,2019,225,Party/Charter Boat
46620,2019,1,Party/Charter Boat
46620,2019,296,Food Fish - Resident
46627,2019,171,Party/Charter Boat
46628,2019,142,Party/Charter Boat
46629,2019,152,Party/Charter Boat
46630,2019,65,Party/Charter Boat
46637,2019,14,Party/Charter Boat
46642,2019,1815,Party/Charter Boat
46645,2019,20,Party/Charter Boat
46651,2019,10592,Food Fish/Crustacea Dealer/Shipper
46651,2019,128,Party/Charter Boat
46651,2019,2219,Food Fish - Resident
46654,2019,25,Party/Charter Boat
46655,2019,63,Party/Charter Boat
46657,2019,371,Party/Charter Boat
46659,2019,190,Party/Charter Boat
46661,2019,433,Party/Charter Boat
46663,2019,50,Party/Charter Boat
46664,2019,204,Party/Charter Boat
46666,2019,29,Party/Charter Boat
46670,2019,33,Party/Charter Boat
46671,2019,89,Party/Charter Boat
46674,2019,393,Party/Charter Boat
46677,2019,406,Party/Charter Boat
46678,2019,123,Party/Charter Boat
46678,2019,2059,Food Fish - Resident
46681,2019,101514,Food Fish - NR
46690,2019,101364,Food Fish - NR
46698,2019,101407,Food Fish - NR
46698,2019,101454,Food Fish - NR
46698,2019,1195,Menhaden Purse Seine 30 - 200 GT
46698,2019,201676,Food Fish Landing
46700,2019,101485,Food Fish - NR
46704,2019,101500,Food Fish - NR
46707,2019,101499,Food Fish - NR
46708,2019,101330,Food Fish - NR
46710,2019,101489,Food Fish - NR
46715,2019,101336,Food Fish - NR
46742,2019,377,Food Fish - Resident
46747,2019,4,Food Fish - Resident
46749,2019,1766,Food Fish - Resident
46756,2019,3467,Food Fish - Resident
46757,2019,201649,Food Fish Landing
46762,2019,10416,Food Fish/Crustacea Dealer/Shipper
46762,2019,3620,Food Fish - Resident
46763,2019,2556,Food Fish - Resident
46763,2019,742,Food Fish - Resident
46765,2019,2995,Food Fish - Resident
46767,2019,3658,Food Fish - Resident
46773,2019,158,Food Fish - Resident
46774,2019,10733,Food Fish/Crustacea Dealer/Shipper
46774,2019,3275,Food Fish - Resident
46776,2019,201582,Food Fish Landing
46776,2019,2517,Food Fish - Resident
46777,2019,2340,Food Fish - Resident
46777,2019,2340,Alternate Vessel
46778,2019,141,Food Fish - Resident
46779,2019,1065,Lobster Landing
46779,2019,215,Food Fish - Resident
46779,2019,215,Alternate Vessel
46791,2019,3243,Food Fish - Resident
46792,2019,3043,Food Fish - Resident
46793,2019,3268,Food Fish - Resident
46794,2019,2993,Food Fish - Resident
46815,2019,10432,Food Fish/Crustacea Dealer/Shipper
46823,2019,10930,Food Fish/Crustacea Dealer/Shipper
46831,2019,9361,Food Fish/Crustacea Dealer/Shipper
46863,2019,9059,Food Fish/Crustacea Dealer/Shipper
46869,2019,10523,Food Fish/Crustacea Dealer/Shipper
46872,2019,10607,Food Fish/Crustacea Dealer/Shipper
46876,2019,11136,Food Fish/Crustacea Dealer/Shipper
46883,2019,10886,Food Fish/Crustacea Dealer/Shipper
46887,2019,10875,Food Fish/Crustacea Dealer/Shipper
46891,2019,10433,Food Fish/Crustacea Dealer/Shipper
46895,2019,10487,Food Fish/Crustacea Dealer/Shipper
46899,2019,10519,Food Fish/Crustacea Dealer/Shipper
46901,2019,10558,Food Fish/Crustacea Dealer/Shipper
46903,2019,10473,Food Fish/Crustacea Dealer/Shipper
46910,2019,9007,Food Fish/Crustacea Dealer/Shipper
46916,2019,10417,Food Fish/Crustacea Dealer/Shipper
46917,2019,11037,Food Fish/Crustacea Dealer/Shipper
46924,2019,10553,Food Fish/Crustacea Dealer/Shipper
46927,2019,10427,Food Fish/Crustacea Dealer/Shipper
46929,2019,9139,Food Fish/Crustacea Dealer/Shipper
46931,2019,10483,Food Fish/Crustacea Dealer/Shipper
46938,2019,10470,Food Fish/Crustacea Dealer/Shipper
46941,2019,9052,Food Fish/Crustacea Dealer/Shipper
46950,2019,10522,Food Fish/Crustacea Dealer/Shipper
46954,2019,9002,Food Fish/Crustacea Dealer/Shipper
46956,2019,10520,Food Fish/Crustacea Dealer/Shipper
46957,2019,10484,Food Fish/Crustacea Dealer/Shipper
46961,2019,9077,Food Fish/Crustacea Dealer/Shipper
46966,2019,9285,Food Fish/Crustacea Dealer/Shipper
46968,2019,9217,Food Fish/Crustacea Dealer/Shipper
46970,2019,10880,Food Fish/Crustacea Dealer/Shipper
46975,2019,11334,Food Fish/Crustacea Dealer/Shipper
46985,2019,10514,Food Fish/Crustacea Dealer/Shipper
46986,2019,10876,Food Fish/Crustacea Dealer/Shipper
46990,2019,10525,Food Fish/Crustacea Dealer/Shipper
46992,2019,10515,Food Fish/Crustacea Dealer/Shipper
46994,2019,10518,Food Fish/Crustacea Dealer/Shipper
46997,2019,9137,Food Fish/Crustacea Dealer/Shipper
46998,2019,10516,Food Fish/Crustacea Dealer/Shipper
46999,2019,10569,Food Fish/Crustacea Dealer/Shipper
470050,2019,1504,Party/Charter Boat
500051,2019,1920,Horseshoe Crab - Resident
500051,2019,1920,Crab - Resident
510054,2019,1007,Whelk - NR
510054,2019,1351,Horseshoe Crab - NR
510054,2019,1351,Crab - NR
520054,2019,1272,Whelk - Resident
520054,2019,3941,Horseshoe Crab - Resident
520054,2019,3941,Crab - Resident
520054,2019,5465,Food Fish - Resident
530054,2019,2331,Food Fish - Resident
550058,2019,5514,Food Fish - Resident
570059,2019,10391,Food Fish/Crustacea Dealer/Shipper
570060,2019,1008,Whelk - NR
650068,2019,9386,Food Fish/Crustacea Dealer/Shipper
650076,2019,9039,Food Fish/Crustacea Dealer/Shipper
740076,2019,10395,Food Fish/Crustacea Dealer/Shipper
830101,2019,1965,Lobster - Resident
830113,2019,9381,Food Fish/Crustacea Dealer/Shipper
880089,2019,1794,Party/Charter Boat
880089,2019,2093,Party/Charter Boat
890091,2019,201356,Food Fish Landing
920093,2019,5416,Food Fish - Resident
970098,2019,4057,Horseshoe Crab - Resident
970098,2019,4057,Crab - Resident
970098,2019,5628,Food Fish - Resident
99992988,2019,2988,Federal Dealer - NR
99993762,2019,3762,Federal Dealer - NR
99994124,2019,4124,Federal Dealer - NR
99994408,2019,4408,Federal Dealer - NR
