Username,Corporate Name,Last Name,First Name,File Upload?,Status,Participant ID,Middle name,Name suffix,Entry date,Last login,Issuing agency,System Id
D800RYE,YAMA SEAFOOD INC,,,N,ACTIVE,11795,,,,08/02/2012,NMFS-NER,EDR
D1425GQP,MULTI AQUACULTURE SYSTEMS INC,,,N,ACTIVE,11799,,,,04/23/2025,NMFS-NER,EDR
D857EHQ,CALEB HALEY & CO LLC,SMITH,NEIL,Y,ACTIVE,11846,H,,,12/18/2014,NMFS-NER,EDR
D1882JTC,TIM HATCH,HATCH,TIMOTHY,N,ACTIVE,11874,R,,,04/23/2025,NMFS-NER,EDR
D1331TXT,JONES INLET PACKING CO LTD,,,N,ACTIVE,11897,,,,05/18/2021,NMFS-NER,EDR
NYSUPER,CCE,,,N,ACTIVE,11735,,,,12/19/2014,NY,ETRIP-DE
D2911AOG,SUNRISE LOBSTER CO,,,N,ACTIVE,12065,,,,05/11/2004,NMFS-NER,EDR
D3087YFI,CORCORAN DELIVERY,,,Y,ACTIVE,12120,,,,09/21/2010,NMFS-NER,EDR
D1990SSD,EMERALD SEAFOOD COMPANY INC,,,Y,ACTIVE,11912,,,,04/23/2025,NMFS-NER,EDR
MROMANOSKI,CCE,,,N,ACTIVE,11735,,,06/11/2007,10/19/2010,NY,ETRIP-DE
D0286MA,IPSWICH SHELLFISH CO INC,,,Y,ACTIVE,11871,,,04/07/2006,06/11/2010,MA,EDR
D4235QRT,JOHN B FIELDS JR,FIELDS,JOHN,N,ACTIVE,63291,B,JR,02/07/2014,12/29/2024,NMFS-NER,EDR
D3355XMH,BLUE MOON FISH INC,VILLANI,ALEXANDER,N,ACTIVE,12217,,,,05/20/2014,NMFS-NER,EDR
LCBRYDE,NYSDEC,BRYDE,LAUREN,N,INACTIVE,177034,,,01/20/2012,12/04/2013,NY,SMS
LOUIS_EGNATOVICH,,EGNATOVICH,LOUIS,N,ACTIVE,38591,,,05/29/2008,,NJ,ETRIP
MDAVIDSON,NYSDEC,DAVIDSON,MAUREEN,N,INACTIVE,115215,,,10/23/2008,08/31/2020,NY,EDR-DE
DEBMCGOWAN,DAVE HANDRIGAN SFD INC,,,Y,ACTIVE,687,,,,04/24/2025,NMFS-NER,EDR
D3922CQD,DBA MERKEN FISHERIES,,,Y,ACTIVE,128208,,,08/28/2009,07/06/2020,NMFS-NER,EDR
JLRYAN,NYSDEC,RYAN,JENNIFER,N,INACTIVE,132295,,,01/22/2010,02/22/2013,NY,EDR-DE
D2663TYT,BEYOND INTERNATIONAL,CHI,CALVIN,N,ACTIVE,1762,,,11/10/2009,02/26/2010,NMFS-NER,EDR
STUMMINIA2,STEVE TUMMINIA,TUMMINIA,STEVE,N,ACTIVE,39282,P,,07/07/2011,01/14/2025,NY,EDR
JMANISCALCO,NYSDEC,MANISCALCO,JOHN,N,INACTIVE,128948,,,09/29/2009,07/23/2014,NY,ETRIP-DE
PLIMULUS,NYSDEC,LIMULUS,POLLY,N,INACTIVE,128950,,,09/29/2009,05/06/2014,NY,ETRIP-DE
D3936BXQ,JOHN DAVI FISHING CORP,DAVI,JOHN,Y,ACTIVE,76514,,JR,01/22/2010,03/28/2025,NMFS-NER,EDR
PARADOX,,DUMAIS,SANDRA,,ACTIVE,39976,A,,03/04/2011,11/02/2024,NY,ETRIP
JMCMURRAY,,MCMURRAY,JOHN,N,ACTIVE,37651,G,,03/02/2010,02/12/2025,NY,ETRIP
POLEBEARER,WAKE BOAT CHARTER INC,,,,ACTIVE,170034,,,08/01/2011,10/08/2011,NY,ETRIP
JEFFARTHUR,,ARTHUR,JEFFREY,N,ACTIVE,39087,,,03/15/2013,04/25/2013,NY,ETRIP
JMANN2823,JEFFREY MANNHEIMER,MANNHEIMER,JEFFREY,N,ACTIVE,40121,,,05/03/2013,03/05/2025,NY,ETRIP
LLBAIT,M & M FISHERIES INC,,,N,ACTIVE,179360,,,04/15/2013,04/17/2025,NY,EDR
TTSE,,TSE,TIAN WEI,N,ACTIVE,105588,,,02/07/2014,04/22/2025,NY,EDR
PRIMETIME3,M & J BOCCIO INC,,,N,ACTIVE,195356,,,02/10/2014,07/05/2018,NY,ETRIP
KATIEG,,PEROS,DAVID,N,ACTIVE,195565,F,,02/21/2014,03/28/2015,NY,ETRIP
BILLYALSTER,,ALSTER,WILLIAM,N,ACTIVE,11073,C,,01/04/2013,12/06/2014,NY,ETRIP
JEGAUGER84,,GAUGER ,JULIE,N,ACTIVE,39889,,,07/26/2013,01/03/2025,NY,ETRIP
C161838MA,EAST END OUTDOOR LLC,BURGER,EUGENE,N,ACTIVE,166779,CHRISTOPHER,,06/22/2011,,MA,EDR
FIMELIAN,NYSDEC,MELIAN,FERNANDO,N,INACTIVE,194339,I,,12/11/2013,12/11/2013,NY,ETRIP-DE
MARSEAINC,MAR-SEA INC,,,Y,ACTIVE,76492,,,04/30/2013,04/23/2025,NY,EDR
FHAMPTON,FISH HAMPTON LLC,,,N,ACTIVE,98973,,,07/24/2013,,NY,EDR
PECONICBAY,,ZAMBER,PAUL,N,ACTIVE,37538,G,,05/17/2013,04/11/2025,NY,ETRIP
VITAMINSEA,,MASSERIA,FRANK,Y,ACTIVE,36596,J,,01/03/2013,01/03/2013,NY,ETRIP
RICHARDDISAKSEN,,ISAKSEN,RICHARD,Y,ACTIVE,38357,D,,12/05/2013,04/14/2016,NJ,ETRIP
ROBERTGLYNN,,GLYNN,ROBERT,Y,ACTIVE,37892,,,11/18/2013,05/08/2014,NJ,EDR
MAINSQUEEZE,,STEADMAN,EDWARD,N,ACTIVE,189557,J,III,06/07/2013,12/22/2020,NY,ETRIP
HALLOCKNBC,,HALLOCK,ROBERT,N,ACTIVE,191176,C,III,07/16/2013,12/09/2016,NY,ETRIP
D4031WEA,JAMES KRAUS FISH CO INC,KRAUS,JAMES,N,ACTIVE,38740,,,01/11/2011,04/24/2025,NMFS-NER,EDR
D4031WEA,JAMES KRAUS FISH CO INC,KRAUS,JAMES,N,ACTIVE,38740,,,01/11/2011,04/24/2025,NMFS-NER,ETRIP
RRADUAZZO,,RADUAZZO,ROBERT,N,ACTIVE,36911,,,04/23/2012,11/07/2024,NY,ETRIP
TBUCCI061961,,BUCCI,THOMAS,N,ACTIVE,36859,J,,12/14/2010,12/14/2010,RI,ETRIP
WILLIAMALSTER,APRIL ROSE FISHERIES,ALSTER,WILLIAM,N,ACTIVE,140135,,,01/04/2013,02/22/2014,NY,EDR
JDEFILIPPI,ACCSP - DATA TEAM,ACCSP,DATA TEAM,Y,ACTIVE,189577,,,06/07/2013,04/20/2017,CT,SMS
NAURITI,,AURITI,NICHOLAS,N,ACTIVE,38975,,,07/01/2013,04/21/2025,NY,ETRIP
RBING528,,BING,ROGER,N,ACTIVE,177702,E,,07/02/2013,11/25/2024,NY,ETRIP
TOGTRAPPER,,PACE,ANTHONY,N,ACTIVE,37567,,,05/08/2013,05/08/2013,NY,EDR
THEOAK7,,ZATKOWSKI,SALVATORE,N,ACTIVE,189355,R,,05/30/2013,10/21/2024,NY,ETRIP
ARWEBB,,WEBB,ANNA,N,INACTIVE,177035,,,01/20/2012,11/01/2012,NY,ETRIP-DE
STANEK25,,STANEK,KEVIN,N,ACTIVE,189519,R,,06/05/2013,03/12/2016,NY,ETRIP
10660DIBE,,DIBENEDETTO,LINDA,,ACTIVE,165414,A,,06/06/2011,06/06/2011,NY,EDR
CMAZZEO,CCE,MAZZEO,CHRIS,N,ACTIVE,192938,,,09/10/2013,08/08/2017,NY,ETRIP-DE
JESSEJAMES,,NAKASHIAN,JACK,N,ACTIVE,196639,T,,09/15/2014,04/06/2025,NY,ETRIP
NORTHFORK,,WIGLEY,AUDREY,N,ACTIVE,190816,W,,07/09/2013,09/17/2020,NY,ETRIP
KDF1800,,FAY,KIRK,N,ACTIVE,201217,D,,08/07/2014,10/20/2021,NY,ETRIP
CLOVER,,MCGUIRE,CHRISTOPHER,N,ACTIVE,201797,H, ,09/02/2014,09/02/2014,NY,ETRIP
FKARP,HARBOR LIGHT  SOFTWARE,KARP,FRANCINE,N,ACTIVE,202183,,,09/15/2014,04/24/2025,RI,EDR-DE
FKARP,HARBOR LIGHT  SOFTWARE,KARP,FRANCINE,N,ACTIVE,202183,,,09/15/2014,04/24/2025,RI,ETRIP-DE
IMRION4,GREENPOINT SHELLFISH CO INC,,,N,ACTIVE,76549,,,03/14/2014,11/07/2018,NY,EDR
C159712MA,,WOBESER,ERNEST,,ACTIVE,39703,W,,06/14/2010,,MA,ETRIP
PWENCZEL,,WENCZEL,PETER,N,ACTIVE,37223,M,,02/21/2013,03/20/2025,NY,ETRIP
PWENCZEL,,WENCZEL,PETER,Y,ACTIVE,37223,M,,02/21/2013,03/20/2025,NY,EDR
MSTERN,NYSDEC,STERN,MARIAN,N,INACTIVE,133257,,,03/03/2010,08/25/2014,NY,ETRIP-DE
FRANKBLUME,,BLUME,FRANCIS,N,ACTIVE,36802,E,,05/08/2014,06/09/2014,NY,ETRIP
NITECAPT,OUTDOOR VENTURES LLC,,,N,ACTIVE,198321,,,06/10/2014,11/04/2021,NY,ETRIP
SCOMERICO,,COMERICO,SALVATORE,N,ACTIVE,11243,,,07/22/2013,03/14/2024,NY,EREC
BIGTROUBLE,TIME FLIES SPORTFISHING,,,N,ACTIVE,197765,,,09/23/2014,04/30/2023,NY,ETRIP
BENNIE,MJ FISHERIES INC,,,,ACTIVE,171836,,,09/08/2011,01/30/2014,NY,ETRIP
NOVEMBERRAIN,NOVEMBER RAIN CHARTERS LLC,,,N,ACTIVE,40314,,,06/20/2014,03/08/2025,NY,ETRIP
MSABATINO011980,,SABATINO,MICHAEL,,ACTIVE,197040,J,,04/13/2014,,NY,EREC
SANDRFISH,S & R FISHERIES INC,,,N,ACTIVE,40645,,,07/22/2013,,NY,EDR
D4299TEM,R & R PROD UNLIMITED INC,POMPILIO,ROBERT,N,ACTIVE,203297,U,,11/28/2014,10/17/2017,NMFS-NER,EDR
D1326IXT,JOE MONANI FISH CO,,,Y,ACTIVE,11894,,,,01/31/2024,NMFS-NER,EDR
PHILIPPAPALIA,,PAPALIA,PHILIP,Y,ACTIVE,62042,J,,11/18/2013,04/19/2025,NJ,ETRIP
WASABI,WASABI SPORTFISHING LLC,,,N,ACTIVE,166514,,,06/17/2011,08/30/2017,NY,ETRIP
D3274TQS,RESTLESS FISHERIS,,,N,ACTIVE,12198,,,,04/19/2025,NMFS-NER,EDR
D3279RRM,PIERLESS FISH CORP,,,N,ACTIVE,12201,,,,08/04/2020,NMFS-NER,EDR
WBROWN021982,,BROWN,WILLIAM,N,ACTIVE,196550,,A,03/26/2014,08/11/2014,NY,ETRIP
JARITA101975,JONATHAN ARITA,ARITA,JONATHAN,N,ACTIVE,37135,A,,05/25/2014,05/25/2014,NY,ETRIP
D2508MUQ,TOP CATCH INC,,,N,ACTIVE,11984,,,,10/10/2022,NMFS-NER,EDR
BUCKTAIL85,NYSDEC,UHLICH,ADAM,N,INACTIVE,177036,,,01/20/2012,08/20/2013,NY,SMS
AQUABESTGRAND,AQUA BEST INC,,,,ACTIVE,76687,,,05/22/2012,05/22/2012,NY,EDR
RTE,HAROLD L SNYDER INC,,,N,ACTIVE,40690,,,06/11/2007,,NY,ETRIP
BRIANW_BOYCE,BRI SCOTT INC,BOYCE,BRIAN,Y,ACTIVE,40556,W,,05/29/2008,01/12/2017,NJ,ETRIP
D3789VWP,,WARD,CASEY,,ACTIVE,27359,F,,03/27/2008,09/21/2009,NMFS-NER,EDR
BAIT,MARINE BAIT WHOLESALE,,,,ACTIVE,135077,,,05/02/2011,03/24/2025,RI,EDR
CAPTBARRYK,NATURAL RESOURCE RECOVERY MARINE,,,,ACTIVE,40499,,,07/17/2012,11/09/2018,NY,ETRIP
TBRESNAN,,BRESNAN,TIMOTHY,,ACTIVE,168174,W,,07/12/2011,07/12/2011,NY,ETRIP
BUG149,,EDWARDS,CHRISTOPHER,,ACTIVE,37440,I,,09/14/2011,01/03/2025,NY,EDR
D3842KGH,CINDI SEAFOOD CORP,KOKELL,THOMAS,N,ACTIVE,37566,,,09/09/2008,12/02/2010,NMFS-NER,EDR
EADEROSOC,,EADEROSO,CARMEN,,ACTIVE,159354,,,04/21/2011,12/26/2021,NY,ETRIP
AGGER,AGGER FISH CORP,,,N,ACTIVE,3771,,,09/29/2009,,NY,EDR
COLEARY,,O'LEARY,CHESTER,N,ACTIVE,188855,W,,07/15/2015,12/01/2015,NMFS-NER,ETRIP
OLDCAPTMARKENNE,,ENNE,MARK,N,ACTIVE,39549,E,,02/16/2017,04/22/2017,NY,ETRIP
CGALTIERI101987,,GALTIERI,CHRISTOPHER,N,ACTIVE,205453,J,,06/19/2015,06/21/2015,NY,ETRIP
LEMERY96,,LEMERY,ERIC,N,ACTIVE,39498,D,,04/18/2016,,NY,ETRIP
RSZTORC,,SZTORC,ROBERT,N,ACTIVE,36801,J,,01/11/2018,02/09/2018,NMFS-NER,ETRIP
DSCHROEDER041978,,SCHROEDER,DAVID,,ACTIVE,218745,,,10/11/2017,10/11/2017,NY,EREC
GENE,,BONIBERGER,EUGENE,N,ACTIVE,198097,M,,06/01/2015,03/07/2025,NY,ETRIP
SRAMSANIE031961,N/A,RAMSANIE,SATNARINE,N,ACTIVE,218561,,,09/21/2017,01/30/2023,NY,ETRIP
SEAWIFE4,SEA WIFE FISHERIES INC,,,N,ACTIVE,143455,,,12/20/2017,10/18/2018,NY,ETRIP
PAULFARNHAM,,FARNHAM,PAUL,N,ACTIVE,40182,,,10/05/2015,12/17/2023,NY,ETRIP
LUNDYZ11,,LUND,STEVEN,N,ACTIVE,210308,R,,07/06/2016,12/13/2023,NY,ETRIP
SCOMERICO101951,,COMERICO,SALVATORE,N,ACTIVE,11243,,,10/27/2015,03/02/2016,NY,EREC
LSTEINBERG,NYSDEC,STEINBERG,LAUREN,N,INACTIVE,210017,,,06/20/2016,03/30/2017,NY,SMS
GWALTERS,,WALTERS,GEORGE,N,ACTIVE,37143,L,,12/01/2016,12/01/2016,NY,ETRIP
BILLYTUNNEY,,TUNNEY,WILLIAM,N,ACTIVE,205192,C,,06/02/2015,06/02/2015,NY,ETRIP
PCAPUZZO,,CAPUZZO,PAUL,N,ACTIVE,198404,,,03/22/2016,03/02/2024,NY,ETRIP
HOOKPIRATE,HOOK PIRATE INC,WANDERER,MARK,N,ACTIVE,203874,,,02/03/2015,12/07/2024,NY,ETRIP
ANTHONY,,PUCCI,ANTHONY,N,ACTIVE,207411,J,,03/15/2017,03/26/2025,NY,ETRIP
LIFISH,LONG ISLAND FISHING CHARTERS INC,,,N,ACTIVE,217030,,,06/12/2017,04/23/2025,NY,ETRIP
FISHTANK,FISH TANK INDUSTRIES LLC,PAPAJOHN,MICHAEL,N,ACTIVE,193744,D,,01/19/2016,12/23/2018,NY,ETRIP
JAMESJBOGDEN,,BOGDEN,JAMES,N,ACTIVE,36920,J,,04/27/2017,10/14/2024,NY,ETRIP
D4375AXP,SHAOTANG LIU,LIU,SHAOTANG,N,ACTIVE,209236,,,05/03/2016,12/15/2017,NMFS-NER,EDR
GUPPY,,LYNCH,KEVIN,N,ACTIVE,210497,G,,07/18/2016,01/07/2025,NY,ETRIP
RETZEL,,ETZEL,RICHARD,N,ACTIVE,37574,,,04/25/2017,,NMFS-NER,EREC
ROBLEHNERT,NORTH FORK ADVENTURES INC,Lehnert,Robert,N,ACTIVE,197895,William,Jr.,01/26/2017,11/23/2024,NY,ETRIP
SWEDMAN,V AND G SEA PRODUCTS INC,,,N,ACTIVE,40290,,,04/17/2015,04/17/2015,NY,EDR
CFORSBERG,,FORSBERG,CARL,N,ACTIVE,187836,B,,07/07/2015,12/11/2024,NY,ETRIP
D4369NVR,DEENA LIPPMAN,LIPPMAN,DEENA,N,ACTIVE,208981,N,,04/08/2016,04/13/2025,NMFS-NER,ETRIP
RABOZZI,NYSDEC,BOZZI,RHIANNA,N,INACTIVE,214357,,,11/09/2016,04/27/2022,NY,EDR-DE
D4324ZTI,BLUE HARVEST MARINE SERVICES,,,Y,ACTIVE,204922,,,05/27/2015,09/01/2023,NMFS-NER,EDR
JUHOKIM,,KIM,JUHO,N,ACTIVE,207480,,,09/26/2016,03/12/2025,NY,ETRIP
D4415RUB,KSS FISH COMPANY,KIM,SANG,N,ACTIVE,215204,SU,,03/04/2017,02/02/2025,NMFS-NER,EDR
ESPINA,L & M SEAFOOD INC,,,N,ACTIVE,207344,,,04/22/2016,04/22/2016,NY,EDR
BIRDDOG2,,KENYON,RONALD,N,ACTIVE,1908,D,JR,02/17/2017,04/27/2017,NY,ETRIP
RUSSELLAWAD,,AWAD,RUSSELL,N,ACTIVE,205708,,,07/08/2015,07/27/2015,NY,ETRIP
AESCHIMI,NYSDEC,SCHIMIZZI,ANGELA,N,INACTIVE,206377,,,09/23/2015,07/12/2018,NY,ETRIP-DE
CRABSHACK4,,BOGDEN,SHARON,N,ACTIVE,215756,C,,03/31/2017,10/14/2024,NY,ETRIP
HKONELL,ACCSP - DATA TEAM,ACCSP,DATA TEAM,N,ACTIVE,189577,,,04/20/2017,04/04/2025,ME,EONE-DE
HKONELL,ACCSP - DATA TEAM,ACCSP,DATA TEAM,N,ACTIVE,189577,,,04/20/2017,04/04/2025,ME,EDR
DZIANIS,,SIALIAUKA,DZIANIS,N,ACTIVE,206405,,,10/06/2015,04/06/2017,NY,ETRIP
RSCHMITT0761,,SCHMITT,ROBERT,N,ACTIVE,205707,K,,07/08/2015,03/24/2025,NY,ETRIP
KH,ACCSP,STAFF,ACCSP,N,ACTIVE,17,TEST,,07/15/2017,,RI,SMS
KH,ACCSP,STAFF,ACCSP,N,ACTIVE,17,TEST,,07/15/2017,,RI,ETRIP-DE
KH,ACCSP,STAFF,ACCSP,N,ACTIVE,17,TEST,,07/15/2017,,RI,LOB
STPATRICK,,PENELLO,PETER,N,ACTIVE,36721,,,10/16/2015,03/19/2025,NY,ETRIP
D4603SFP,SAMANTHA & MAIREAD FISHERIES INC.,ARIPOTCH,DAVID,N,ACTIVE,33072,E,,03/20/2020,02/06/2025,NMFS-NER,EDR
BAKINTL,BAK INTERNATIONAL TRADE INC,,,N,ACTIVE,225586,,,12/06/2018,09/20/2022,NY,EDR
PECONICWATERSPORTS,PECONIC WATER SPORTS MIAMI LLC,,,N,ACTIVE,228709,,,05/15/2019,05/22/2019,NY,ETRIP
SRUIZ,,RUIZ,STEPHEN,N,ACTIVE,212724,T,,11/17/2020,02/09/2025,NY,ETRIP
EMARTINO,ACCSP DEVELOPER,Martino,Ed,Y,ACTIVE,555555,,,04/01/2019,04/21/2025,ME,EDR-DE
EMARTINO,ACCSP DEVELOPER,Martino,Ed,N,ACTIVE,555555,,,04/01/2019,04/21/2025,ME,EONE-DE
EMARTINO,ACCSP DEVELOPER,Martino,Ed,N,ACTIVE,555555,,,04/01/2019,04/21/2025,ME,VMS
EMARTINO,ACCSP DEVELOPER,Martino,Ed,N,ACTIVE,555555,,,04/01/2019,04/21/2025,ME,SMS-SW
CETZEL,,ETZEL,CHARLES,N,ACTIVE,203885,P,,11/21/2019,11/21/2019,NY,ETRIP
MCBARROW,NYSDEC,BARROW,MEGAN,N,ACTIVE,260163,,,02/11/2020,04/24/2025,NY,EDR-DE
BUNKERDOWN,BUNKERDOWN CHARTERS LLC,,,N,ACTIVE,270007,,,02/16/2021,04/24/2025,NY,ETRIP
JOEBAGELS,,GERALDI,JOSEPH,N,ACTIVE,98904,V,,04/04/2019,02/10/2025,NY,ETRIP
ALEXISLANA,LANA THERESA FISHING CORP,,,N,ACTIVE,40538,,,06/25/2018,,NY,ETRIP
REGALIS,COOPER FOODS INTERNATIONAL LLC DBA REGALIS FOODS,,,N,ACTIVE,226793,,,02/04/2019,01/17/2020,NY,EDR
GMCASTRO,NYSDEC,CASTRO,GABRIELLE,N,INACTIVE,227549,,,03/11/2019,08/31/2020,NY,EDR-DE
GMCASTRO,NYSDEC,CASTRO,GABRIELLE,N,INACTIVE,227549,,,03/11/2019,08/31/2020,NY,SMS
ASODANO111949,,SODANO,ANTHONY,N,ACTIVE,260241,,,02/15/2020,02/22/2021,NY,EREC
MRINALDI,ACCSP - DATA TEAM,ACCSP,DATA TEAM,Y,ACTIVE,189577,,,06/04/2018,01/26/2024,NMFS-NER,SMS
KJKELVAS,NYSDEC,KELVAS,KERRY,N,INACTIVE,228530,,,05/02/2019,06/01/2021,NY,ETRIP-DE
KJKELVAS,NYSDEC,KELVAS,KERRY,N,INACTIVE,228530,,,05/02/2019,06/01/2021,NY,EDR-DE
SPATERSON,NORTHPORT CHARTERS LTD,,,N,ACTIVE,198240,,,05/24/2018,03/31/2025,NY,ETRIP
TIMSWEAT,,SWEAT,TIMOTHY,N,ACTIVE,63327,A,,04/19/2019,07/29/2019,NY,ETRIP
OSPREY5,OSPREY THE BOAT INC,,,N,ACTIVE,229729,,,06/07/2019,04/16/2025,NY,ETRIP
FK1,HARBOR LIGHT  SOFTWARE,KARP,FRANCINE,N,ACTIVE,202183,,,10/01/2019,,NMFS-NER,ETRIP
BLUEWATER,BLUE WATER FISHING INC,,,N,ACTIVE,40374,,,11/19/2019,04/08/2025,NY,ETRIP
WGAFFGA,,GAFFGA,WILLIAM,N,ACTIVE,38955,H,III,11/20/2019,04/02/2025,NY,EDR
CPACE620,,PACE,CHRISTOPHER,N,ACTIVE,207476,M,,12/03/2019,12/09/2019,NY,ETRIP
CPACE620,,PACE,CHRISTOPHER,N,ACTIVE,207476,M,,12/03/2019,12/09/2019,NY,EDR
CAPTCRINGLE,,OSTRANDER,CHRISTOPHER,N,ACTIVE,219220,S,,05/30/2020,10/29/2020,NY,ETRIP
MTKFLYFISHING,,OROURKE,TIMOTHY,N,ACTIVE,225291,P,,11/01/2018,,NY,ETRIP
ED,ACCSP DEVELOPER,MWAI,NICHOLAS,N,ACTIVE,192536,,,01/27/2021,11/02/2021,ACCSP,MDL
CAPITOLPRINCESS,CAPITOL PRINCESS INC,,,N,ACTIVE,219198,,,12/19/2019,12/29/2019,NY,ETRIP
MALBINO,NYSDEC,SOCRATES,JULIA,N,INACTIVE,158130,,,08/20/2019,,NY,EDR-DE
MALBINO,NYSDEC,SOCRATES,JULIA,N,INACTIVE,158130,,,08/20/2019,,NY,ETRIP-DE
MALBINO,NYSDEC,SOCRATES,JULIA,N,INACTIVE,158130,,,08/20/2019,,NY,EREC
DARLING18,,DARLING,ROBERT,N,ACTIVE,38288,,,12/06/2019,12/06/2019,NMFS-NER,ETRIP
D4491GMC,DBA DEEPSEA SEAFOODS,,,N,ACTIVE,222412,,,05/04/2018,12/03/2024,NMFS-NER,EDR
C180746MA,MARK A DECABIA,DECABIA,MARK,N,ACTIVE,164277,A,,08/31/2020,12/20/2020,MA,ETRIP
C180746MA,MARK A DECABIA,DECABIA,MARK,N,ACTIVE,164277,A,,08/31/2020,12/20/2020,MA,EDR
BRIANSWIAT,,SWIAT,BRIAN,N,ACTIVE,220072,S,,02/02/2018,02/26/2020,NY,ETRIP
CAPTBURT,,PRINCE,BURTON,N,ACTIVE,2201,M,,01/16/2018,,NY,ETRIP
SSCHAFER,,SCHAFER,SCOTT,N,ACTIVE,198315,T,,02/14/2018,,NMFS-NER,ETRIP
CELTIC,,OSULLIVAN,DESMOND,N,ACTIVE,38526,J,,04/21/2018,02/24/2025,NMFS-NER,ETRIP
TOMMY,,HARTT,THOMAS,N,ACTIVE,39018,,,11/05/2018,,NY,EDR
PMTAUTOG,,MUFF,PETER,N,ACTIVE,37659,M,,04/30/2018,,NY,ETRIP
BBOYCE9484,,BOYCE,BRIAN,Y,ACTIVE,40024,M,,12/17/2018,10/17/2024,NY,ETRIP
D4537NSS,NORTH SHORE SHELLFISH INC,WOCHINGER,BRAD,N,ACTIVE,208621,,,03/29/2019,01/23/2023,NMFS-NER,EDR
BADFISHCHARTERS,,CONKLIN,KEVIN,N,ACTIVE,227938,L,,03/29/2019,01/07/2022,NY,ETRIP
PELAGICBEAST2,PELAGIC BEAST II LLC,,,N,ACTIVE,228714,,,05/16/2019,01/06/2020,NY,ETRIP
MAMALOU,MAMA LOU CHARTERS INC,,,N,ACTIVE,270643,,,03/29/2021,03/29/2021,NY,ETRIP
JXGILMOR,NYSDEC,GILMORE,JAMES,N,ACTIVE,270875,J,III,04/13/2021,06/13/2023,NY,EDR-DE
DOMINATOR,,ELIE-PIERRE,RAYMOND,N,ACTIVE,270609,,,03/26/2021,03/03/2025,NY,ETRIP
GYPSEAFISHING,GYPSEA FISHING CHARTERS LLC,,,N,ACTIVE,270611,,,03/26/2021,04/03/2025,NY,ETRIP
WEI8553919,,WEI,GUANG HUA,N,ACTIVE,216150,,,05/07/2021,04/07/2025,NY,EDR
SALTWATERCOWBOYFC,SALTWATER COWBOY FISHING CHARTER LLC,,,N,ACTIVE,274053,,,06/14/2021,04/22/2025,NY,ETRIP
ZAUER,,AUER,ZACHARY,N,ACTIVE,214042,T, ,04/23/2021,04/16/2025,NY,ETRIP
MATTONSITE,,MYSZKA,MARTIN,N,ACTIVE,85055,M,,05/19/2021,03/24/2025,NY,ETRIP
STEVESMITH219,FIRE ISLAND FISHING CHARTERS LLC,,,N,ACTIVE,277920,,,08/05/2021,12/28/2024,NY,ETRIP
D4961CYH,UNITED SEAFOOD INC,,,N,ACTIVE,267070,,,04/23/2022,12/31/2024,NMFS-NER,EDR
DLHUGHES,NYSDEC,HUGHES,DERREK,N,ACTIVE,281474,L,,11/04/2021,03/14/2025,NY,SMS
KMEDWIG,,MEDWIG,KEITH,N,ACTIVE,38625,A,,06/15/2022,,NY,ETRIP
JAMAICABAYROB,MY SPECIAL K CHARTERS LLC,FANELLI,ROBERT,N,ACTIVE,304993,JOHN,,04/02/2024,04/24/2025,NMFS-NER,ETRIP
GPETRY,,PETRY,GREGG,N,ACTIVE,212318,S,,10/05/2022,01/17/2023,NY,ETRIP
ANGLER56,,PACE,ROBERT,N,ACTIVE,197863,P,,06/03/2024,,NY,ETRIP
FIRSTLIGHTFISHERIES,FIRST LIGHT FISHERIES LLC,VERITY,GREGORY,N,ACTIVE,206890,B,,06/10/2024,01/08/2025,NY,EDR
JHABERMAN,,HABERMAN,JACK,N,ACTIVE,311483,T,,08/05/2024,04/14/2025,NY,ETRIP
D5156EDR,EDWARD D RENNAR,RENNAR,EDWARD,N,ACTIVE,36852,D,,06/26/2024,02/01/2025,NMFS-NER,EDR
CLAMKILLA862,,CUMMINGS,LANCE,N,ACTIVE,38041,M,,10/24/2023,,NY,ETRIP
ANGLERFLEET,WILDMAN CHARTERS LLC,,,N,ACTIVE,296550,,,09/11/2024,02/25/2025,NY,ETRIP
JAMESDELANO,,DELANO,JAMES,N,ACTIVE,37380,F,,10/02/2024,03/01/2025,NY,ETRIP
TCHAOS,,CHIAVERINI,THOMAS,N,ACTIVE,37795,E,,10/03/2024,04/19/2025,NY,ETRIP
JONDIVELLO,,DIVELLO,JONATHAN,N,ACTIVE,335394,,,10/07/2024,10/07/2024,NY,ETRIP
ELOIFT,,LOOFT,EDWARD,N,ACTIVE,283912,J,,12/18/2024,12/18/2024,NMFS-NER,ETRIP
TESOROKA,NYSDEC,SOROKA,TAYLOR,N,INACTIVE,282905,,,02/04/2022,06/28/2022,NY,EDR-DE
TESOROKA,NYSDEC,SOROKA,TAYLOR,N,INACTIVE,282905,,,02/04/2022,06/28/2022,NY,SMS
RILEY,,WHITECAVAGE,JOSEPH,N,ACTIVE,98905,A,,06/08/2023,,NY,ETRIP
GTROISI,,TROISI,GERARD,N,ACTIVE,39887,D,,08/28/2023,08/28/2023,NY,ETRIP
CHRISHAMILTON,,HAMILTON,CHRISTOPHER,N,ACTIVE,187818,M,,12/03/2024,12/03/2024,NY,ETRIP
NOFOOUTFITTERS,,CARULLO,BRUNO,N,ACTIVE,315153,A,,01/08/2025,01/08/2025,NY,ETRIP
MISSMAGICII,BURLEWS CHARTER SERVICE LLC,,,N,ACTIVE,404938,,,02/27/2025,04/09/2025,NY,ETRIP
FOURCS,,CECCO,ANTHONY,N,ACTIVE,197861,,,03/07/2025,03/09/2025,NY,ETRIP
RACHELJOHNSON,A P C H FISHING CORPORATION,,,N,ACTIVE,315151,,,12/03/2024,12/03/2024,NY,ETRIP
ZENGLIWU,,WU,ZENG LI,N,ACTIVE,405243,,,03/27/2025,04/23/2025,NY,EDR
CAPTJBLADOS,,BLADOS,JOSEPH,,ACTIVE,63204,C,,03/31/2025,,NY,ETRIP
WILDBILL,,PAGEL,WILLIAM,N,ACTIVE,36711,L,,06/20/2023,10/17/2024,NMFS-SER,ETRIP
41NBFISHERMAN,,LORENZO,JOHN,N,ACTIVE,404793,C,,02/12/2025,02/13/2025,NY,ETRIP
CAPTBILLB,,BROWN,WILLIAM,,ACTIVE,36628,M,,08/25/2022,08/23/2023,NMFS-SER,EREC
SEAFARI_1,,CACCIOLA,ALFRED,N,ACTIVE,36976,,,02/21/2023,,RI,ETRIP
MUFASA,,ANTONIO,ROBERT,N,ACTIVE,298820,,,08/17/2023,10/13/2023,NY,ETRIP
GLENNMEYERS,RALPHS TACKLE & SPORTING GOODS INC,,,N,ACTIVE,195059,,,04/08/2025,04/15/2025,NY,ETRIP
JOHNZAPPIA,,ZAPPIA,JOHN,N,ACTIVE,366419,M,,11/20/2024,03/19/2025,NY,ETRIP
D49233SCJ,BOWTRUCKLE LLC,JORDAN,SAVANNAH,N,ACTIVE,268459,,,09/21/2021,,NMFS-NER,EDR
THEFISHERMAN,TRAWLER SUSAN ROSE INC,,,N,ACTIVE,40433,,,04/12/2024,04/09/2025,NY,EDR
SSHAPIRO1960,,SHAPIRO,SCOTT,N,ACTIVE,37630,,,02/21/2022,03/06/2025,RI,ETRIP
ELOOFT,,LOOFT,EDWARD,N,ACTIVE,283912,J,,12/18/2024,04/16/2025,NY,ETRIP
DMGRIGONIS,,GRIGONIS,DAVID,N,ACTIVE,6346,M,,04/14/2022,03/22/2025,NY,ETRIP
VFIRPO,,FIRPO,VINCENT,N,ACTIVE,282193,,,08/26/2022,01/10/2024,NY,ETRIP
CAPTSPEEDY,A P C H FISHING CORPORATION,,,N,ACTIVE,315151,,,11/21/2024,12/03/2024,NY,ETRIP
MARYGRACE,MARY GRACE FISHING CHARTERS LLC,,,N,ACTIVE,284231,,,04/28/2022,04/26/2023,NY,ETRIP
REESEMCGUIRE,,MCGUIRE,REESE,N,ACTIVE,291612,,,11/21/2022,10/16/2024,NY,ETRIP
CHRISTOPHERP1026,,PISANO,CHRISTOPHER,N,ACTIVE,300694,S,,01/08/2024,02/10/2025,NY,ETRIP
JAMES.AUTERI1,,AUTERI,JAMES,N,ACTIVE,36833,M,,03/07/2024,04/20/2025,NMFS-NER,ETRIP
MISTYTOM,,BUCCI,THOMAS,N,ACTIVE,36859,J,,04/11/2025,04/11/2025,NY,EREC
MISTYTOM,,BUCCI,THOMAS,N,ACTIVE,36859,J,,04/11/2025,04/11/2025,NY,ETRIP
MIDNIGHTSUN,,JOST,GREGORY,,ACTIVE,142636,A,,04/30/2024,04/30/2024,NMFS-SER,ETRIP
FREDROBERTS,DEEP WATER FLEET INC,ROBERTS,FREDERICK,N,ACTIVE,212890,J,,12/15/2021,,NY,ETRIP
JOEIPP,,IPPOLITI,JOSEPH,N,ACTIVE,37896,,,09/10/2021,11/01/2021,NMFS-NER,ETRIP
JOELAURO,,LAURO,JOSEPH,N,ACTIVE,53741,A,,11/07/2024,11/11/2024,NY,ETRIP
AHINUI,,RHEE,WILLIAM,N,ACTIVE,310163,C,,09/16/2024,09/16/2024,NY,ETRIP
DONARCHER,,ARCHER,DONALD,N,ACTIVE,315155,M,,02/07/2025,03/07/2025,NY,ETRIP
WHOFMILLER,,HOFMILLER,WILLIAM,N,ACTIVE,11278,C,,12/27/2024,,CT,ETRIP
DCH1851,,MILLER,DANIEL,N,ACTIVE,40207,A,,04/19/2023,11/19/2024,NY,EDR
MOONSHINE,,DEBONO,ERIC,N,ACTIVE,405423,J,,04/14/2025,04/17/2025,NY,ETRIP
FATGIRL,THIRD WISH CHARTERS LLC,GAZZOLA,JOSEPH,N,ACTIVE,37610,CHARLES,,06/12/2023,09/18/2023,NMFS-NER,ETRIP
TUNATANGLERMONTAUK@GMAIL.COM,,STERN,PAUL,N,ACTIVE,20278,,,07/26/2024,04/23/2025,NMFS-SER,ETRIP
ADELPERCIO,,DELPERCIO,ANTHONY,N,ACTIVE,269918,J,,03/29/2022,12/01/2024,NY,ETRIP
ZSCHUBERT,,SCHUBERT,ZACHARY,N,ACTIVE,207413,R,,02/23/2024,03/12/2025,NY,ETRIP
LEOCHOMEN,,CHOMEN,LEO,N,ACTIVE,301971,,,02/28/2024,04/11/2025,NY,ETRIP
MJCFISH,,CUSUMANO,MARK,N,ACTIVE,209886,J,,03/13/2023,04/24/2023,NY,ETRIP
TOMSUTTONT,,SUTTON,THOMAS,N,ACTIVE,207396,J,,03/06/2025,,NY,ETRIP
FVCANNONBALL,,NIEDERAUER,PAUL,N,ACTIVE,305827,,,04/02/2025,04/02/2025,NY,ETRIP
KRISTOFERMOBRIEN,,OBRIEN,KRISTOFER,N,ACTIVE,405377,M,,04/09/2025,04/15/2025,NY,ETRIP
MIKERANDING,,ANDING,MICHAEL,N,ACTIVE,299745,R,,10/03/2023,03/16/2025,NY,ETRIP
WS,WILLIAM STRAUB,STRAUB,WILLIAM,N,ACTIVE,38281,R,,12/10/2021,03/07/2022,NMFS-NER,EDR
SAFIYAE,,ELKIN,ILYA,N,ACTIVE,260946,,,09/08/2022,04/18/2025,NMFS-NER,ETRIP
PATRICKHAVLIK,MOMENTUM FISHERIES LLC,HAVLIK,PATRICK,N,ACTIVE,297709,,,07/26/2023,03/08/2025,NY,ETRIP
MISSBEHAVINCHARTERS,MISS BEHAVIN FISHING CHARTERS LLC,,,N,ACTIVE,305125,,,04/02/2024,02/21/2025,NY,ETRIP
AALEFEBV,NYSDEC,LEFEBVRE,ALYSSA,N,ACTIVE,283721,,,04/04/2022,04/22/2025,NY,EDR-DE
SEASPRAY,,SCHAFER,SCOTT,N,ACTIVE,198315,T,,09/29/2023,04/14/2025,NY,ETRIP
HALKMAN26,JUST FISHING LLC,HALKIAS,JOHN,N,ACTIVE,296157,,,06/15/2023,11/23/2024,NY,ETRIP
D5094MFB,CAPTREE CLAM CO INC,,,N,ACTIVE,76493,,,09/28/2023,04/17/2025,NMFS-NER,EDR
STELLANY3715,,KLOSTERMAN,RYAN,N,ACTIVE,282957,M,,12/13/2022,12/14/2022,NMFS-NER,ETRIP
PEPPERLOLA,,NESSEL,RICHARD,N,ACTIVE,38452,,,01/04/2022,10/18/2024,NMFS-NER,ETRIP
D1390DSM,MT SINAI FISH INC,,,N,ACTIVE,11756,,,,04/22/2025,NMFS-NER,EDR
D1469QDC,THIRD GENERATION FISH CO,KLEIN,RICHARD,N,ACTIVE,11806,I,,,04/22/2025,NMFS-NER,EDR
D857EHQ,CALEB HALEY & CO LLC,SMITH,NEIL,N,ACTIVE,11846,H,,,12/18/2014,NMFS-NER,ETRIP
D1715VIA,BRISTOL SEAFOOD INC,,,Y,ACTIVE,11883,,,,06/11/2019,NMFS-NER,EDR
D3290AKW,WILLIAM W REED,REED,WILLIAM,Y,ACTIVE,12204,W,,,05/07/2013,NMFS-NER,EDR
D3206DEA,POINT CLAM COMPANY,,,N,ACTIVE,12142,,,,,NMFS-NER,EDR
D3559VDT,BENTHIC HUNTRESS LLC,WILLIAMS,JONATHAN,N,ACTIVE,63898,F,,,04/09/2020,NMFS-NER,EDR
D3559VDT,BENTHIC HUNTRESS LLC,WILLIAMS,JONATHAN,Y,ACTIVE,63898,F,,,04/09/2020,NMFS-NER,ETRIP
KKNOBLOCH,CCE,,,N,ACTIVE,11735,,,02/02/2007,02/07/2014,NY,SMS
JGUARNERI,CCE,,,N,ACTIVE,11735,,,02/02/2007,01/15/2008,NY,EDR-DE
D3601CGN,WE CATCH EM INC,,,Y,ACTIVE,66453,,,07/20/2005,07/15/2016,NMFS-NER,EDR
D3460HRB,LITTLE BAY LOBSTER LLC,,,Y,ACTIVE,12292,,,,11/16/2012,NMFS-NER,EDR
D3522YWM,GREENHEAD LOBSTER LLC,,,Y,ACTIVE,46072,,,,04/22/2025,NMFS-NER,EDR
ISLANDUPL,LOST BOYZ FISHERIES LLC,DANIELS,DAVID,N,ACTIVE,11804,,,,04/11/2008,NH,EDR
D1789UQI,FOOD & FISH INC,,,N,ACTIVE,11945,,,,04/07/2018,NMFS-NER,EDR
D1789UQI,FOOD & FISH INC,,,N,ACTIVE,11945,,,,04/07/2018,NMFS-NER,ETRIP
LCBRYDE,NYSDEC,BRYDE,LAUREN,N,INACTIVE,177034,,,01/20/2012,12/04/2013,NY,ETRIP-DE
JCOSTANZO,CCE,COSTANZO,JOE,N,ACTIVE,100731,,,05/15/2008,04/07/2017,NY,EDR-DE
JCOSTANZO,CCE,COSTANZO,JOE,N,ACTIVE,100731,,,05/15/2008,04/07/2017,NY,ETRIP-DE
NY_VTR,CCE,,,N,ACTIVE,11735,,,01/17/2008,07/31/2014,NY,EDR-DE
D3764YGB,HOSKIE COMPANY INC,,,N,ACTIVE,89762,,,10/29/2007,09/23/2011,NMFS-NER,EDR
D3771CJC,TOM BROWN,BROWN,TOM,N,ACTIVE,91222,K,,11/19/2007,08/08/2019,NMFS-NER,EDR
MTHEILER,MICHAEL THEILER,THEILER,MICHAEL,N,ACTIVE,11063,,,05/23/2008,12/03/2008,CT,EDR
MTHEILER,MICHAEL THEILER,THEILER,MICHAEL,N,ACTIVE,11063,,,05/23/2008,12/03/2008,CT,ETRIP
D1307CAL,THE SEAFOOD SHOP,,,Y,ACTIVE,11838,,,,01/06/2022,NMFS-NER,EDR
45FATHOMS,45 FATHOMS INC,,,N,INACTIVE,40624,,,09/29/2009,,NY,ETRIP
PLIMULUS,NYSDEC,LIMULUS,POLLY,N,ACTIVE,128950,,,09/29/2009,05/06/2014,NY,ETRIP
D3205QVH,RAJ FISH,RINGEN,RONALD,N,ACTIVE,36925,T,SR,11/10/2009,07/22/2015,NMFS-NER,EDR
VINNIE,,CALABRO,VINCENT,N,ACTIVE,36620,,,03/29/2010,04/23/2017,NY,EDR
D4158CWD,HAMPTON SEAFOOD COMPANY,,,N,ACTIVE,183855,,,10/05/2012,02/02/2017,NMFS-NER,EDR
CAPTED,,RODMAN,EDWARD,N,ACTIVE,11098,,,01/25/2013,01/06/2020,NY,ETRIP
CAPTRICH,,TENREIRO,RICHARD,N,ACTIVE,63331,,,06/06/2013,04/22/2025,NY,ETRIP
KAHATTAL,NYSDEC,HATTALA,KATHY,N,INACTIVE,189057,,,05/22/2013,05/27/2015,NY,ETRIP-DE
C148278MA,BUNKERDOWN CHARTERS,ZWIRKO,KENNETH,,ACTIVE,64414,H,,02/09/2010,06/09/2010,MA,ETRIP
5388MIG,,MIGLINO,ROBERT,N,ACTIVE,171294,A,,08/23/2011,04/17/2025,NY,ETRIP
JOHNKANAVY,,KANAVY,JOHN,,ACTIVE,181358,B,,06/28/2012,02/16/2017,NY,ETRIP
ONITIS,,MILLER,STEVEN,N,ACTIVE,37215,,,03/01/2013,04/17/2025,NY,ETRIP
FBRADDICK1035,,BRADDICK,FRANK,N,ACTIVE,143294,J,,10/13/2010,11/26/2024,RI,EREC
JQUARESIMO121969,,QUARESIMO,JAMIE,N,ACTIVE,143514,,,10/19/2010,03/02/2025,RI,ETRIP
MARKMMALER,,MALER,MARK,N,ACTIVE,38446,M,,12/10/2013,07/19/2024,NY,ETRIP
JLIZZA121970,,LIZZA,JOEL,N,ACTIVE,36705,D,,10/18/2010,11/22/2010,RI,EREC
NORTHPORTFL,NORTHPORT FISH & LOBSTR CO DBA,,,N,ACTIVE,76552,,,07/24/2013,,NY,EDR
RMMAIER021945,ROBERT MAIER FISHERIES,MAIER,ROBERT,,ACTIVE,37636,E,,10/12/2010,,RI,EREC
BMASTAGLIO,,MASTAGLIO,BRIAN,N,INACTIVE,36783,J,,07/16/2013,02/27/2025,NY,EREC
CARLNAP,,NAPOLITANO,CARL,N,ACTIVE,195299,K,,02/07/2014,03/14/2025,NY,ETRIP
CLBAUER,NYSDEC,BAUER,CASSANDRA,N,INACTIVE,193916,,,11/12/2013,02/21/2014,NY,SMS
RUSTYBOAT,,JOLLY,JAMES,,ACTIVE,29259,L,,05/11/2011,05/11/2011,NY,ETRIP
CLAMMER1,,MEDWIG,RYAN,N,ACTIVE,39961,R,,02/15/2013,10/03/2023,NY,ETRIP
JDEFILIPPI,ACCSP - DATA TEAM,ACCSP,DATA TEAM,N,ACTIVE,189577,,,06/07/2013,04/20/2017,CT,EDR
CSCHNECK,,SCHNECK,CHRISTOPHER,N,ACTIVE,39687,,,07/16/2013,,NY,EDR
FROZZO,F ROZZO & SONS INC,,,N,ACTIVE,76611,,,07/17/2013,02/07/2014,NY,EDR
RSTUMME,,STUMME,ROSS,N,INACTIVE,39851,,,07/19/2013,01/04/2016,NY,EDR
RSTUMME,,STUMME,ROSS,N,ACTIVE,39851,,,07/19/2013,01/04/2016,NY,ETRIP
MPOTTS051955,"BLUE FIN IV, INC.",POTTS,MICHAEL,N,ACTIVE,37571,,,10/12/2010,12/03/2010,RI,ETRIP
RETZEL0355,,ETZEL,RICHARD,N,ACTIVE,37574,,,10/12/2010,10/12/2010,RI,EREC
10973,PEGGYS CORP DBA SAMMYS,,,N,ACTIVE,184556,,,11/20/2012,09/09/2024,NY,EDR
BOATOFUS,COLAVITO REFRIGERATION & AC LLC,,,N,ACTIVE,189940,,,06/17/2013,12/29/2013,NY,ETRIP
JEWELSEA,JEWEL OF THE SEA INC,,,N,ACTIVE,76671,,,07/17/2013,,NY,EDR
DKUEHN,CCE,KEUHN,DANIEL,N,ACTIVE,195758,,,02/27/2014,04/06/2017,NY,EDR-DE
BK1891,NYSDEC,KAUFHERR,ROBERT,N,INACTIVE,202844,,,10/22/2014,01/12/2016,NY,SMS
COASTALH,COASTAL HARVESTING INC,,,N,ACTIVE,115027,,,07/16/2013,02/29/2016,NY,EDR
JXHORNST,NYSDEC,HORNSTEIN,JESSE,N,ACTIVE,195991,,,03/07/2014,01/15/2025,NY,EREC
MERLIN,,HOLZMAN,WILLIAM,N,ACTIVE,36763,,,07/03/2014,07/03/2014,NY,ETRIP
D4174SHC,SHINNECOCK FISH DOCK INC,,,N,ACTIVE,186316,,,03/12/2013,03/14/2016,NMFS-NER,EDR
JHAVELIN,CCE,HAVELIN,JASON,N,ACTIVE,192937,,,09/10/2013,04/08/2015,NY,ETRIP-DE
TORFISHING,,VINCENT,TOR,N,ACTIVE,11058,G,,07/23/2013,04/12/2025,NY,ETRIP
FKARP,HARBOR LIGHT  SOFTWARE,KARP,FRANCINE,N,ACTIVE,202183,,,09/15/2014,04/24/2025,RI,ETRIP
FKARP,HARBOR LIGHT  SOFTWARE,KARP,FRANCINE,N,ACTIVE,202183,,,09/15/2014,04/24/2025,RI,EDR
CASEYJ,,DARROW,DAVID,N,ACTIVE,36851,,,05/27/2014,05/31/2014,NY,ETRIP
MMELITO091955,,MELITO,MARIO,,ACTIVE,36618,J,,10/27/2010,,RI,EREC
HASFISH,,SMITH,HARVEY,N,ACTIVE,36627,,,03/27/2013,04/24/2025,NY,ETRIP
RESTLESS,,FOGAL,MICHAEL,N,ACTIVE,37101,J,,02/22/2013,,NY,ETRIP
BLUEBASS,CHARLIES LIVE LOBSTERS INC,,,N,ACTIVE,197321,,,04/15/2014,04/15/2014,NY,ETRIP
MOONLIGHTLADY,,KAMPA,THOMAS,N,ACTIVE,197884,P,,05/13/2014,03/21/2022,NY,ETRIP
D1402ILC,SOUTH SHORE FISH MKT INC,WALKER,RONALD,N,ACTIVE,11760,W, ,,05/28/2020,NMFS-NER,EDR
BIRDDOG1,,KENYON,RONALD,N,ACTIVE,1908,D,JR,03/03/2014,04/07/2025,RI,EDR
D4279X55,BIGFOOT SEAFOOD CORP,CAPUTO,JOHN,N,ACTIVE,197885,,,06/27/2014,12/12/2014,NMFS-NER,EDR
ROBERTGLYNN1,,GLYNN,ROBERT,Y,ACTIVE,37892,,,03/25/2014,03/23/2025,NY,ETRIP
D1735IZC,AMAGANSETT SEAFOOD,,,N,ACTIVE,76625,,,10/14/2010,11/27/2011,NMFS-NER,EDR
RONORATO011953,,ONORATO,RONALD,N,ACTIVE,32936,A,,10/21/2010,10/21/2010,RI,ETRIP
DOCKTODISH,DOCK TO DISH INC,BARRETT,SEAN,N,ACTIVE,190358,TOBIAS,,06/26/2013,07/03/2024,NY,EDR
OCEANRICH,OCEAN RICH DISTRIBUTORS INC,,,N,ACTIVE,76524,,,07/18/2013,,NY,EDR
D4282EEO,EAST END OUTDOOR LLC,BURGER,EUGENE,N,ACTIVE,166779,CHRISTOPHER,,08/12/2014,04/23/2025,NMFS-NER,EDR
D1398LNF,INLET SEAFOOD,,,N,ACTIVE,11759,,,,04/08/2025,NMFS-NER,EDR
RIPTIDE3,RIPTIDE III INC,,,N,ACTIVE,40344,,,02/07/2014,01/11/2025,NY,ETRIP
VERTIGO,VERTIGO CHARTERS,,,N,ACTIVE,189256,,,05/28/2013,04/30/2014,NY,ETRIP
OCEANMASTER,OCEAN MASTER CORP,,,N,ACTIVE,215820,,,04/04/2017,02/08/2025,NY,EDR
KXPICHAR,NYSDEC,PICHARDO,KATHERINE,N,INACTIVE,218715,,,10/06/2017,11/05/2021,NY,ETRIP-DE
INCENTIVEFISHING,,GARRY,MARK,N,ACTIVE,197772,J,,05/08/2017,,NY,ETRIP
D4373ETO,DBA SIMPLY FRESH SEAFOOD,,,N,ACTIVE,208165,,,04/26/2016,01/16/2025,NMFS-NER,EDR
DWITTER,,WITTER,DEBRA,N,ACTIVE,38091,R,,01/03/2018,07/04/2024,NMFS-NER,ETRIP
JOELL,,LIZZA,JOEL,N,ACTIVE,36705,D,,01/08/2018,,RI,ETRIP
ROBCROCITTO,BUNKER BOX FISHING CHARTERS LLC,,,N,ACTIVE,216692,,,06/06/2017,01/24/2018,NY,ETRIP
FOXSEALADY,,GATTO,ANTHONY,N,ACTIVE,206087,M,,08/10/2015,12/16/2019,NY,ETRIP
CCANTELMO,,CANTELMO,CRAIG,N,ACTIVE,218663,,,10/10/2017,04/17/2025,NY,EREC
JGANSOWSKI,,GANSOWSKI,JUSTIN,N,ACTIVE,207371,T,,06/14/2017,11/13/2019,NY,ETRIP
DK2025,,KOONEY,DENNIS,N,ACTIVE,38292,M,,10/06/2017,04/19/2025,NY,ETRIP
WEJACK,WEJACK CHARTERS INC,,,N,ACTIVE,40371,,,11/07/2017,,NY,ETRIP
CODEND,,MEYER,JOHN,N,ACTIVE,38744,H,III,07/17/2017,11/12/2023,NY,ETRIP
DINAMARIA,DINA MARIA LLC,,,N,ACTIVE,213764,,,08/22/2016,04/15/2025,NY,ETRIP
TSPELLMAN 051967,,SPELLMAN,TIMOTHY,N,ACTIVE,214877,,,01/21/2017,01/21/2017,NY,ETRIP
JOEL,,HOVANESIAN,JOEL,,ACTIVE,719,,,12/27/2017,,RI,ETRIP
KH_ACCSP,ACCSP,STAFF,ACCSP,N,ACTIVE,17,TEST,,01/14/2015,10/19/2021,MA,ETRIP-DE
KH_ACCSP,ACCSP,STAFF,ACCSP,N,ACTIVE,17,TEST,,01/14/2015,10/19/2021,MA,ETRIP
FINFLY,FIN CHASER CHARTERS INC,,,N,ACTIVE,40502,,,05/06/2015,05/06/2015,NY,ETRIP
HOOKPIRATE2,,WANDERER,MARK,N,ACTIVE,98902,,,02/12/2015,12/07/2024,NY,ETRIP
C173406MA,,MCGUIRE,CHRISTOPHER,Y,ACTIVE,201797,H, ,11/04/2016,,MA,EDR
SAWYERCLARK,,CLARK,SAWYER,N,ACTIVE,40010,J,,07/19/2016,04/22/2025,NY,ETRIP
D4455PLC,POINT LOOKOUT CLAM BAR INC,,,N,ACTIVE,218396,,,09/08/2017,03/11/2025,NMFS-NER,EDR
REELDEAL171,,WALTERS,DAVID,N,ACTIVE,205712,J,JR,07/09/2015,05/15/2020,NY,ETRIP
JMILLER,KKAI INC,,,N,ACTIVE,214243,,,10/18/2016,12/26/2017,NY,ETRIP
D4305BAY,DBA HALFTIME WRECK DIVING,COASTAL WATER GUIDES LLC,TOWLEN RALPH E,N,ACTIVE,198311,,,01/29/2015,08/30/2023,NMFS-NER,EDR
CFORSBERG,,FORSBERG,CARL,N,ACTIVE,187836,B,,07/07/2015,12/11/2024,NY,EDR
PSEAQUIST041977,,SEAQUIST,PETER,N,ACTIVE,63441,S,,04/18/2016,11/02/2016,NY,ETRIP
HMCCAVANAGH,,MCCAVANAGH,HENRY,N,ACTIVE,37973,J,,05/10/2016,06/07/2016,NY,ETRIP
D4376YEE,ATLANTIC LOBSTER INTERNATIONAL INC,YEE,PETER,N,INACTIVE,208162,,,05/04/2016,11/17/2019,NMFS-NER,EDR
CAPTCR,,RONACHER,CHRISTOPHER,N,ACTIVE,215963,A,,04/17/2017,04/16/2025,NY,ETRIP
HKONELL,ACCSP - DATA TEAM,ACCSP,DATA TEAM,Y,ACTIVE,189577,,,04/20/2017,04/04/2025,ME,ETRIP-DE
MIKEYBOATS1,,SHAW,MICHAEL,N,ACTIVE,63447,W,,12/29/2016,09/28/2017,NY,ETRIP
BRU268,,SCHEMPP,BRUCE,N,ACTIVE,37675,F,,01/27/2016,01/29/2016,NY,ETRIP
STEVETUMMINIA,STEVE TUMMINIA,TUMMINIA,STEVE,,ACTIVE,39282,P,,05/04/2016,,NJ,ETRIP
WARLORD002,,CHAN,DANNY,N,ACTIVE,209200,,,04/28/2016,05/02/2016,NY,ETRIP
PCUSIMANO051960,,CUSIMANO,PHILIP,,ACTIVE,39434,,,02/16/2018,,NY,EREC
BKMCCARR,,MCCARRON,BENJAMIN,N,ACTIVE,226846,K,,06/25/2019,02/13/2025,NY,ETRIP
BURT,,PRINCE,BURTON,N,ACTIVE,2201,M,,01/16/2018,,NY,ETRIP
D4844VIQ,DAY BOAT SEAFOOD INC,,,N,ACTIVE,268006,,,09/29/2020,04/22/2025,NMFS-NER,EDR
STRIPER52,,SOFRANKO,MARK,N,ACTIVE,40232,P,,07/16/2019,,NY,ETRIP
TWICEBLESSED,,GILMAN,DAVID,N,ACTIVE,269080,,JR,12/03/2020,09/26/2023,NY,EREC
EMARTINO,ACCSP DEVELOPER,Martino,Ed,N,ACTIVE,555555,,,04/01/2019,04/21/2025,ME,ETRIP-DE
EMARTINO,ACCSP DEVELOPER,Martino,Ed,N,ACTIVE,555555,,,04/01/2019,04/21/2025,ME,MDL
ATRNKA,,TRNKA,ANDREW,N,ACTIVE,194397,C,,11/18/2019,,NY,ETRIP
CLANDRY1,,LANDRY,CHRISTIAN,N,ACTIVE,225242,,,10/23/2018,,NY,ETRIP
D4697RLA,,AARONSON,ROBERT,N,ACTIVE,36832,,,04/29/2020,02/25/2025,NMFS-NER,ETRIP
D4740MJB,MICHAEL J BAUHS,BAUHS,MICHAEL,N,ACTIVE,175554,J,,05/28/2020,04/23/2025,NMFS-NER,EDR
TIMFISHERIES,,TERRANOVA,TIMOTHY,N,ACTIVE,36753,C,,12/09/2019,09/25/2024,RI,ETRIP
MEICHLER,,EICHLER,MATHEW,N,ACTIVE,263406,J,,06/23/2020,02/20/2025,NY,ETRIP
D4588SWP,PETER W SPONG,SPONG,PETER,N,ACTIVE,37039,W,,01/10/2020,04/12/2025,NMFS-NER,ETRIP
MCBARROW,NYSDEC,BARROW,MEGAN,N,ACTIVE,260163,,,02/11/2020,04/24/2025,NY,SMS
HSMITH,,SMITH,HARVEY,N,ACTIVE,36627,,,03/01/2018,,NMFS-NER,ETRIP
FISHMAN1203,,TROYAN,GARY,N,ACTIVE,37377,T,,11/07/2018,01/06/2019,NY,ETRIP
ONEMOREFISH,,COFFEY,DAVID,N,ACTIVE,37633,J,,11/08/2018,,NY,ETRIP
CGERGELY,,GERGELY,CHRISTOPHER,N,ACTIVE,221145,S,,01/30/2021,04/15/2025,NMFS-SER,ETRIP
ILIR.CAMAJ,,CAMAJ,ILIR,N,ACTIVE,222489,,,05/10/2018,05/10/2018,NY,ETRIP
BENLIZZA,,LIZZA,BENJAMIN,N,ACTIVE,37639,J,,06/22/2018,04/24/2025,NY,ETRIP
JASONSALO,,SALO,JASON,N,ACTIVE,228210,,,04/11/2019,03/07/2025,NY,ETRIP
CAPTAINART,,CORTES,ARTHUR,N,ACTIVE,37288,J,,05/14/2018,12/02/2019,NY,ETRIP
MRINALDI,ACCSP - DATA TEAM,ACCSP,DATA TEAM,N,ACTIVE,189577,,,06/04/2018,01/26/2024,NMFS-NER,EDO
RLF280,,FOLEY,ROBERT,N,ACTIVE,144628,L,,08/16/2018,04/21/2025,NY,ETRIP
RCBT,,THOMAS,ROBERT,N,ACTIVE,226873,C,,02/11/2019,11/15/2019,NY,ETRIP
JMARESCA,,MARESCA,JOSEPH,N,ACTIVE,37354,R,,02/01/2018,12/20/2019,NMFS-NER,ETRIP
CHALLENGER II,,CLAPS,VINCENT,N,ACTIVE,37381,M,,03/08/2018,05/20/2018,NMFS-NER,ETRIP
BLUECRUSH,,LEDDA,DANIEL,N,ACTIVE,39186,,,03/19/2018,06/18/2018,NMFS-NER,ETRIP
JSAVIO,,SAVIO,JOSEPH,N,ACTIVE,63424,,JR,03/19/2018,03/19/2018,NMFS-NER,ETRIP
RANDRESEN,,ANDRESEN,ROBERT,N,ACTIVE,210801,J,,05/10/2018,,NMFS-NER,ETRIP
JAPANESEFOOD88,NEW 88 JAPANESE FOOD TRADING INC,,,N,ACTIVE,207070,,,05/24/2018,06/12/2018,NY,EDR
RSPITZENBERG,,SPITZENBERG,ROBERT,N,ACTIVE,38722,F,JR,03/27/2018,01/30/2025,NMFS-NER,EDR
SROOBS20,,BARRY,RUBIN,N,ACTIVE,249618,,,08/29/2019,01/20/2020,NY,EDR
CCETEST,NYSDEC,LIMULUS,POLLY,N,INACTIVE,128950,,,09/10/2019,04/22/2025,NY,ETRIP-DE
CCETEST,NYSDEC,LIMULUS,POLLY,N,ACTIVE,128950,,,09/10/2019,04/22/2025,NY,EDR
FK1,HARBOR LIGHT  SOFTWARE,KARP,FRANCINE,N,ACTIVE,202183,,,10/01/2019,,NMFS-NER,EDR-DE
GTHORSEN,,THORSEN,GARRET,N,ACTIVE,37405,,,11/19/2019,,NY,ETRIP
D4689GBV,FIRST LIGHT FISHERIES LLC,VERITY,GREGORY,N,ACTIVE,206890,B,,04/24/2020,03/31/2021,NMFS-NER,ETRIP
D4857MAD,MARK A DECABIA,DECABIA,MARK,N,ACTIVE,164277,A,,12/14/2020,04/22/2025,NMFS-NER,EDR
ED,ACCSP DEVELOPER,MWAI,NICHOLAS,N,ACTIVE,192536,,,01/27/2021,11/02/2021,ACCSP,ETRIP-DE
PJRIZZUTO,,RIZZUTO,PHILIP,N,ACTIVE,38522,,,05/03/2019,05/13/2019,NY,ETRIP
MHEGEMAN,NYSDEC,ALBINO HEGEMAN,MELISSA,N,ACTIVE,231197,,,08/20/2019,03/12/2025,NY,EREC
CHUCKE,CHARLES ETZEL,ETZEL,CHARLES,N,ACTIVE,40091,,,11/21/2019,03/17/2025,NY,ETRIP
CHUCKE,CHARLES ETZEL,ETZEL,CHARLES,N,ACTIVE,40091,,,11/21/2019,03/17/2025,NY,EDR
ILYA.ELKIN,,ELKIN,ILYA,N,ACTIVE,260946,,,04/14/2020,12/16/2024,NY,ETRIP
AHEGMANN,,HEGMANN,ANDREW,N,ACTIVE,263149,M,,06/17/2020,11/20/2024,NY,ETRIP
D4831JFL,JAPANESE FOOD DEPOT LLC - DBA ASAHI SEAFOOD USA,,,N,ACTIVE,216146,,,08/27/2020,02/10/2025,NMFS-NER,EDR
SCOON0103,SEAN L COONEY,COONEY,SEAN,N,ACTIVE,221979,L,,06/10/2020,10/29/2024,NY,EDR
JOHNG,,GERMAN,JOHN,N,ACTIVE,37038,S,,11/30/2020,03/30/2025,NY,ETRIP
CAPTAINNICKCHARTERS,PLAYIN HOOKY CHARTERS LLC,,,N,ACTIVE,223242,,,06/12/2018,11/19/2019,NY,ETRIP
ANTHONYQUARESIMO,,QUARESIMO,ANTHONY,N,ACTIVE,207463,J,,11/02/2020,04/18/2025,NY,ETRIP
WWITTER,,WITTER,WILLIAM,N,ACTIVE,38090,G,JR,01/18/2018,11/05/2024,NMFS-NER,ETRIP
BILLFISH,,PIGNATARO,ANGELO,N,ACTIVE,36646,,,05/21/2018,02/08/2025,NY,EDR
POLYDORA,,CORNELL,ROGER,N,ACTIVE,37471,C,,11/26/2018,02/25/2025,NY,ETRIP
BLUEFISH7,KLONDIKE FISHING CORP,,,N,ACTIVE,40507,,,04/13/2018,,NY,ETRIP
WENDYODONITS@GMAIL.COM,,ODONITS,WENDY,N,ACTIVE,207479,M,,05/09/2019,05/17/2019,NY,ETRIP
JXGILMOR,NYSDEC,GILMORE,JAMES,N,ACTIVE,270875,J,III,04/13/2021,06/13/2023,NY,EREC
LADYSHEA,,SHEA,FRANCIS,N,ACTIVE,270612,W,JR,03/26/2021,03/28/2021,NY,ETRIP
RAPHAEL.BURKE,LEAHPAR INC,,,N,ACTIVE,198409,,,05/14/2021,05/30/2021,NY,ETRIP
REEFROAMER,REEF ROAMER LLC,,,N,ACTIVE,275292,,,07/06/2021,10/19/2023,NY,ETRIP
FMYERS,,MYERS,FRANK,N,ACTIVE,38693,,,07/20/2021,11/13/2023,NMFS-NER,ETRIP
D956MBH,SEA FRESH USA INC,,,Y,ACTIVE,11851,,,03/09/2023,03/28/2025,NMFS-NER,EDR
JEFFREYVROCCO,,ROCCO,JEFFREY,N,ACTIVE,300240,V,,11/16/2023,02/13/2025,NY,ETRIP
MCJLSFD123,J & M SEAFOOD LTD,,,N,ACTIVE,231199,,,01/02/2024,03/25/2025,NY,EDR
C163599MA,,LIZZA,JOEL,N,ACTIVE,36705,D,,01/11/2024,01/21/2025,MA,ETRIP
JOHN MORAN,,MORAN,JOHN,N,ACTIVE,272595,J,,12/31/2021,03/21/2023,NY,ETRIP
ADAMIORIO,,IORIO,ADAM,N,ACTIVE,291089,,,09/22/2022,04/09/2025,NY,ETRIP
SPEEDYMARIE,PB FISHING CORP,SAVARESE,MICHAEL,N,ACTIVE,305115,,,04/01/2024,04/01/2024,NY,ETRIP
DLHUGHES,NYSDEC,HUGHES,DERREK,N,ACTIVE,281474,L,,11/04/2021,03/14/2025,NY,EDR-DE
ADEPERTE1,,DEPERTE,ALEXANDER,N,ACTIVE,40190,,,05/10/2024,05/10/2024,NMFS-SER,EDR
ADEPERTE1,,DEPERTE,ALEXANDER,N,ACTIVE,40190,,,05/10/2024,05/10/2024,NMFS-SER,ETRIP
TOMVANWALL,,VANDERWALL,THOMAS,N,ACTIVE,307085,R,,06/26/2024,02/09/2025,NY,ETRIP
D5161WT3,FISH FOODIES LLC,COSTELLO,P,N,ACTIVE,306117,,,07/02/2024,,NMFS-NER,EDR
MOPIEKUN,ACCSP - DATA TEAM,ACCSP,DATA TEAM,N,ACTIVE,189577,,,07/01/2024,01/03/2025,NMFS-NER,VMS
SCOTTTROISE,,TROISE,SCOTT,N,ACTIVE,307634,T,,07/12/2024,,NY,ETRIP
FISHMTK,,CARMAN,WILLIAM,N,ACTIVE,39837,P,,09/04/2024,,NY,ETRIP
MICHAELBADY,,BADY,MICHAEL,N,ACTIVE,37122,,,09/24/2024,02/01/2025,NY,ETRIP
KHOWARTH,,HOWARTH,KEVIN,N,ACTIVE,39759,M,,05/16/2022,11/13/2024,NY,EDR
D5027JGM,JESSE G MARTELLO,MARTELLO,JESSE,N,ACTIVE,165756,G,,02/16/2023,12/16/2024,NMFS-NER,ETRIP
PORGIERADE_1,,RADE,RICHARD,N,ACTIVE,39192,J,JR,12/19/2023,03/06/2025,RI,ETRIP
CHIPEDWARDS,,EDWARDS,ELMER,N,ACTIVE,63231,,IV,09/06/2024,11/21/2024,NY,ETRIP
DESPERADOFISHING2,DESPERADO FISHING CHARTERS LLC,,,N,ACTIVE,328487,,,09/10/2024,04/18/2025,NY,ETRIP
SEAVENTURE,,STASSI,PETER,N,ACTIVE,41812,P,,09/26/2024,04/02/2025,NY,ETRIP
DCHMELAR,,CHMELAR,CHRISTOPHER,N,ACTIVE,333753,D,,10/17/2024,12/05/2024,NY,ETRIP
58PLACESEAFOOD,58 PLACE SEAFOOD INC,,,N,ACTIVE,206856,,,12/30/2024,04/23/2025,NY,EDR
HAJECATE9591,,HAJECATE,ZACHARY,N,ACTIVE,290400,,,09/07/2022,02/13/2025,NY,ETRIP
RPASIEKA,,PASIEKA,RAYMOND,N,ACTIVE,197806,R,,11/07/2024,04/10/2025,NY,ETRIP
WWALSH,,WALSH,WILLIAM,N,ACTIVE,283664,G,JR,03/29/2022,04/20/2022,NY,ETRIP
PARTNERSHIP,PARTNERSHIP SEAFOOD INC,PARTNERSHIP,SEAFOOD,N,ACTIVE,2814,INC,,11/18/2022,11/18/2022,NY,ETRIP
RYANCORWITH829,HEAD OF POND FARM LLC,,,N,ACTIVE,300873,,,01/17/2024,,NY,EDR
ANGLERSEDGE,ANGLERS EDGE INC,HANEY,KEITH,N,ACTIVE,295028,,,07/11/2023,11/18/2024,NY,ETRIP
VKLEIN,,KLEINSASSER,VERNON,N,ACTIVE,405376,,,04/09/2025,04/09/2025,NY,ETRIP
ATESTA717,,TESTA,ANTHONY,N,ACTIVE,405480,,,04/17/2025,,NY,ETRIP
CAPTBILLB,,BROWN,WILLIAM,N,ACTIVE,36628,M,,08/25/2022,08/23/2023,NMFS-SER,ETRIP
DCGRATTAN,,GRATTAN,DEREK,N,ACTIVE,293242,C,,05/01/2023,12/16/2024,NMFS-NER,ETRIP
D5025PJD,PETER DIMEGLIO,DIMEGLIO,PETER,N,ACTIVE,36922,,,02/16/2023,04/07/2025,NMFS-NER,EDR
DERRICKNORTHCOTE,AGAINST THE WIND,NORTHCOTE,DERRICK,N,ACTIVE,272855,G,,10/26/2021,02/20/2025,NY,ETRIP
SFORSBERG77@YAHOO.COM,,FORSBERG,STEVEN,N,ACTIVE,39730,N,,09/27/2021,11/30/2024,NMFS-SER,ETRIP
CALBRONDA,,ALBRONDA,CHRISTOPHER,N,ACTIVE,281677,M,,11/30/2021,12/04/2021,NY,ETRIP
D5194MZC,J & K SEAFOOD INC,ZIERIS,MICHAEL,N,ACTIVE,216137,,,02/11/2025,,NMFS-NER,EDR
KERRIANN,KERRI ANN FISHING CHARTERS,,,N,ACTIVE,405136,,,03/18/2025,03/28/2025,NY,ETRIP
KDEEG,,DEEG,KENNETH,N,ACTIVE,293895,,,03/20/2023,02/12/2025,NY,ETRIP
THOMASFELICE361,,THOMAS,P,N,ACTIVE,333754,FELICE,JR,10/03/2024,03/07/2025,NY,ETRIP
HARVESTSUN,,LEACH,CHRISTOPHER,N,ACTIVE,292358,J,,01/17/2023,12/27/2023,NY,ETRIP
THEFISHERMAN,TRAWLER SUSAN ROSE INC,,,N,ACTIVE,40433,,,04/12/2024,04/09/2025,NY,ETRIP
CHRISPISKO,,PISKOPUS,CHRISTOPHER,N,ACTIVE,294452,,,10/23/2023,01/31/2025,NMFS-NER,ETRIP
DENNISGAVIOLA,,GAVIOLA,DENNIS,N,ACTIVE,36834,G,,07/23/2024,08/08/2024,NY,ETRIP
SNOWGOOSE,SOUND FISHING CHARTERS LTD,,,N,ACTIVE,291574,,,11/15/2022,03/05/2025,NY,ETRIP
MDOBRATZ,,DOBRATZ,MATTHEW,N,ACTIVE,292753,,,01/24/2023,12/27/2023,NY,ETRIP
PMALATY,,MALATY,PETER,N,ACTIVE,400320,JACOB ,,04/10/2025,04/23/2025,NY,ETRIP
KEITHHUNT,,HUNT,KEITH,N,ACTIVE,36831,A,,03/01/2024,04/08/2025,NY,ETRIP
BERTWAIFE,,WAIFE,ROBERT,N,ACTIVE,302146,V,,03/07/2024,03/21/2025,NY,ETRIP
DGBONIFACE,,BONIFACE,DREW,N,ACTIVE,302192,,,03/12/2024,02/12/2025,NY,ETRIP
TAKINUP,,SPILLANE,CONOR,N,ACTIVE,305937,P,,06/03/2024,,NY,ETRIP
MARTINRIZZO,,RIZZO,MARTIN,N,ACTIVE,319202,,,08/20/2024,02/19/2025,NY,ETRIP
NLAFHARIS,,LAFHARIS,NECTARIOS,N,ACTIVE,291814,,,12/12/2022,03/31/2025,NY,ETRIP
FISHTRAPPING,,BATKY,JEFFREY,N,ACTIVE,40127,J,,10/09/2024,10/31/2024,NY,ETRIP
BILLDUNPHY,,DUNPHY,WILLIAM,N,ACTIVE,63212,,,11/07/2024,11/07/2024,NY,ETRIP
NOTIME,,SAVENE,NICHOLAS,N,ACTIVE,36698,,,01/31/2025,04/21/2025,NY,ETRIP
WWERNER,,WERNER,WALTER,N,ACTIVE,214519,F,,06/28/2022,06/29/2022,NY,ETRIP
PLAROCCO,,LAROCCO,PAUL,N,ACTIVE,405419,,,04/11/2025,04/11/2025,NY,ETRIP
RONALD.ONORATO,,ONORATO,RONALD,,ACTIVE,32936,A,,01/31/2025,03/28/2025,NMFS-SER,EREC
VINCENTCATALANO,,CATALANO,VINCENT,N,ACTIVE,198330,J,,01/06/2025,,NY,ETRIP
DXDURAN,NYSDEC,DURAN,DANIEL,N,ACTIVE,299651,,,09/20/2023,04/22/2025,NY,SMS
JLUTTIERI,,LUTTIERI,JAMES,N,ACTIVE,283626,,,03/28/2022,,NY,ETRIP
AGAINSTTHEWIND,AGAINST THE WIND,NORTHCOTE,DERRICK,N,ACTIVE,272855,G,,05/11/2022,,RI,ETRIP
MSCHUP35,,SCHUPNER,MICHAEL,N,ACTIVE,284547,,,05/12/2022,03/27/2025,NY,ETRIP
TUNATANGLERMONTAUK@GMAIL.COM,,STERN,PAUL,N,ACTIVE,20278,,,07/26/2024,04/23/2025,NMFS-SER,EDR
MIKEINZONE,,INZONE,MICHAEL,N,ACTIVE,203896,,,03/08/2024,04/28/2024,NY,ETRIP
DIGGERFISHING,,SEMKOW,STEVEN,N,ACTIVE,197883,F,,05/03/2024,05/04/2024,NY,ETRIP
GEOTEACH2,,SCHUCHMAN,PETER,N,ACTIVE,305574,F,,05/16/2024,12/01/2024,NY,ETRIP
PORGIERADE,,RADE,RICHARD,N,ACTIVE,39192,J,JR,11/17/2023,,NY,ETRIP
BYRON,,BURKE,JAMES,N,ACTIVE,405041,B,,03/05/2025,04/24/2025,NY,ETRIP
PELAGIC33,,CASOLA,STEVEN,N,ACTIVE,300550,J,,12/27/2023,02/15/2025,NY,ETRIP
CHRISWINKLER,FV NEW AGE,WINKLER,CHRISTOPHER,N,ACTIVE,37591,C,,08/22/2024,,NY,ETRIP
D5040NFS,NORTH FORK SEAFOOD LLC,CULLEN,DANIELLE,N,ACTIVE,269921,,,04/11/2023,04/04/2025,NMFS-NER,EDR
BRADLEYORIES,,RIES,BRADLEY,N,ACTIVE,212822,O,,07/18/2024,11/11/2024,NY,ETRIP
KRUNCH248,,BUONO,GAETANO,N,ACTIVE,364875,T,,11/13/2024,04/16/2025,NY,ETRIP
JWILLSEN,,WILLSEN,JAMES,N,ACTIVE,221135,A,,03/11/2025,,NY,ETRIP
PHILLIPLAPIERRE00,GERALDINE VIRGINIA FISHING CHARTERS LLC, LAPIERRE , PHILLIP ,N,ACTIVE,405366,,,04/08/2025,,NY,ETRIP
EMILSPINA,,SPINA,EMIL,N,ACTIVE,234208,,,11/13/2024,04/15/2025,NY,ETRIP
FVAPHOTIC,,WEAKLEY,DAVID,N,ACTIVE,294916,MICHAEL,,09/30/2024,09/30/2024,NMFS-NER,ETRIP
FISHFOODIES,FISH FOODIES LLC,COSTELLO,P,N,ACTIVE,306117,,,06/17/2024,03/21/2025,NY,EDR
DAVIDKRAVITZ,,KRAVITZ,DAVID,N,ACTIVE,383412,,,04/23/2025,04/23/2025,NY,ETRIP
JUNTUNA72,,JUNTUNEN,JOHN,N,ACTIVE,40065,W,,04/09/2025,,NY,ETRIP
AALEFEBV,NYSDEC,LEFEBVRE,ALYSSA,N,ACTIVE,283721,,,04/04/2022,04/22/2025,NY,SMS
DMESTAWAT,ACCSP DEVELOPER,Mestawat,Daniel,N,ACTIVE,285966,,,06/24/2022,04/21/2025,ME,VMS
DMESTAWAT,ACCSP DEVELOPER,Mestawat,Daniel,N,ACTIVE,285966,,,06/24/2022,04/21/2025,ME,ETRIP
DAYBREAK,,PICCININNI,PETER,N,ACTIVE,10988,J,,03/12/2025,,NY,ETRIP
SUEFRAGOLA,,FRAGOLA,CARLO,N,ACTIVE,63517,M,,11/29/2023,04/17/2025,NY,EDR
SUEFRAGOLA,,FRAGOLA,CARLO,N,ACTIVE,63517,M,,11/29/2023,04/17/2025,NY,ETRIP
DGILMORE,,GILMORE,DANIEL,N,ACTIVE,284421,J,,05/06/2022,04/09/2025,NY,ETRIP
D1460VSF,TWO COUSINS FISH MARKET INC,,,N,ACTIVE,11805,,,,04/15/2025,NMFS-NER,EDR
D1325LVR,DBA THE TOWN DOCK,,NGC INC,Y,ACTIVE,1511,,,,12/22/2014,NMFS-NER,EDR
D956LGT,SEA FRESH USA INC,,,Y,ACTIVE,11851,,,,03/19/2009,NMFS-NER,EDR
NYSUPER,CCE,,,N,ACTIVE,11735,,,,12/19/2014,NY,EDR-DE
D3031WCA,SUSHI FISHING & CHARTERS INC,,,N,ACTIVE,12067,,,,07/16/2024,NMFS-NER,ETRIP
D1117YLQ,VALENCAMBO SUPERIOR SEAFOOD,,,N,ACTIVE,11922,,,,04/02/2025,NMFS-NER,EDR
JSTENT,CCE,,,N,ACTIVE,11735,,,02/02/2007,08/06/2014,NY,SMS
JGUARNERI,CCE,,,N,ACTIVE,11735,,,02/02/2007,01/15/2008,NY,ETRIP-DE
ISLANDSEA,LOST BOYZ FISHERIES LLC,DANIELS,DAVID,N,ACTIVE,11804,,,,02/28/2005,NH,EDR
ACESHIGH002,Silverfox fisheries Inc.,MCCAFFREY,EDWARD,N,ACTIVE,990,L,JR,12/30/2013,02/28/2025,RI,ETRIP
JOERW251,LITTLE BAY LOBSTER LLC,,,Y,ACTIVE,12292,,,,04/18/2025,NH,EDR
D3373KKE,WHITE CAP FISH MARKET CORP,,,N,ACTIVE,12224,,,,04/22/2025,NMFS-NER,EDR
D3148QXM,SHINNECOCK FISH PACKING INC,,,N,INACTIVE,12051,,,,01/09/2014,NMFS-NER,EDR
D3114CQE,MONTAUK FISH DOCK INC,,,N,ACTIVE,45089,,,,04/22/2025,NMFS-NER,EDR
D3859ZMV,CAPTAIN BLUE LLC,,,N,ACTIVE,116867,,,12/22/2008,03/31/2025,NMFS-NER,EDR
NYENTRY,CCE,,,N,ACTIVE,11735,,,01/05/2007,02/23/2011,NY,SMS
DONALD_COWARD,,COWARD,DONALD,Y,ACTIVE,81932,J,,05/29/2008,02/26/2025,NJ,ETRIP
D3822BPD,BLUE BAY SEA PRODUCTS LLC,,,Y,ACTIVE,105943,,,07/08/2008,12/03/2011,NMFS-NER,EDR
BRIANM_BOYCE,,BOYCE,BRIAN,Y,ACTIVE,40024,M,,05/29/2008,05/16/2016,NJ,ETRIP
NY_VTR,CCE,,,N,ACTIVE,11735,,,01/17/2008,07/31/2014,NY,ETRIP-DE
ROY_DIEHL,,DIEHL,ROY,N,ACTIVE,38847,R,,07/15/2008,,NJ,ETRIP
D779DSW,FRANK W WILKISSON INC,WILKISSON,JAMIE,Y,ACTIVE,11793,B,,,04/24/2025,NMFS-NER,EDR
MDAVIDSON,NYSDEC,DAVIDSON,MAUREEN,N,INACTIVE,115215,,,10/23/2008,08/31/2020,NY,ETRIP-DE
TFROEHLICH,CCE,FROEHLICH,TARA,N,ACTIVE,115219,,,10/23/2008,03/16/2018,NY,SMS
STENTJ,CCE,STENT,JACKIE,N,ACTIVE,115216,,,10/23/2008,06/02/2017,NY,EDR-DE
PLIMULUS,NYSDEC,LIMULUS,POLLY,N,ACTIVE,128950,,,09/29/2009,05/06/2014,NY,EDR
D2220VQH,KINGSTONS FISH MARKET INC,,,N,ACTIVE,76599,,,11/10/2009,05/16/2023,NMFS-NER,EDR
BEYONDINT,BEYOND INTERNATIONAL,CHI,CALVIN,N,ACTIVE,1762,,,11/05/2009,03/14/2025,RI,EDR
VINNIE,,CALABRO,VINCENT,N,ACTIVE,36620,,,03/29/2010,04/23/2017,NY,ETRIP
GPARRY,,PARRY,GEORGE,,ACTIVE,39457,S,,08/14/2012,08/14/2012,NY,ETRIP
MERITSF,MERIT SEAFOOD CORP,,,N,ACTIVE,40275,,,01/28/2014,07/08/2015,NY,ETRIP
WBROWN101946,,BROWN,WILLIAM,,ACTIVE,36628,M,,09/29/2010,09/29/2010,RI,EREC
SCHULA218,NYSDEC,SCHULLER,ZACHARY,N,INACTIVE,132297,,,01/26/2010,03/17/2025,NY,SMS
GTSESMELIS101979,,TSESMELIS,GEORGE,N,ACTIVE,195726,,,02/26/2014,09/27/2014,NY,EREC
GTSESMELIS101979,,TSESMELIS,GEORGE,N,ACTIVE,195726,,,02/26/2014,09/27/2014,NY,ETRIP
M JMELITO091955,,MELITO,MARIO,,ACTIVE,36618,J,,10/27/2010,,RI,EREC
SWITTHUHN111956,TOPHOOK,WITTHUHN,STEVEN,N,ACTIVE,36769,R,,03/03/2013,04/18/2013,NY,ETRIP
RN/AMAIER021945,ROBERT MAIER FISHERIES,MAIER,ROBERT,,ACTIVE,37636,E,,10/12/2010,,RI,EREC
TMIKOLESKI051964,,MIKOLESKI,THOMAS,N,ACTIVE,144054,,,11/12/2010,07/20/2023,RI,EREC
MARLINTINI,MARLINTINI SPORTFISHING INC,,,N,ACTIVE,189016,,,05/21/2013,11/02/2015,NY,ETRIP
JQUARESIMO121969,,QUARESIMO,JAMIE,N,ACTIVE,143514,,,10/19/2010,03/02/2025,RI,EREC
EDWARDISAKSEN,,ISAKSEN,EDWARD,Y,ACTIVE,62171,J,,01/06/2014,04/27/2018,NJ,ETRIP
6TOWNS,6 TOWNS SEAFOOD INC,,,N,ACTIVE,191157,,,07/16/2013,,NY,EDR
BMASTAGLIO,,MASTAGLIO,BRIAN,N,ACTIVE,36783,J,,07/16/2013,02/27/2025,NY,ETRIP
COLEMANSF,COLEMAN SEAFOOD LLC,,,N,ACTIVE,76668,,,07/24/2013,,NY,EDR
ROBERTGLYNN,,GLYNN,ROBERT,Y,ACTIVE,37892,,,11/18/2013,05/08/2014,NJ,ETRIP
10724,,SCHNAARS,DONALD,Y,ACTIVE,36595,Q,,11/19/2012,11/20/2012,NY,EDR
D4199MANN,JEFFREY MANNHEIMER,MANNHEIMER,JEFFREY,N,ACTIVE,40121,,,06/06/2013,02/02/2015,NMFS-NER,EDR
JBECCE,,BECCE,JOHN,,ACTIVE,167414,T,,06/30/2011,03/05/2019,NY,ETRIP
ISAETTACORP,ISAETTA CORP INC,ISAKSEN,RICHARD,Y,ACTIVE,40394,,,11/19/2013,04/14/2016,NJ,ETRIP
SJWHELEN,NYSDEC,WHELEN,SARAH,N,INACTIVE,192016,,,08/01/2013,08/26/2014,NY,EDR-DE
BUMBULINI,,CALANDRELLA,PAUL,N,ACTIVE,189078,D,,05/23/2013,05/29/2013,NY,ETRIP
RVTASSEL,,VAN TASSEL,ROBERT,N,ACTIVE,191376,,,07/19/2013,,NY,EDR
NICHOLAS,,PETROU,NICHOLAS,N,INACTIVE,143834,A, ,04/23/2012,06/17/2019,NY,ETRIP
CAPSJF,,FROMME,STEPHEN,N,ACTIVE,37626,J,,02/27/2013,04/07/2025,NY,ETRIP
SHOREJOB,,WAHL,PHILIP,N,ACTIVE,36850,J,,04/12/2013,07/29/2020,NY,ETRIP
BWENCZEL,,WENCZEL,BENJAMIN,N,ACTIVE,63382,,,05/03/2013,01/13/2025,NY,ETRIP
ALORENZE,SKIMMER FISHING ENTRPRSES INC,,,,ACTIVE,40291,,,12/16/2010,12/16/2024,NY,ETRIP
RAARONSON031961,,AARONSON,ROBERT,N,ACTIVE,36832,,,10/12/2010,03/18/2025,RI,ETRIP
JGROSSKURTH,CCE_DEC,GROSSKURTH,JASON,N,INACTIVE,183295,,,09/10/2012,,NY,ETRIP-DE
MCOMBS,,COMBS,MICHAEL,N,ACTIVE,39877,,,07/17/2013,04/04/2019,NY,EDR
10985,,MAIO,GUY,N,ACTIVE,184535,,,11/19/2012,03/31/2014,NY,EDR
NPHILLIPS,NATHANIEL DYLAN PHILLIPS,PHILLIPS,NATHANIEL,N,ACTIVE,63015,DYLAN,,07/18/2013,04/01/2025,NY,EDR
DKUEHN,CCE,KEUHN,DANIEL,N,ACTIVE,195758,,,02/27/2014,04/06/2017,NY,ETRIP-DE
BK1891,NYSDEC,KAUFHERR,ROBERT,N,INACTIVE,202844,,,10/22/2014,01/12/2016,NY,EDR-DE
AVSSTEIGERCRAFT,,STEIGER,ALAN,N,ACTIVE,37253,V,,06/04/2013,10/29/2024,NY,ETRIP
COASTALH,COASTAL HARVESTING INC,,,N,ACTIVE,115027,,,07/16/2013,02/29/2016,NY,ETRIP
FISH27,FISH 27 LLC,,,N,ACTIVE,191694,,,07/24/2013,,NY,EDR
GMEDWIG081962,,MEDWIG,GREGORY,N,ACTIVE,37267,S,,05/28/2014,11/24/2019,NY,EREC
JXHORNST,NYSDEC,HORNSTEIN,JESSE,N,ACTIVE,195991,,,03/07/2014,01/15/2025,NY,EDR-DE
RCOSENZA061971,,COSENZA,RICHARD,N,ACTIVE,63065,,,05/24/2013,05/24/2013,NY,ETRIP
KAGRAULI,NYSDEC,GRAULICH,KAREN,N,INACTIVE,196816,,,04/03/2014,06/09/2016,NY,ETRIP-DE
BARRYKANAVY,NATURAL RESOURCE RECOVERY MARINE,,,,ACTIVE,40499,,,12/29/2014,12/29/2014,NY,ETRIP
VALIANTLADY,,ADAMS,DONALD,N,ACTIVE,190496,J,,07/01/2013,04/02/2022,NY,ETRIP
DBORNEMANN,,BORNEMANN,DAVID,N,ACTIVE,36717,L,,02/07/2014,02/07/2014,NY,EDR
SCARROLL,,CARROLL,STEVEN,N,ACTIVE,184842,B,,02/07/2014,10/14/2015,NY,EDR
MEFISCHER,,FISCHER,MARK,N,ACTIVE,202257,E,,09/19/2014,12/10/2024,NY,ETRIP
CAPTDAVEP,,PINCUS,DAVID,N,ACTIVE,197859,H,,09/19/2014,04/02/2025,NY,ETRIP
COASTALFIBERGLASS,,DEPERTE,MICHAEL,N,ACTIVE,40015,J,,08/09/2013,10/21/2024,NY,ETRIP
KMCKOWN,NYSDEC,MCKOWN,KIM,N,INACTIVE,152565,,,01/07/2011,09/08/2021,NY,EDR-DE
ADEPERTE,,DEPERTE,ALEXANDER,N,ACTIVE,40190,,,08/14/2013,10/10/2024,NY,EDR
SAFIS,ACCSP DEVELOPER,MWAI,NICHOLAS,N,ACTIVE,192536,,,08/21/2013,09/16/2021,ME,SMS
JOBAR,JOBAR CHARTERING CO INC,,,N,ACTIVE,40382,,,08/27/2013,08/27/2013,NY,ETRIP
DEC.UPLOADS,NYSDEC,UPLOAD,DEC,Y,ACTIVE,198859,,,05/27/2014,03/10/2025,NY,ETRIP-DE
ERNIEF@OPTONLINE.NET,,FRENCH,ERNEST,N,ACTIVE,36672,J,JR,05/05/2014,04/23/2024,NY,ETRIP
JCHEN,NEW DOUBLE WIN TRADING INC,,,N,ACTIVE,200222,,,07/24/2014,07/25/2014,NY,EDR
CHOFFMAN,NYSDEC,HOFFMAN,CAROL,N,INACTIVE,158129,,,03/24/2011,12/30/2016,NY,EDR-DE
BIRDDOG1,,KENYON,RONALD,N,ACTIVE,1908,D,JR,03/03/2014,04/07/2025,RI,ETRIP
D3650QRW,SAVI SEAFOODS LLC,,,N,ACTIVE,76106,,,12/29/2006,02/04/2025,NMFS-NER,EDR
WBROWN021982,,BROWN,WILLIAM,N,ACTIVE,196550,,A,03/26/2014,08/11/2014,NY,EREC
JPAULSEN,,PAULSEN,JAMES,N,ACTIVE,38979,R,,07/03/2014,06/06/2019,NY,ETRIP
ANDERSFISH,ANDERSON FISHERIES INC,,,N,ACTIVE,76659,,,07/16/2013,02/12/2025,NY,EDR
D3118QGJ,D B FISH INC,,,N,ACTIVE,12274,,,,02/19/2025,NMFS-NER,ETRIP
YUKILON,PENTHOUSE MARINE LTD,ELKIN,ILYA,N,ACTIVE,198757,,,09/08/2011,04/23/2014,NY,ETRIP
CACRAIG,NYSDEC,CRAIG,CAITLIN,N,INACTIVE,196999,,,04/11/2014,08/27/2018,NY,EDR-DE
CACRAIG,NYSDEC,CRAIG,CAITLIN,N,INACTIVE,196999,,,04/11/2014,08/27/2018,NY,EREC
D4300MIU,PREMIUM OCEAN LLC,J PAPARIZOU,I BASSON,N,ACTIVE,203357,,,12/04/2014,07/27/2022,NMFS-NER,EDR
D3971ZZK,JOSEPH FISHERIES CORP,DECKER,MICHAEL,N,ACTIVE,39913,J,,04/29/2010,12/26/2016,NMFS-NER,ETRIP
GREAT,GREAT OCEANS LLC,,,N,ACTIVE,184149,,,12/20/2012,,NMFS-SER,EDO
KINGROCKO820,,CERVERA,JEFFREY,,ACTIVE,180781,S,,06/14/2012,,NY,ETRIP
ECHOBAYLOBSTER,,MCLOUGHLIN,LAWRENCE,N,ACTIVE,11354,J,,02/22/2013,04/20/2025,NY,EDR
PVISENTIN,,VISENTIN,PAUL,N,ACTIVE,63361,L,,07/18/2013,,NY,EDR
JBLADOS,,BLADOS,JOSEPH,,ACTIVE,63204,C,,04/03/2012,05/13/2012,NY,ETRIP
DONALDSCHNAARSNY,,SCHNAARS,DONALD,Y,ACTIVE,36595,Q,,11/17/2015,11/19/2015,NY,EDR
DCUSACK,,CUSACK,DANIEL,Y,ACTIVE,215231,P,,03/10/2017,,NY,ETRIP
JSINNING,,SINNING,JOHN,N,ACTIVE,36720,D,SR,09/18/2017,11/21/2024,NMFS-NER,ETRIP
NPALMER6/51,,PALMER,NEAL,N,ACTIVE,38516,T,,01/29/2017,05/20/2024,NY,EREC
NPALMER6/51,,PALMER,NEAL,N,ACTIVE,38516,T,,01/29/2017,05/20/2024,NY,ETRIP
ALBERTSHOPP,,SHOPP,ALBERT,Y,ACTIVE,39361,,,01/02/2018,01/02/2018,NJ,ETRIP
PETERBERRY,,BERRY,PETER,N,ACTIVE,98887,S,,05/14/2017,04/24/2025,NY,ETRIP
CAPT.TGARIEPY_DEALER,TG FISHERIES,,,N,ACTIVE,216142,,,05/17/2017,11/20/2017,NY,EDR
JEFF65,,NICHOLS,JEFFREY,N,ACTIVE,197808,H,,11/14/2017,06/06/2024,NY,ETRIP
MARKPHILLIPS,,PHILLIPS,MARK,N,ACTIVE,32921,S,,03/02/2017,04/01/2025,NJ,ETRIP
KH_ACCSP,ACCSP,STAFF,ACCSP,Y,ACTIVE,17,TEST,,01/14/2015,10/19/2021,MA,EDR-DE
KH_ACCSP,ACCSP,STAFF,ACCSP,N,ACTIVE,17,TEST,,01/14/2015,10/19/2021,MA,NAS
KH_ACCSP,ACCSP,STAFF,ACCSP,N,ACTIVE,17,TEST,,01/14/2015,10/19/2021,MA,LOB
DOUBLEHAUL,,LEVISON,JAMES,N,ACTIVE,37359,,,06/29/2015,12/31/2015,NY,ETRIP
LUNDSFISHERIES,LUND'S FISHERIES INC,,,Y,ACTIVE,11783,,,08/16/2016,08/16/2016,NJ,EDR
CACARLINO,,CARLINO,CHRISTOPHER,N,ACTIVE,215229,Anthony,,03/09/2017,04/25/2017,NY,ETRIP
CALEB857,CALEB HALEY & CO LLC,SMITH,NEIL,N,ACTIVE,11846,H,,10/19/2017,10/19/2017,NMFS-NER,ETRIP
DIGGER,,SUTPHEN,JASON,N,ACTIVE,40243,,,03/07/2017,03/02/2025,NY,ETRIP
SHANEDYCKMAN,,DYCKMAN,SHANE,N,ACTIVE,217329,L,,06/23/2017,06/23/2017,NY,ETRIP
BORG.T.EDWARD,,BORG,EDWARD,N,ACTIVE,205273,T,JR,05/17/2016,02/13/2025,NY,ETRIP
MP,,PIRRI,MICHAEL,N,ACTIVE,118737,T,,07/21/2016,07/21/2016,CT,ETRIP
CAPTJOHN7,,TEHAN,JOHN,N,ACTIVE,198453,T,JR,04/13/2017,12/03/2024,NY,ETRIP
RETZEL,,ETZEL,RICHARD,N,ACTIVE,37574,,,04/25/2017,,NMFS-NER,ETRIP
LADYALICE,,LIZZA,PETER,N,ACTIVE,41099,E,,12/22/2017,01/29/2025,NY,ETRIP
SWEDMAN,V AND G SEA PRODUCTS INC,,,N,ACTIVE,40290,,,04/17/2015,04/17/2015,NY,ETRIP
ADILERNIA,,DILERNIA,ANTHONY,N,ACTIVE,37222,D,,07/07/2015,04/25/2017,NY,ETRIP
D4414XHF,BIG APPLE TUNA LLC,LEE,CHANG,N,ACTIVE,215203,,,03/04/2017,01/15/2018,NMFS-NER,EDR
TIDE6969,,RUSSELL,ROBERT,N,ACTIVE,11006,F,,04/07/2015,04/12/2025,RI,ETRIP
JMSHEWAR,NYSDEC,SHEWARD,JUSTIN,N,INACTIVE,204743,,,04/24/2015,06/30/2015,NY,SMS
AESCHIMI,NYSDEC,SCHIMIZZI,ANGELA,N,INACTIVE,206377,,,09/23/2015,07/12/2018,NY,EREC
HKONELL,ACCSP - DATA TEAM,ACCSP,DATA TEAM,N,ACTIVE,189577,,,04/20/2017,04/04/2025,ME,VMS
KHEJDUCEK,,HEJDUCEK,KENNETH,N,ACTIVE,31325,R,,04/25/2017,01/06/2025,NMFS-NER,ETRIP
JAYBUSA1,,VERITY,JASON,N,ACTIVE,39908,,,04/30/2015,,NY,ETRIP
REELMANIA,STREAMLINE SOLUTIONS LLC,,,N,ACTIVE,197797,,,11/30/2016,08/04/2021,NY,ETRIP
CAPTLOU,,BENITTO,LOUIS,N,ACTIVE,38736,,,06/08/2015,10/26/2019,NY,ETRIP
JFC35,,CONA,JOSEPH,N,ACTIVE,38901,,,03/25/2015,04/21/2025,NY,ETRIP
BLINKY,SOUTH SHORE SPORT FISHING LLC,,,N,ACTIVE,206827,,,11/04/2015,05/09/2021,NY,ETRIP
BONGO,,CULLETON,JAMES,N,ACTIVE,37055,,,12/25/2020,12/28/2020,NY,ETRIP
TYLERQUARESIMO,,QUARESIMO,TYLER,N,ACTIVE,221115,K,,08/20/2018,03/01/2025,NMFS-NER,ETRIP
HUNTERFISHING,VMR FISHING LLC,,,N,ACTIVE,230349,,,07/10/2019,,NY,ETRIP
CAPTNED,,THOMAS,EDWARD,N,ACTIVE,39046,,,07/10/2019,,NY,ETRIP
SGALLUP,,GALLUP,STEPHEN,N,ACTIVE,592,E,,11/23/2020,01/03/2023,RI,ETRIP
MCORRAD,,CORRADO,MATTHEW,N,ACTIVE,214171,J,,06/15/2020,06/30/2020,NY,ETRIP
RELENTLESSFISH,RELENTLESS FISHING INDUSTRIES INC,,,N,ACTIVE,197915,,,11/22/2019,04/14/2025,NY,ETRIP
JFUSARO,,FUSARO,JOSEPH,N,ACTIVE,214046,C,JR,01/20/2021,,NY,ETRIP
DOYLE,,DOYLE,STEPHEN,N,ACTIVE,214039,G,,05/14/2019,04/16/2025,NY,ETRIP
MRINALDI,ACCSP - DATA TEAM,ACCSP,DATA TEAM,N,ACTIVE,189577,,,06/04/2018,01/26/2024,NMFS-NER,EDR
HUNTSPOINT,,MESTOUSIS,STYLIANOS,N,ACTIVE,198393,P,,06/04/2018,10/19/2018,NY,ETRIP
CAPTLARRY1493,,GONZALEZ,LARRY,N,ACTIVE,226302,,,01/15/2019,01/15/2019,NY,ETRIP
JTBORG,,TORBORG,JAMES,N,ACTIVE,228570,,,05/06/2019,01/07/2025,NY,ETRIP
MPOTTS,"BLUE FIN IV, INC.",POTTS,MICHAEL,N,ACTIVE,37571,,,01/24/2018,02/18/2023,NMFS-NER,ETRIP
SSALPIETRO,,SALPIETRO,SALVATORE,N,ACTIVE,36603,,,07/11/2018,04/09/2025,NY,ETRIP
THOMASBUCKNYC,,BUCK,THOMAS,N,ACTIVE,210587,J,II,03/08/2019,11/13/2019,NMFS-NER,ETRIP
ROSCO8822,,PICCIANO,ROCCO,N,ACTIVE,230469,,JR,07/17/2019,,NY,ETRIP
FK1,HARBOR LIGHT  SOFTWARE,KARP,FRANCINE,N,ACTIVE,202183,,,10/01/2019,,NMFS-NER,ETRIP-REV
D4689GBV,FIRST LIGHT FISHERIES LLC,VERITY,GREGORY,N,ACTIVE,206890,B,,04/24/2020,03/31/2021,NMFS-NER,EDR
ROPEBURN3,,OBRIEN,TIM,N,ACTIVE,39637,,,08/03/2020,04/22/2025,NY,ETRIP
CTSHELL104,KING LOBSTER,KING,DONALD,N,ACTIVE,11318,J,II,06/12/2018,,CT,ETRIP
TOSTRANDER,,OSTRANDER,TYLER,N,ACTIVE,223194,J,,06/07/2018,10/17/2024,NY,ETRIP
RBUCKING,,BUCKING,RUSSELL,N,ACTIVE,39161,,,06/13/2018,03/07/2025,NY,ETRIP
GREYGHOST,LANDSEA OF LI INC,,,N,ACTIVE,229605,,,05/30/2019,10/18/2024,NY,ETRIP
MHEGEMAN,NYSDEC,ALBINO HEGEMAN,MELISSA,Y,ACTIVE,231197,,,08/20/2019,03/12/2025,NY,ETRIP-DE
DH,,FIORE,VINCENT,N,ACTIVE,36703,,,05/08/2018,12/10/2024,NMFS-NER,ETRIP
PREDATOR38,,FERRARA,JOHN,N,ACTIVE,197910,F,,07/20/2018,05/09/2019,NY,ETRIP
BENTHIC,BENTHIC HUNTRESS LLC,WILLIAMS,JONATHAN,N,ACTIVE,63898,F,,05/13/2020,04/16/2025,RI,EDR
SEASMOKE,,STEVENS,RICHARD,N,ACTIVE,213026,O,,04/05/2020,02/20/2025,NMFS-NER,ETRIP
LITTLEKING,LITTLE KING FISHERIES CORP,,,N,ACTIVE,223655,,,07/02/2018,03/25/2024,NY,ETRIP
TERRISUE,,MAKIS,VICTOR,N,ACTIVE,36589,R,JR,12/11/2018,,NY,ETRIP
CLAMMYDAVISJUNIOR,,BELLUCCI,RONALD,N,ACTIVE,63150,,JR,05/18/2018,,NY,ETRIP
CODFATHER,MICHAEL BARNETT,BARNETT,MICHAEL,N,ACTIVE,38174,J,,01/18/2018,04/21/2025,NY,EDR
PKESS,,KESS,PHILIP,N,ACTIVE,38346,A,,02/07/2018,04/20/2025,NMFS-NER,ETRIP
CPR2860,,PROTT,CHARLES,N,ACTIVE,39875,H,,03/02/2018,,NY,ETRIP
SWITTHUHN,TOPHOOK,WITTHUHN,STEVEN,N,ACTIVE,36769,R,,03/07/2018,02/18/2025,NMFS-NER,EREC
ATLANTICOCEAN,ATLANTIC OCEAN SERVICES,,,N,ACTIVE,221708,,,04/04/2018,02/25/2019,NY,EDR
GCLOBSTER,GOLD COAST LOBSTER CO INC,,,N,ACTIVE,43701,,,05/23/2018,05/29/2018,NY,EDR
MONTAUKOYSTER,,MARTINSEN,MICHAEL,N,ACTIVE,39238,L,,06/04/2018,07/02/2018,NY,ETRIP
WENDYJO,WENDY JO LLC,,,N,ACTIVE,220235,,,02/07/2018,06/12/2018,NY,ETRIP
RROCCHETTA,,ROCCHETTA,ROBERT,N,ACTIVE,36879,A,,03/05/2018,10/25/2021,NMFS-NER,ETRIP
MICHAELSUK6,,SUK,MICHAEL,N,ACTIVE,175134,,,12/21/2018,08/15/2024,NY,ETRIP
D4862TEE,,ECKARDT,THOMAS,N,ACTIVE,38043,E,,01/21/2021,,NMFS-NER,EDR
TCLARK,,CLARK,TYLER,N,ACTIVE,39900,B,,04/05/2021,,NY,ETRIP
JXGILMOR,NYSDEC,GILMORE,JAMES,N,ACTIVE,270875,J,III,04/13/2021,06/13/2023,NY,ETRIP-DE
JXGILMOR,NYSDEC,GILMORE,JAMES,N,ACTIVE,270875,J,III,04/13/2021,06/13/2023,NY,SMS
FRUSSO70,,RUSSO,FREDERICK,N,ACTIVE,226440,J,,04/23/2021,04/19/2025,NY,ETRIP
D4882VJD,,DAMM,VINCENT,N,ACTIVE,38946,J,,04/19/2021,04/21/2025,NMFS-NER,EDR
SAMEK,,SAMEK,ALAN,N,ACTIVE,38469,G,,02/28/2021,,NY,ETRIP
WHENKEL,,HENKEL,WILLIAM,N,ACTIVE,270975,,,04/16/2021,05/05/2022,NY,ETRIP
DKEYSER,,KEYSER,DANIEL,N,ACTIVE,273330,,,05/27/2021,05/27/2021,NY,ETRIP
OUTEAST,,FASANO,THOMAS,N,ACTIVE,274181,C,,06/22/2021,06/22/2021,NY,ETRIP
D4894FFA,DAIRYLAND USA CORP,,,N,ACTIVE,99053,,,06/15/2021,04/07/2025,NMFS-NER,EDR
D4916AEC,ACE ENDICO CORP,ENDICO,WILLIAM,N,ACTIVE,203913,A,,07/27/2021,,NMFS-NER,EDR
XTREME,,FRANZO,JOSEPH,N,ACTIVE,273626,P,,06/03/2021,10/26/2023,NY,ETRIP
ACONTE,,CONTE,ANTONIO,N,ACTIVE,200208,,,06/14/2021,06/14/2021,NY,EDR
MATY 1982,,BENNETT,MATTHEW,N,ACTIVE,203897,A,,07/29/2023,03/07/2025,NY,ETRIP
REELBUSYSPORTFISHING,REEL BUSY SPORTFISHING INC,LILIENTHAL,BRIAN,N,ACTIVE,305167,,,04/05/2024,02/23/2025,NY,ETRIP
ROBERTLAARONSON,,AARONSON,ROBERT,N,ACTIVE,228637,L,,11/17/2022,11/17/2022,NY,ETRIP
RICHARDRADEIII,,RADE,RICHARD,N,ACTIVE,300247,J,III,11/17/2023,12/16/2024,NY,ETRIP
D4935RFH,,HORTON,RYAN,N,ACTIVE,272867,F,,11/22/2021,,NMFS-NER,EDR
JACSPORTFISHING,JAC SPORTFISHING INDUSTRIES INC,VINCENT,FIRPO,N,ACTIVE,300721,,,01/10/2024,01/10/2024,NY,ETRIP
SEAJEANNIE,,COSTANZA,VITO,N,ACTIVE,197869,,,08/08/2024,08/08/2024,NY,ETRIP
ESUSKEVICH,,SUSKEVICH,ERIC,N,ACTIVE,40242,J,,09/26/2022,10/01/2022,NY,ETRIP
KJMAJID,NYSDEC,MAJID,KYLE,N,ACTIVE,292670,,,01/23/2023,04/23/2025,NY,SMS
DXKAMINS,NYSDEC,KAMINSKI,DENISE,N,ACTIVE,293190,,,02/10/2023,04/23/2025,NY,SMS
VAC686,WWM BLUEFIN LLC,,,N,ACTIVE,294909,,,05/08/2023,01/27/2025,NY,ETRIP
MDO23,MIGRATION DESTINATION OUTFITTERS,,,N,ACTIVE,317537,,,08/16/2024,03/29/2025,NY,ETRIP
ADRIAN,,MOELLER,ADRIAN,N,ACTIVE,299921,,,10/10/2023,04/18/2025,NY,ETRIP
MULLIGAN2001,,ATIYEH,STEVE,N,ACTIVE,36878,,,10/01/2024,10/01/2024,NY,ETRIP
JOEBERRY2000,,BERRY,GEORGE,N,ACTIVE,263919,J,III,10/25/2024,11/30/2024,NY,ETRIP
JOEADAMS,,ADAMS,JOSEPH,N,ACTIVE,194276,D,,10/25/2024,04/22/2025,NY,EDR
UNIVERSAL,UNIVERSAL SEAFOOD,,,Y,ACTIVE,76475,,,10/28/2024,04/04/2025,NMFS-NER,EDR
VINCENT.CLAPS,,CLAPS,VINCENT,N,ACTIVE,37381,M,,01/02/2025,04/22/2025,NY,ETRIP
GUILFORDLOBSTERPOUND,GUILFORD LOBSTER POUND,MANSI,BARTHOLOMEW,N,ACTIVE,10956,L,III,09/25/2023,12/23/2024,CT,EDR
TESOROKA,NYSDEC,SOROKA,TAYLOR,N,INACTIVE,282905,,,02/04/2022,06/28/2022,NY,ETRIP-DE
ANTHONYMALTESE,,MALTESE,ANTHONY,N,ACTIVE,37677,,,02/14/2025,02/19/2025,NY,ETRIP
D5020JWK,,KIRCHMER,JASON,N,ACTIVE,39971,,,01/18/2023,04/07/2025,NMFS-NER,EDR
HOBOKENBOATCHARTERS,HOBOKEN BOAT CHARTERS LLC,,,N,ACTIVE,283545,,,03/21/2022,03/18/2024,NY,ETRIP
MARINEBEAST,,TEJEDA,HUMBERTO,N,ACTIVE,405437,R PEREZ,,04/16/2025,04/17/2025,NY,ETRIP
SHADMAN,,MYLOD,JOHN,N,ACTIVE,36692,,,12/08/2022,03/12/2025,NY,ETRIP
JERALDROWELL,,ROWELL,JERALD,N,ACTIVE,305572,A,JR,05/16/2024,05/16/2024,NY,ETRIP
LAYINOUT,LAYIN OUT LLC,FREY,RICHARD,N,ACTIVE,299682,THOMAS,,09/27/2023,03/24/2025,NY,ETRIP
ARRESTSPOT3,ARREST SPOT LLC,,,N,ACTIVE,315152,,,11/21/2024,,NY,ETRIP
WILLYSFISH,WILLYS FISH CORPORATION,,,N,ACTIVE,215707,,,06/03/2022,,NY,EDR
ALYSSABOAT,,MAYRER,CHARLES,N,ACTIVE,36827,J,JR,04/09/2022,04/03/2025,NMFS-NER,ETRIP
APERILLI,AUSTIN OUTFITTERS LLC,,,N,ACTIVE,295168,,,05/23/2023,12/16/2024,NY,ETRIP
D5091NDP,NATHANIEL DYLAN PHILLIPS,PHILLIPS,NATHANIEL,N,ACTIVE,63015,DYLAN,,09/07/2023,04/22/2025,NMFS-NER,ETRIP
GILLENFISH,GILLEN FISHING CORP,,,N,ACTIVE,40348,,,03/25/2025,03/26/2025,NY,ETRIP
CHUCK27,EDDY & ANN FISHING CORP,,,N,ACTIVE,40259,,,04/23/2025,04/23/2025,NY,ETRIP
PAT,,SULLIVAN,PATRICK,N,ACTIVE,301153,,,01/19/2024,,NY,ETRIP
MARKCUMMINGS,,CUMMINGS,MARK,N,ACTIVE,38039,S,,09/30/2024,01/23/2025,NY,ETRIP
DECKER1,JOSEPH FISHERIES CORP,DECKER,MICHAEL,N,ACTIVE,39913,J,,11/01/2024,03/31/2025,NY,ETRIP
ALFRED.SCHAFFER,,SCHAFFER,ALFRED,N,ACTIVE,36919,P,,03/21/2025,04/24/2025,NY,ETRIP
GINAANNCHARTERS,M & M CHARTERS LTD,,,N,ACTIVE,198343,,,04/08/2022,04/23/2025,NY,ETRIP
RONALD.ONORATO,,ONORATO,RONALD,N,ACTIVE,32936,A,,01/31/2025,03/28/2025,NMFS-SER,ETRIP
JTROIANO,SEA J CHARTERS LLC,,,N,ACTIVE,315168,,,02/13/2025,02/13/2025,NY,ETRIP
DXDURAN,NYSDEC,DURAN,DANIEL,N,ACTIVE,299651,,,09/20/2023,04/22/2025,NY,EDR-DE
MIKEMASON6,,MASON,MICHAEL,N,ACTIVE,98874,J,,10/24/2023,12/05/2023,NY,ETRIP
D15038US,UNITED SEAFOOD INC,,,N,ACTIVE,267070,,,01/09/2025,04/22/2025,NY,EDR
ICEBREAKER,,MIHALE,JOHN,N,ACTIVE,37612,G,,09/13/2021,,NMFS-NER,ETRIP
JKULA,FISH LONG ISLAND LLC,,,N,ACTIVE,291683,,,11/28/2022,12/08/2022,NY,ETRIP
D5053PSE,PETER S ESHENFELDER,ESHENFELDER,PETER,N,ACTIVE,11231,S,,05/23/2023,03/25/2025,NMFS-NER,EDR
RICHARDVERITY,,VERITY,RICHARD,N,ACTIVE,284185,,,04/27/2022,11/23/2024,NY,ETRIP
GREENR3,,GREENE,ROBERT,N,ACTIVE,300357,P,III,12/04/2023,12/04/2024,NY,ETRIP
OCEANVUE42,OCEAN VUE CHARTERS CORP,MORSE,THOMAS,N,ACTIVE,301938,,,02/27/2024,01/14/2025,NY,ETRIP
THOMAS J MULLEN JUST FISH,,MULLEN,THOMAS,N,ACTIVE,37569,J,,03/23/2024,03/23/2024,NY,ETRIP
BESTIAMARINA,,PEREZ TEJEDA,HUMBERTO,N,ACTIVE,305312,R,,04/30/2024,04/30/2024,NY,ETRIP
CHRISWINKLER,FV NEW AGE,WINKLER,CHRISTOPHER,N,ACTIVE,37591,C,,08/22/2024,,NY,EDR
SEACRUISE,BECKETT CHARTERS LLC,,,N,ACTIVE,285941,,,06/23/2022,,NY,ETRIP
PICKLEDHERRING,,MCDONALD,JOSEPH,N,ACTIVE,293623,,,03/06/2023,03/13/2025,NY,ETRIP
VMARTELLA,,MARTELLA,VINCENT ,N,ACTIVE,294874,L,,05/05/2023,04/13/2025,NY,ETRIP
VMARTELLA,,MARTELLA,VINCENT ,N,ACTIVE,294874,L,,05/05/2023,04/13/2025,NY,EDR
BROSS,,ROSS,BRENDAN,N,ACTIVE,290584,PATRICK,,09/14/2022,03/23/2024,NY,ETRIP
WS,WILLIAM STRAUB,STRAUB,WILLIAM,N,ACTIVE,38281,R,,12/10/2021,03/07/2022,NMFS-NER,ETRIP
MJGRECO,,GRECO,MICHAEL,N,ACTIVE,283820,J,,04/11/2022,04/20/2022,NY,ETRIP
D5068OVF,HANDSOME SEAFOOD CORP,,,N,ACTIVE,296385,,,06/22/2023,12/17/2023,NMFS-NER,EDR
D4959SCB,SEAN L COONEY,COONEY,SEAN,N,ACTIVE,221979,L,,04/02/2022,01/30/2023,NMFS-NER,EDR
SUTHRICH,,SUTH,J RICHARD,N,ACTIVE,307907,,,07/24/2024,02/12/2025,NY,ETRIP
DMESTAWAT,ACCSP DEVELOPER,Mestawat,Daniel,N,ACTIVE,285966,,,06/24/2022,04/21/2025,ME,LOB-REV
HAIRMAN ,,PIAZZA,NICHOLAS,N,ACTIVE,281493,F,,10/24/2024,,NY,ETRIP
CAPTAINROMEO,,ROMEO,ANTHONY,N,ACTIVE,200699,H,,12/30/2021,,NY,ETRIP
CAPTAINSLAUGHTER,,MAISTO,RUDY,N,ACTIVE,194096,,,10/24/2024,11/07/2024,NY,ETRIP
OWENNILES12,,NILES,OWEN,N,ACTIVE,282951,C,,03/21/2022,03/21/2022,NY,ETRIP
D1487UOR,AGGER FISH CORP,,,N,ACTIVE,3771,,,,04/08/2025,NMFS-NER,EDR
D1582CVF,LOU'S FISH MARKET INC,PARENTE,DEMI,N,ACTIVE,11766,,,,03/16/2021,NMFS-NER,EDR
D1211UPD,MILLIGAN SEAFOOD CO,MILLIGAN,WILLIAM,N,ACTIVE,11781,A,,,02/08/2017,NMFS-NER,EDR
D3554HTJ,MICHAEL DIEM,DIEM,MICHAEL,N,ACTIVE,63777,R,,,03/07/2025,NMFS-NER,EDR
D1840FVB,IPSWICH SHELLFISH CO INC,,,Y,ACTIVE,11871,,,,04/22/2025,NMFS-NER,EDR
D1741ALS,MOE BEHRENS SEAFOOD INC,,,N,ACTIVE,11889,,,,09/26/2018,NMFS-NER,EDR
D3031WCA,SUSHI FISHING & CHARTERS INC,,,N,ACTIVE,12067,,,,07/16/2024,NMFS-NER,EDR
D3420ITD,BLUE WATER MARINE SERVICES INC,,,Y,ACTIVE,12209,,,,11/01/2011,NMFS-NER,EDR
D3207DXP,S AND J FISH LTD,DRESNER,SUSAN,N,ACTIVE,12143,,,,01/06/2025,NMFS-NER,EDR
D2390KNN,JEFFREY M KRAUS,,,N,ACTIVE,12148,,,,01/10/2025,NMFS-NER,EDR
D3066BTZ,CLAMMAN SEAFOOD MKT INC,,,N,ACTIVE,12112,,,,07/14/2009,NMFS-NER,EDR
D3346IGC,AFC TRADING CORP,MILLER,FREDERICK,N,ACTIVE,3697,A,,,04/02/2025,NMFS-NER,EDR
KKNOBLOCH,CCE,,,N,ACTIVE,11735,,,02/02/2007,02/07/2014,NY,EDR-DE
JSTENT,CCE,,,N,ACTIVE,11735,,,02/02/2007,08/06/2014,NY,ETRIP-DE
D3719GWD,JONES INLET SEAFOOD CO INC,,,N,ACTIVE,79162,,,04/26/2007,05/26/2021,NMFS-NER,EDR
D3596SCB,HARBOR BLUE SEAFOOD INC,,,N,ACTIVE,66074,,,06/22/2005,03/06/2018,NMFS-NER,EDR
KHOLMES,ACCSP,STAFF,ACCSP,N,ACTIVE,17,TEST,,,12/29/2022,RI,EREC
KHOLMES,ACCSP,STAFF,ACCSP,N,ACTIVE,17,TEST,,,12/29/2022,RI,NAS
KHOLMES,ACCSP,STAFF,ACCSP,N,ACTIVE,17,TEST,,,12/29/2022,RI,ETRIP
KHOLMES,ACCSP,STAFF,ACCSP,N,ACTIVE,17,TEST,,,12/29/2022,RI,EONE
KHOLMES,ACCSP,STAFF,ACCSP,N,ACTIVE,17,TEST,,,12/29/2022,RI,EDR
KHOLMES,ACCSP,STAFF,ACCSP,N,ACTIVE,17,TEST,,,12/29/2022,RI,ETRIP-TEST
D1911ETB,HART LOBSTER,,,N,ACTIVE,63914,,,04/21/2005,11/09/2016,NMFS-NER,EDR
ME37935,DBA J P SHELLFISH INC,CLAMBAKE HOLDINGS INC,KEVIN MURPHY,Y,ACTIVE,71793,,,09/19/2006,,ME,EDR
LCBRYDE,NYSDEC,BRYDE,LAUREN,N,INACTIVE,177034,,,01/20/2012,12/04/2013,NY,EDR-DE
D3769EQF,UNIVERSAL SEAFOOD,,,Y,ACTIVE,76475,,,11/14/2007,,NMFS-NER,EDR
WBURAK,CCE,,,N,ACTIVE,11735,,,07/10/2007,09/18/2007,NY,SMS
KGERBINO,CCE,GERBINO,KRISTIN,N,ACTIVE,115214,,,10/23/2008,10/04/2021,NY,EDR-DE
MDAVIDSON,NYSDEC,DAVIDSON,MAUREEN,N,INACTIVE,115215,,,10/23/2008,08/31/2020,NY,SMS
PANDERSON,NYSDEC,ANDERSON,PETER,N,INACTIVE,115217,,,10/23/2008,03/21/2023,NY,ETRIP-DE
PANDERSON,NYSDEC,ANDERSON,PETER,N,INACTIVE,115217,,,10/23/2008,03/21/2023,NY,SMS
TFROEHLICH,CCE,FROEHLICH,TARA,N,ACTIVE,115219,,,10/23/2008,03/16/2018,NY,EDR-DE
STUMMINIA2,STEVE TUMMINIA,TUMMINIA,STEVE,,ACTIVE,39282,P,,07/07/2011,01/14/2025,NY,ETRIP
C162620MA,,FUSCO,PAUL,,ACTIVE,155247,L,,09/28/2011,08/21/2014,MA,ETRIP
D3993NAU,CAPTAIN RICHARD HUNTER,HUNTER,RICHARD,N,ACTIVE,141334,L,,08/03/2010,11/24/2024,NMFS-NER,EDR
JEFFKORN,,KORN,JEFFREY,N,ACTIVE,38877,G,,01/09/2012,04/01/2025,NY,EDR
JMCMURRAY,,MCMURRAY,JOHN,,ACTIVE,37651,G,,03/02/2010,02/12/2025,NY,ETRIP
D4170ZDR,DBA JOE SEAFOOD TRADING CO,,,N,ACTIVE,185796,,,02/05/2013,04/13/2025,NMFS-NER,EDR
KINGQUEEN1234,,KRAUSE,AARON,N,ACTIVE,39030,,,02/15/2013,06/24/2017,NY,ETRIP
BOTTOMLIPCHARTERS,,DUNNE,PETER,N,ACTIVE,190516,G,,07/02/2013,09/26/2013,NY,ETRIP
KAHATTAL,NYSDEC,HATTALA,KATHY,N,INACTIVE,189057,,,05/22/2013,05/27/2015,NY,SMS
WBROWN101946,,BROWN,WILLIAM,N,ACTIVE,36628,M,,09/29/2010,09/29/2010,RI,ETRIP
D4035REZ,MAGURO-KAMI INC,,,,ACTIVE,153014,,,01/14/2011,04/23/2017,NMFS-NER,EDR
SWITTHUHN111956,TOPHOOK,WITTHUHN,STEVEN,N,ACTIVE,36769,R,,03/03/2013,04/18/2013,NY,EREC
SWITTHUHN111956,TOPHOOK,WITTHUHN,STEVEN,N,ACTIVE,36769,R,,03/03/2013,04/18/2013,NY,EDR
MJMELITO0955,,MELITO,MARIO,,ACTIVE,36618,J,,10/28/2010,,RI,EREC
TMIKOLESKI051964,,MIKOLESKI,THOMAS,N,ACTIVE,144054,,,11/12/2010,07/20/2023,RI,ETRIP
SCHENG,,CHENG,SAMUEL,N,ACTIVE,185541,E,,07/22/2013,,NY,EDR
ARTHUR,,KRETSCHMER,ARTHUR,N,ACTIVE,37484,,,04/30/2013,04/23/2025,NY,ETRIP
BLUEOCEAN,BLUE OCEAN (NY) TRADING INC,,,N,ACTIVE,187718,,,07/16/2013,,NY,EDR
REGINAE35,,O'LEARY,CHESTER,N,ACTIVE,188855,W,,05/20/2013,05/20/2013,NY,ETRIP
REGINAE35,,O'LEARY,CHESTER,N,ACTIVE,188855,W,,05/20/2013,05/20/2013,NY,ETRIP
D4162PR1,SUSAN DRESNER LTD,,,N,ACTIVE,185095,,,12/28/2012,10/21/2014,NMFS-NER,EDR
CHARLESKELLY,,KELLY,CHARLES,,ACTIVE,37400,R,,02/24/2012,02/24/2012,NJ,ETRIP
STEVE1234,,CARROLL,STEVEN,N,ACTIVE,184842,B,,05/16/2013,06/21/2013,NY,EDR
CAPTKENJONES,,JONES,KENNETH,,ACTIVE,142014,K,,08/24/2010,11/09/2011,NY,ETRIP
JKHYLAND,,HYLAND,JOHN,N,ACTIVE,189005,K,,05/21/2013,10/11/2021,NY,ETRIP
CLBAUER,NYSDEC,BAUER,CASSANDRA,N,INACTIVE,193916,,,11/12/2013,02/21/2014,NY,ETRIP-DE
SWHITTING111942,,WHITTING,STRETTLE,,ACTIVE,36940,F,JR,10/11/2010,11/12/2010,RI,EREC
RRADUAZZO,,RADUAZZO,ROBERT,N,ACTIVE,36911,,,04/23/2012,11/07/2024,NY,EDR
MSAIO031960,,SAIO,MICHAEL,N,ACTIVE,36757,N,,11/19/2013,,NY,ETRIP
MNSAIO031960,,SAIO,MICHAEL,N,ACTIVE,36757,N,,11/19/2013,,NY,ETRIP
JDEFILIPPI,ACCSP - DATA TEAM,ACCSP,DATA TEAM,N,ACTIVE,189577,,,06/07/2013,04/20/2017,CT,VMS
NAURITI,,AURITI,NICHOLAS,N,ACTIVE,38975,,,07/01/2013,04/21/2025,NY,EDR
RAARONSON031961,,AARONSON,ROBERT,N,ACTIVE,36832,,,10/12/2010,03/18/2025,RI,EREC
MBPHIL,,PHILLIPS,MARY BESS,N,ACTIVE,63014,,,07/17/2013,,NY,EDR
C160518MA,DONNA MAY FISHERIES LLC,DEBBIS,KEVIN,N,ACTIVE,63524,J,,10/19/2010,10/30/2010,MA,EDR
CAPTSCOTTYT,,TRAFAS,SCOTT,,ACTIVE,176474,J,,12/13/2011,12/13/2011,NY,ETRIP
ARWEBB,,WEBB,ANNA,N,INACTIVE,177035,,,01/20/2012,11/01/2012,NY,EDR-DE
JIMJAMIE,JIM & JAMIE FISH CORP,,,N,ACTIVE,40407,,,07/17/2013,,NY,EDR
MONTAUKSEA,MONTAUK SEAFOOD CO INC,,,N,ACTIVE,76600,,,07/18/2013,,NY,EDR
GUYMAI,,MAIO,GUY,N,ACTIVE,180855,J,,03/27/2014,10/21/2018,NY,EDR
STARSHIP,,SACKSTEIN,JAY,N,ACTIVE,38661,,,12/23/2014,01/15/2015,NY,ETRIP
PSHARKEY,,SHARKEY,PAUL,N,ACTIVE,63445,E,II,07/18/2013,,NY,EDR
PSTERN,,STERN,PAUL,N,ACTIVE,20278,,,07/18/2013,,NY,ETRIP
GMEDWIG081962,,MEDWIG,GREGORY,N,ACTIVE,37267,S,,05/28/2014,11/24/2019,NY,ETRIP
ROBERTSTONE,,STONE,ROBERT,N,ACTIVE,39742,E,III,04/04/2014,04/03/2025,NY,ETRIP
KAGRAULI,NYSDEC,GRAULICH,KAREN,N,INACTIVE,196816,,,04/03/2014,06/09/2016,NY,EDR-DE
KAGRAULI,NYSDEC,GRAULICH,KAREN,N,INACTIVE,196816,,,04/03/2014,06/09/2016,NY,EREC
JMYERS,ACCSP - DATA TEAM,ACCSP,DATA TEAM,Y,ACTIVE,189577,,,04/17/2014,04/15/2025,NMFS-NER,SMS
DGLADSTONE081956,,GLADSTONE,DANIEL,N,INACTIVE,38839,J,,07/01/2014,11/12/2024,NY,EREC
CLOVER,,MCGUIRE,CHRISTOPHER,Y,ACTIVE,201797,H, ,09/02/2014,09/02/2014,NY,EDR
FKARP,HARBOR LIGHT  SOFTWARE,KARP,FRANCINE,N,INACTIVE,202183,,,09/15/2014,04/24/2025,RI,SMS
DBORNEMANN,,BORNEMANN,DAVID,N,ACTIVE,36717,L,,02/07/2014,02/07/2014,NY,ETRIP
DHSMITH,CCE,HARRISON-SMITH,DANIEL,N,INACTIVE,195757,,,02/27/2014,08/25/2014,NY,ETRIP-DE
CAPTAINANDRE,,STOKES,ANDRE,N,ACTIVE,189956,,,06/18/2013,02/17/2014,NY,ETRIP
SKRATS369,,STARKS,CHARLES,N,ACTIVE,36632,,,06/03/2014,03/22/2024,NY,ETRIP
SCOMERICO,,COMERICO,SALVATORE,N,ACTIVE,11243,,,07/22/2013,03/14/2024,NY,EDR
RBARTOW1,,BARTOW,ROBERT,N,ACTIVE,199377,S,,06/13/2014,04/23/2025,NY,ETRIP
CLAMMAN,CLAMMAN SEAFOOD MKT INC,,,N,ACTIVE,12112,,,08/05/2014,04/21/2025,NY,EDR
ADEPERTE,,DEPERTE,ALEXANDER,N,ACTIVE,40190,,,08/14/2013,10/10/2024,NY,ETRIP
SAFIS,ACCSP DEVELOPER,MWAI,NICHOLAS,N,ACTIVE,192536,,,08/21/2013,09/16/2021,ME,EREC
RLAZAUSKAS051943,,LAZAUSKAS,RONALD,,ACTIVE,36903,J,,04/09/2014,04/09/2014,NY,EREC
CORTESOUTFITTERS,,CORTES,ARTHUR,N,ACTIVE,199058,,,06/03/2014,01/04/2025,NY,ETRIP
OFFDUTY,,SOHM,MATTHEW,N,ACTIVE,37158,J,,03/20/2014,12/13/2024,NY,ETRIP
ANDREWDERR,,DERR,ANDREW,N,ACTIVE,194976,L,,01/23/2014,02/13/2025,NY,ETRIP
SZCZOTKA,,SZCZOTKA,THEODORE,N,ACTIVE,140736,S,,04/24/2012,04/08/2025,NY,EDR
D3118QGJ,D B FISH INC,,,N,ACTIVE,12274,,,,02/19/2025,NMFS-NER,EDR
JARITA101975,JONATHAN ARITA,ARITA,JONATHAN,N,ACTIVE,37135,A,,05/25/2014,05/25/2014,NY,EDR
C167989MA,,HARRIS,COREY,N,ACTIVE,63087,W,,12/17/2014,01/13/2025,MA,ETRIP
D2788PMO,KASHIKO EXPORTS,,,Y,ACTIVE,11998,,,,04/18/2025,NMFS-NER,EDR
C162720MA,,PRUDENTI,ANTHONY,,ACTIVE,43301,P,,11/01/2011,,MA,ETRIP
CAPTDAGS,SPRING CLOSE FARMS INC,,,N,ACTIVE,189238,,,05/28/2013,01/07/2014,NY,EDR
D3941EDF,DEEP SEA SEAFOOD INC,,,N,ACTIVE,188839,,,05/20/2013,12/25/2018,NMFS-NER,EDR
GRAYWIND,,MARSZALKIEWICZ,WILLIAM,,ACTIVE,39047,,,01/05/2011,09/05/2020,NY,ETRIP
CAPTREECLAM,CAPTREE CLAM CO INC,,,N,ACTIVE,76493,,,07/16/2013,,NY,EDR
CAPT.TGARIEPY,,GARIEPY,THOMAS,N,ACTIVE,164276,C,,02/22/2013,,NY,ETRIP
DBORNE,,BORNEMANN,DAVID,N,ACTIVE,36717,L,,02/23/2011,04/08/2025,NY,EDR
BMASTAGLIO081966,,MASTAGLIO,BRIAN,N,ACTIVE,36783,J,,05/05/2013,05/05/2013,NY,ETRIP
EADEROSOC,,EADEROSO,CARMEN,,ACTIVE,159354,,,04/21/2011,12/26/2021,NY,EDR
WCALDWELL,,CALDWELL,WILLIAM,N,ACTIVE,39565,P,,07/24/2013,03/26/2025,NY,EDR
WCALDWELL,,CALDWELL,WILLIAM,N,ACTIVE,39565,P,,07/24/2013,03/26/2025,NY,ETRIP
MBERNSTEIN,NYSDEC,BERNSTEIN,MICHAEL,N,INACTIVE,132294,,,01/22/2010,07/08/2010,NY,EDR-DE
TOMC3258,,CORNELL,THOMAS,N,ACTIVE,198461,M,,11/30/2015,01/23/2024,NY,ETRIP
KXPICHAR,NYSDEC,PICHARDO,KATHERINE,N,INACTIVE,218715,,,10/06/2017,11/05/2021,NY,EDR-DE
KXPICHAR,NYSDEC,PICHARDO,KATHERINE,N,INACTIVE,218715,,,10/06/2017,11/05/2021,NY,SMS
KELBY,,REMSEN,JOHN,N,ACTIVE,37813,K,JR,03/04/2015,12/08/2015,NY,ETRIP
CKING101974,,KING,CHRISTOPHER,N,ACTIVE,207576,H,,05/31/2017,05/31/2017,NY,ETRIP
CKING101974,,KING,CHRISTOPHER,,ACTIVE,207576,H,,05/31/2017,05/31/2017,NY,EREC
FBLUME,,BLUME,FRANCIS,N,ACTIVE,36802,E,,07/07/2015,12/10/2019,CT,ETRIP
CCANTELMO071964,,CANTELMO,CRAIG,N,ACTIVE,218663,,,10/03/2017,11/16/2018,NY,ETRIP
DECDLE,DEC LAW ENF,,,N,ACTIVE,203869,,,01/29/2015,12/18/2024,NY,EDR-REV
JTANGEL,KING COD FISHING,TANGEL,JOSEPH,N,ACTIVE,198445,G,,07/07/2015,04/18/2025,NY,ETRIP
AARON,,WILLIAMS,AARON,N,INACTIVE,1910,D,,07/03/2017,05/13/2021,RI,EDR
D4411SCT,SAROCTO INC,ZRIOUIL,KARIM,N,ACTIVE,39348,,,01/26/2017,04/18/2025,NMFS-NER,EDR
MANUELSOCORRO,,SOCORRO,MANUEL,N,ACTIVE,219324,,,11/27/2017,10/13/2023,NY,ETRIP
VTRTEST,NYSDEC,LIMULUS,POLLY,N,INACTIVE,128950,,,07/06/2016,04/22/2025,NY,ETRIP-DE
VTRTEST,NYSDEC,LIMULUS,POLLY,N,ACTIVE,128950,,,07/06/2016,04/22/2025,NY,EDR
TSPELLMAN 051967,,SPELLMAN,TIMOTHY,N,ACTIVE,214877,,,01/21/2017,01/21/2017,NY,EREC
JKSEAFOOD,J & K SEAFOOD INC,ZIERIS,MICHAEL,N,ACTIVE,216137,,,11/29/2017,02/08/2025,NY,EDR
GMANC8791,,MANCINI,GUIDO,N,ACTIVE,63098,,,10/06/2017,01/15/2025,NY,ETRIP
BLACKFOOT51,,ROYE,JEFFREY,N,ACTIVE,38388,G,,02/12/2016,01/03/2023,NY,ETRIP
WESTWINDFISH,,GRECCO,MICHAEL,N,ACTIVE,38337,,,12/08/2015,,NY,ETRIP
BSIMON091975,,SIMON,BEN,N,ACTIVE,208638,G,,04/04/2016,05/25/2018,NY,EREC
SCOMERICO101951,,COMERICO,SALVATORE,N,ACTIVE,11243,,,10/27/2015,03/02/2016,NY,ETRIP
MMARDER,,MARDER,MICA,N,ACTIVE,213779,,,12/05/2016,10/25/2018,NY,ETRIP
NICK89FISH,,DIVITTORIO,NICHOLAS,N,ACTIVE,214255,,IV,10/20/2016,10/21/2016,NY,ETRIP
C173406MA,,MCGUIRE,CHRISTOPHER,N,ACTIVE,201797,H, ,11/04/2016,,MA,ETRIP
MG,MICCAT MARINE SERVICES,GARVEY,MICHAEL,N,ACTIVE,38783,J,,03/17/2017,03/17/2017,NY,ETRIP
LONGSHOT,,BAUER,CHRISTOPHER,N,ACTIVE,207577,M,,02/24/2016,,NY,ETRIP
JKELLYCAL,,CALDWELL,JAMES,N,ACTIVE,209430,K,,05/12/2016,03/06/2018,NY,ETRIP
MFAN3486,,BURGER,STEVEN,N,ACTIVE,215228,M,,03/13/2017,07/06/2020,NY,ETRIP
SAWYERCLARK,,CLARK,SAWYER,N,ACTIVE,40010,J,,07/19/2016,04/22/2025,NY,EDR
ALENDIOP,,DIOP,ALEN,N,ACTIVE,215211,,,03/07/2017,,NY,ETRIP
VICKIW623,,COLLINS,STEPHEN,N,ACTIVE,209286,D,,05/06/2016,05/10/2016,NY,ETRIP
FWEDMAN,V AND G SEA PRODUCTS INC,,,N,ACTIVE,40290,,,04/17/2015,04/22/2025,NY,EDR
RABOZZI,NYSDEC,BOZZI,RHIANNA,N,INACTIVE,214357,,,11/09/2016,04/27/2022,NY,SMS
D4304123,BUCKHEAD BEEF CO,DBA TRINITY SEAFOOD,,N,ACTIVE,203838,,,02/24/2015,10/22/2021,NMFS-NER,EDR
ANDYHO23,,HORAN,ANDREW,N,ACTIVE,207426,J,,05/17/2016,08/31/2018,NY,ETRIP
ANDERSON_TURK101,,ANDERSON,REAGAN,N,ACTIVE,215210,J,,03/07/2017,05/11/2024,NY,ETRIP
JMSHEWAR,NYSDEC,SHEWARD,JUSTIN,N,INACTIVE,204743,,,04/24/2015,06/30/2015,NY,ETRIP-DE
MYESALONIS,,YESALONIS,MICHAEL,N,ACTIVE,98906,,,09/23/2016,11/24/2024,NY,ETRIP
DOHALLORAN011961,,OHALLORAN,DAVID,N,ACTIVE,206431,F,,10/14/2015,10/14/2015,NY,EREC
HENRYLACKNER,L & G FISHERIES,LACKNER,HENRY,N,ACTIVE,20097,,,03/30/2015,12/02/2015,RI,ETRIP
JENNYECHARTERS,JENNY E CHARTERS INC,,,N,ACTIVE,215874,,,04/13/2017,11/21/2024,NY,ETRIP
ROBERT SQUEO,,SQUEO,ROBERT,N,ACTIVE,207414,J,,04/11/2016,04/22/2025,NY,ETRIP
MOONLIGHTER,,MORELLI,FRANK,N,ACTIVE,37436,,,02/23/2016,10/20/2021,NY,ETRIP
SAVI,SAVI SEAFOODS LLC,,,N,ACTIVE,76106,,,08/09/2016,08/09/2016,NMFS-NER,EDR
HKONELL,ACCSP - DATA TEAM,ACCSP,DATA TEAM,N,ACTIVE,189577,,,04/20/2017,04/04/2025,ME,EREC
MIKEYBOATS1,,SHAW,MICHAEL,N,ACTIVE,63447,W,,12/29/2016,09/28/2017,NY,EREC
ZIFFYSTRIPERCHUM,,ZIFCHAK,GREGORY,N,ACTIVE,207358,J,,01/30/2017,12/20/2024,NY,ETRIP
TOKEN,TOKEN FISHING LLC,,,N,ACTIVE,198425,,,07/23/2015,01/12/2024,NY,ETRIP
D4356OPH,,MCGUIRE,CHRISTOPHER,Y,ACTIVE,201797,H, ,11/10/2015,10/19/2020,NMFS-NER,EDR
TOMJORDAN,,JORDAN,THOMAS,N,ACTIVE,3509,A,,02/09/2015,,RI,ETRIP
CAPTAINDENNIS,,CARACCIOLO,DENNIS,N,ACTIVE,37119,J,,05/01/2015,04/23/2025,NY,ETRIP
FVCLOVER,,MCGUIRE,CHRISTOPHER,N,ACTIVE,201797,H, ,06/09/2015,12/07/2016,NY,ETRIP
KH,ACCSP,STAFF,ACCSP,Y,ACTIVE,17,TEST,,07/15/2017,,RI,EDR-DE
KH,ACCSP,STAFF,ACCSP,N,ACTIVE,17,TEST,,07/15/2017,,RI,NAS
JOHNSFISHBOAT,,ARENA,JOHN,N,ACTIVE,208917,,,04/06/2016,08/19/2016,NY,ETRIP
DPBIDDLE,DAVID P BIDDLE LLC,,,N,ACTIVE,197316,,,03/29/2016,03/29/2016,NY,ETRIP
D4600S2E,,YOUNG,MICHAEL,N,ACTIVE,228594,J,,03/20/2020,,NMFS-NER,ETRIP
DSUK,,SUK,DAVID,N,ACTIVE,38920,,,11/14/2018,11/19/2022,NY,ETRIP
SUPERHAWK8,DS CHARTERS ENTERPRISES INC,,,N,ACTIVE,40398,,,07/08/2019,07/08/2019,NY,ETRIP
JOHNNEMETH,,NEMETH,JOHN,N,ACTIVE,231019,M,,08/09/2019,04/11/2025,NJ,EDR
SEATIGER2,,HAGAMAN,HAROLD,N,ACTIVE,37644,P,,09/10/2018,04/23/2025,NMFS-NER,ETRIP
EMARTINO,ACCSP DEVELOPER,Martino,Ed,N,ACTIVE,555555,,,04/01/2019,04/21/2025,ME,SMS
EMARTINO,ACCSP DEVELOPER,Martino,Ed,N,ACTIVE,555555,,,04/01/2019,04/21/2025,ME,EREC
JUSTFISH,,MULLEN,THOMAS,N,ACTIVE,37569,J,,01/07/2019,,NY,ETRIP
ERICHUNER,CHARTER FISHING PORT JEFFERSON DBA,,,N,ACTIVE,197868,,,03/12/2019,12/21/2024,NY,ETRIP
D4697RLA,,AARONSON,ROBERT,N,ACTIVE,36832,,,04/29/2020,02/25/2025,NMFS-NER,EREC
FISHINMIKE,,YOUNG,MICHAEL,N,ACTIVE,228594,J,,02/26/2020,12/19/2024,NY,EDR
BKLYN6,,SAPANARA,ROBERT,N,ACTIVE,36706,V,,04/17/2018,04/20/2025,NMFS-NER,ETRIP
D4514GFW,GREENPOINT FISH WHOLESALE LLC,MILBURN,VINCENT,N,ACTIVE,219464,R,,07/17/2018,,NMFS-NER,ETRIP
CAPTSUPERFLY,,RILEY,MICHAEL,N,ACTIVE,230249,C,,07/05/2019,02/04/2021,NY,ETRIP
MRINALDI,ACCSP - DATA TEAM,ACCSP,DATA TEAM,N,ACTIVE,189577,,,06/04/2018,01/26/2024,NMFS-NER,VMS
TOKAR,,TOKAR,KENNETH,N,ACTIVE,224617,,,08/16/2018,08/07/2023,NY,ETRIP
CHASPAT,,HARVEY,CHARLES,N,ACTIVE,39465,,,10/09/2018,,NY,ETRIP
MMAMPREYAN,,MAMPREYAN,MICHAEL,N,ACTIVE,39443,,,12/28/2018,01/03/2019,NY,ETRIP
KEVINB,,BRADSHAW,KEVIN,N,ACTIVE,36740,,,04/28/2018,05/10/2018,NMFS-NER,ETRIP
LOGIC,,WALSH,WILLIAM,N,ACTIVE,38865,G,,01/25/2018,04/20/2025,NY,ETRIP
FISHFETCHR,,COSTA,MARIO,N,ACTIVE,39979,J,,10/29/2018,11/01/2018,NY,ETRIP
PECONICSTAR,PECONIC STAR ASSET CORP,,,N,ACTIVE,198026,,,07/27/2018,,NY,ETRIP
SNARBY,,NARBY,SELBERN,N,ACTIVE,249779,J,,09/13/2019,,NY,ETRIP
FK1,HARBOR LIGHT  SOFTWARE,KARP,FRANCINE,N,ACTIVE,202183,,,10/01/2019,,NMFS-NER,ETRIP-DE
CAPTNICKCHARTERS,CAPTAIN NICK CHARTERS,,,N,ACTIVE,250439,,,11/19/2019,08/06/2021,NY,ETRIP
CHRISP318,,PRITCHARD,CHRISTOPHER,N,ACTIVE,207355,J,,01/08/2020,10/31/2022,NY,ETRIP
IGOTTHEPOWER,,KIM,YOUNG,N,ACTIVE,231088,H,,12/18/2019,12/18/2019,NY,ETRIP
MAINSQUEEZE1,,LAURINO,STEVEN,N,ACTIVE,223126,,,07/29/2020,12/08/2021,RI,ETRIP
D4857MAD,MARK A DECABIA,DECABIA,MARK,N,ACTIVE,164277,A,,12/14/2020,04/22/2025,NMFS-NER,ETRIP
ED,ACCSP DEVELOPER,MWAI,NICHOLAS,N,ACTIVE,192536,,,01/27/2021,11/02/2021,ACCSP,EONE-DE
SASSO04,,SPAETH,RONALD,N,ACTIVE,223569,D,,06/27/2018,05/17/2019,NY,ETRIP
BIGRIGGER82,,SLATER,DOUGLAS,N,ACTIVE,222003,A,JR,04/25/2018,04/06/2019,NY,ETRIP
MHEGEMAN,NYSDEC,ALBINO HEGEMAN,MELISSA,Y,ACTIVE,231197,,,08/20/2019,03/12/2025,NY,EDR-DE
BLITZBOUND,,DAPRA,JASON,N,ACTIVE,37155,M,,12/16/2019,04/24/2023,NY,ETRIP
CAPTTIMEJ,NSTAR FISHING INC,,,N,ACTIVE,222650,,,05/23/2018,09/04/2023,NY,ETRIP
PETERDOUMA,WINDWARD OUTFITTERS LLC,,,N,ACTIVE,229775,,,06/11/2019,01/07/2025,NY,ETRIP
LITTLEKING,LITTLE KING FISHERIES CORP,,,N,ACTIVE,223655,,,07/02/2018,03/25/2024,NY,EDR
BANANAPROOF,,PADUANO,JOHN,N,ACTIVE,218229,J,,02/01/2018,04/23/2025,NY,ETRIP
RJENSEN,,JENSEN,RICHARD,N,ACTIVE,36635,W,,02/08/2018,12/02/2024,NMFS-NER,ETRIP
SWITTHUHN,TOPHOOK,WITTHUHN,STEVEN,N,ACTIVE,36769,R,,03/07/2018,02/18/2025,NMFS-NER,ETRIP
SWITTHUHN,TOPHOOK,WITTHUHN,STEVEN,N,ACTIVE,36769,R,,03/07/2018,02/18/2025,NMFS-NER,EDR
NYHUALI,HUA LI FISH HOUSE INC,,,N,ACTIVE,216149,,,05/23/2018,05/23/2018,NY,EDR
PBUCKING,,BUCKING,PAUL,N,ACTIVE,37031,G,,08/06/2018,03/07/2025,NY,ETRIP
BOOTSIE,BOWTRUCKLE LLC,JORDAN,SAVANNAH,N,ACTIVE,268459,,,10/28/2020,04/16/2025,NY,EDR
KMOTT,,MOTT,KRISTOPHER,N,ACTIVE,199117,,,10/12/2018,10/12/2018,NY,ETRIP
JWYNN,,WYNN,JESSE,N,ACTIVE,228639,,,05/09/2019,03/18/2024,NY,ETRIP
TFEHLING1,BLACK BOTTOM FISHING CHARTERS CORPORATION,FEHLING,THOMAS,N,ACTIVE,270642,,,03/29/2021,04/05/2025,NY,ETRIP
AHORAK,,HORAK,ARTHUR,N,ACTIVE,270180,S,JR,03/05/2021,01/20/2025,NY,ETRIP
AHORAK,,HORAK,ARTHUR,N,ACTIVE,270180,S,JR,03/05/2021,01/20/2025,NY,EDR
TESTACCSP,TEST ACCOUNT,MA,MA,N,ACTIVE,228329,,,05/07/2021,05/07/2021,MA,ETRIP
D4897ALR,CANYON RUNNER YACHTS LLC,,,N,ACTIVE,185736,,,06/25/2021,04/19/2023,NMFS-NER,EDR
FETZER,,FETZER,WILLIAM,N,ACTIVE,38214,E,III,03/18/2021,05/17/2021,NY,ETRIP
RJANITSCHEK,,JANITSCHEK,RICHARD,N,ACTIVE,274031,E,,06/11/2021,06/20/2021,NY,ETRIP
DT2FISHING,DT2 MARINE FISHING CORPORATION,TOBACK,DOUGLAS,N,ACTIVE,277216,J,,07/29/2021,11/28/2024,NY,ETRIP
PTVILLANI,,VILLANI,PAUL,N,ACTIVE,272335,T,,05/11/2021,01/10/2022,NY,ETRIP
FVSAINTANTHONY59,,MALIK,PATRICK,N,ACTIVE,37083,A,,11/17/2023,04/23/2025,NY,ETRIP
JFEIBUSCH,,FEIBUSCH,JACOB,N,ACTIVE,294658,N,,04/25/2023,04/12/2025,NY,ETRIP
SHIPHEADSEAST,,MCDONALD,JOSEPH,N,ACTIVE,287122,A,,07/19/2022,,NY,ETRIP
BENNYPERRY324,,PERRY,BENJAMIN,N,ACTIVE,215002,,,06/03/2024,12/15/2024,NY,ETRIP
LARRYP,,PATRIN,VYACHESLAV,N,ACTIVE,349322,,,10/23/2024,,NY,ETRIP
OUTLAWDON,,LAW,DONALD,N,ACTIVE,305249,T,,04/26/2024,,NY,ETRIP
LMGUERIN,KT FISHING LLC,GUERIN,LAWRENCE,N,ACTIVE,298603,,,08/10/2023,03/25/2025,NY,ETRIP
FIRSTLIGHTFISHERIES,FIRST LIGHT FISHERIES LLC,VERITY,GREGORY,N,ACTIVE,206890,B,,06/10/2024,01/08/2025,NY,ETRIP
D4935RFH,,HORTON,RYAN,N,ACTIVE,272867,F,,11/22/2021,,NMFS-NER,ETRIP
NEVERENUFF,NEVER ENUFF FISHING CORP,,,N,ACTIVE,283834,,,04/12/2022,04/15/2025,NY,ETRIP
KJMAJID,NYSDEC,MAJID,KYLE,N,ACTIVE,292670,,,01/23/2023,04/23/2025,NY,EDR-DE
DXKAMINS,NYSDEC,KAMINSKI,DENISE,N,ACTIVE,293190,,,02/10/2023,04/23/2025,NY,ETRIP-DE
MAKO2445,,OWENS,KEITH,N,ACTIVE,299741,,,10/03/2023,01/09/2025,NY,ETRIP
MOPIEKUN,ACCSP - DATA TEAM,ACCSP,DATA TEAM,Y,ACTIVE,189577,,,07/01/2024,01/03/2025,NMFS-NER,EDR-DE
MOPIEKUN,ACCSP - DATA TEAM,ACCSP,DATA TEAM,N,ACTIVE,189577,,,07/01/2024,01/03/2025,NMFS-NER,EREC
CAPTDOUG,,PARKER,DOUGLAS,N,ACTIVE,319463,,,08/21/2024,04/12/2025,NY,ETRIP
REBECCAFISH,REBECCA FISH INC,,,N,ACTIVE,40466,,,09/07/2022,01/08/2024,NY,ETRIP
JUSTINSEILERTUNA,,SEILER,JUSTIN,N,ACTIVE,332417,T,,09/30/2024,,NY,ETRIP
AMILAZZO,,MILAZZO,ANTHONY,N,ACTIVE,292057,,,01/03/2023,,NY,ETRIP
ISLANDGIRL,ISLAND GIRL ADVENTURES INC,,,N,ACTIVE,404819,,,02/13/2025,03/06/2025,NY,ETRIP
GAIGEMAN,SAND CITY FISHING CHARTER LLC,,,N,ACTIVE,294997,,,05/15/2023,,NY,ETRIP
EWARNER,,WARNER,EDWARD,N,ACTIVE,63374,J,JR,02/13/2025,02/13/2025,NY,EDR
CRAIG WEAGLE,,WEAGLE,CRAIG,N,ACTIVE,197875,R,,02/19/2025,03/21/2025,NMFS-NER,ETRIP
TRITONMIKE,TRITON CHARTERS LLC,ALFIERI,MICHAEL,N,ACTIVE,315170,,,03/11/2025,03/11/2025,NY,ETRIP
WAYNEGOLDSMITH,,GOLDSMITH,WAYNE,N,ACTIVE,37589,L,,02/22/2022,11/18/2022,NY,ETRIP
KKRAUSE,,KRAUSE,KEVIN,N,ACTIVE,207370,R,,02/27/2025,,NY,ETRIP
JORDANSTEVE89,,JORDAN,STEVEN,N,ACTIVE,405425,,,04/14/2025,,NY,ETRIP
CITYGLASS1,,MACDONALD,JAN,N,ACTIVE,305218,M,,04/16/2024,02/12/2025,NY,ETRIP
TJHAINES33,,HAINES,THEODORE,N,ACTIVE,289729,,,08/31/2022,09/27/2024,NY,ETRIP
MELISSAANNFISHING,,WIGGINS,LUKE,N,ACTIVE,294875,J,,05/22/2023,04/13/2025,CT,ETRIP
ALTERNATEVESSEL,,REGAN,DANIEL,N,ACTIVE,36793,A,,08/02/2022,03/10/2025,NY,ETRIP
IVELINPETROV,,PETROV,IVELIN,N,ACTIVE,375347,J,,12/05/2024,12/06/2024,NY,ETRIP
CAPTAINROB,,ANDRESEN,ROBERT,N,ACTIVE,210801,J,,03/14/2025,,NY,ETRIP
D5091NDP,NATHANIEL DYLAN PHILLIPS,PHILLIPS,NATHANIEL,N,ACTIVE,63015,DYLAN,,09/07/2023,04/22/2025,NMFS-NER,EDR
CAPTPAUL,A P C H FISHING CORPORATION,,,N,ACTIVE,315151,,,12/03/2024,12/03/2024,NY,ETRIP
VINCENTFARRELL,,FARRELL,VINCENT,N,ACTIVE,38663,W,JR,02/04/2025,04/24/2025,NMFS-NER,ETRIP
RVRVWMIKE,,AGUIAR,MICHAEL,N,ACTIVE,38562,D,,05/14/2024,06/17/2024,NY,ETRIP
CATCHAFIRE73,,GRAHAM,MICHAEL,N,ACTIVE,40237,,,10/29/2024,,NY,ETRIP
EESF,EAST END SPORT FISHING LLC,CHMELAR,CHRISTOPHER,N,ACTIVE,344601,D,,10/17/2024,,NY,ETRIP
HORTONW,,HORTON,WARREN,N,ACTIVE,37564,,,11/12/2024,12/17/2024,NY,ETRIP
GRAFAZ,,ZALAGAITIS,MARTYNAS,N,ACTIVE,249640,,,12/10/2024,12/17/2024,NY,EDR
PERCEPTION933346,SEAWATCH FISHING CO INC,,,N,ACTIVE,391347,,,12/31/2024,01/14/2025,NY,ETRIP
FRANKIEJAMESFISHING,,LEGGIO,JOSEPH,N,ACTIVE,315160,L,,09/13/2024,03/21/2025,NY,ETRIP
MIKEMONTAUK,,GRANDE,MICHAEL,N,ACTIVE,215682,C,,03/13/2025,,NY,ETRIP
RJPRIDEFISHINGCORP,R J PRIDE FISHING CORP ,ANDRESEN,ROBERT,N,ACTIVE,405106,,,03/14/2025,,NY,ETRIP
HIGHLINER10,,LACKNER,RICHARD,N,ACTIVE,39532,,,08/18/2022,08/22/2022,NY,ETRIP
KMOSS2016,,MOSS,KEVIN,N,ACTIVE,302190,JAMES,,04/03/2025,04/21/2025,NY,ETRIP
JKRUSH,,KRUSH,JOHN,N,ACTIVE,405488,,,04/21/2025,04/23/2025,NY,ETRIP
MOONTIDE,MOONTIDE CHARTER CORP,,,N,ACTIVE,287112,,,07/18/2022,11/26/2024,NY,ETRIP
LITTLEMAC35,,MCFARLAND,PATRICK,N,ACTIVE,39507,J,,11/19/2024,02/14/2025,NY,ETRIP
WILLIAMTILTON,,TILTON,WILLIAM,N,ACTIVE,299747,,III,10/03/2023,09/17/2024,NY,ETRIP
TAKASHISEAFOOD,TAKASHI SEAFOOD INC,,,N,ACTIVE,377951,,,12/10/2024,,NY,EDR
SFOLEY6,,FOLEY,STUART,N,ACTIVE,38150,J,,12/04/2024,12/05/2024,NY,ETRIP
BILLYTAYLOR,,TAYLOR,WILLIAM,N,ACTIVE,289632,H,,05/25/2023,04/23/2025,NMFS-NER,ETRIP
KBAEZ,,BAEZ,KEITH,N,ACTIVE,260146,A,,10/29/2021,,NY,ETRIP
DINOUE,,INOUE,DAVID,N,ACTIVE,214059,S,,04/18/2022,12/21/2024,NY,EDR
MJMCCLINTOCK,,MCCLINTOCK,MALCOLM,N,ACTIVE,11352,J,,11/09/2022,11/17/2023,NY,ETRIP
PEPPEROLA,,NESSEL,RICHARD,N,ACTIVE,38452,,,12/29/2021,04/17/2025,NY,ETRIP
SUNDAYGRAVYCHARTERS,GRAVY BOAT INC,LUZ,CHRISTOPHER,N,ACTIVE,305243,,,04/23/2024,04/18/2025,NY,ETRIP
D4959SCB,SEAN L COONEY,COONEY,SEAN,N,ACTIVE,221979,L,,04/02/2022,01/30/2023,NMFS-NER,ETRIP
DMESTAWAT,ACCSP DEVELOPER,Mestawat,Daniel,N,ACTIVE,285966,,,06/24/2022,04/21/2025,ME,EREC
SCOTTSSINGER,,SINGER,SCOTT,N,ACTIVE,213777,S,,04/01/2024,,NY,ETRIP
BENICHM,BENICH MARINE LLC,,,N,ACTIVE,300213,,,11/14/2023,11/14/2023,NY,ETRIP
CAROLYN15,,SMITH,CAROLYN,N,ACTIVE,293256,,,02/15/2023,10/11/2023,NY,ETRIP
D1882JTC,TIM HATCH,HATCH,TIMOTHY,N,ACTIVE,11874,R,,,04/23/2025,NMFS-NER,ETRIP
D3187QBS,TRUE WORLD FOODS INC,JOHNSON,WILLIAM,N,ACTIVE,12098,H, ,,04/18/2025,NMFS-NER,EDR
D3191AXU,FATHERS FISH CO INC,,,Y,ACTIVE,12100,,,,10/31/2008,NMFS-NER,EDR
D3065EJO,J MANN SEAFOOD,,,N,ACTIVE,12077,,,,11/02/2010,NMFS-NER,EDR
D2279AOR,BENS SEAFOOD INC,,,Y,ACTIVE,12078,,,,08/04/2020,NMFS-NER,EDR
D1987XRP,FAIR FISH CO INC,,,Y,ACTIVE,11911,,,,05/24/2023,NMFS-NER,EDR
JSTENT,CCE,,,N,ACTIVE,11735,,,02/02/2007,08/06/2014,NY,EDR-DE
D3547MGV,KYOTO LIVE FISH CORP,,,N,ACTIVE,63541,,,,06/05/2017,NMFS-NER,EDR
D3712VXQ,DONNA MAY FISHERIES LLC,DEBBIS,KEVIN,N,ACTIVE,63524,J,,04/16/2007,04/18/2025,NMFS-NER,ETRIP
D3319BQU,WESTBURY FISH CO,,,N,ACTIVE,12256,,,,11/08/2019,NMFS-NER,EDR
KHOLMES,ACCSP,STAFF,ACCSP,N,ACTIVE,17,TEST,,,12/29/2022,RI,ETRIP-DE
KHOLMES,ACCSP,STAFF,ACCSP,,ACTIVE,17,TEST,,,12/29/2022,RI,SMSTEST
LITTLEBAYUPL,LITTLE BAY LOBSTER LLC,,,Y,ACTIVE,12292,,,01/20/2006,07/31/2008,NH,EDR
D2677INC,MONTE'S SEAFOOD EMPORIUM INC,,,Y,ACTIVE,12042,,,,04/18/2025,NMFS-NER,EDR
D3482IMI,GOLD COAST LOBSTER CO INC,,,N,ACTIVE,43701,,,,,NMFS-NER,EDR
D3917URF,CENTRE SEAFOOD INC,,,N,ACTIVE,126848,,,07/29/2009,06/01/2022,NMFS-NER,EDR
NYENTRY,CCE,,,N,ACTIVE,11735,,,01/05/2007,02/23/2011,NY,EDR-DE
NY_VTR,CCE,,,N,ACTIVE,11735,,,01/17/2008,07/31/2014,NY,SMS
ME36428,LITTLE BAY LOBSTER LLC,,,Y,ACTIVE,12292,,,03/13/2008,12/07/2018,ME,EDR
KGERBINO,CCE,GERBINO,KRISTIN,N,ACTIVE,115214,,,10/23/2008,10/04/2021,NY,SMS
TFROEHLICH,CCE,FROEHLICH,TARA,N,ACTIVE,115219,,,10/23/2008,03/16/2018,NY,ETRIP-DE
STENTJ,CCE,STENT,JACKIE,N,ACTIVE,115216,,,10/23/2008,06/02/2017,NY,ETRIP-DE
SUNRISECHARTER,,NILSEN,GARY,N,ACTIVE,36776,S,,06/03/2013,11/26/2023,NY,ETRIP
NYSALTFLY,,GOULART,BRYAN,,ACTIVE,153574,,,02/01/2011,11/21/2023,NY,ETRIP
D4148LAU,PATRICK J FEHILY LLC,FEHILY,PATRICK,N,ACTIVE,181875,J,,07/17/2012,03/12/2025,NMFS-NER,EDR
D4148LAU,PATRICK J FEHILY LLC,FEHILY,PATRICK,Y,ACTIVE,181875,J,,07/17/2012,03/12/2025,NMFS-NER,ETRIP
JKINGS,KINGS FOOD SERVICE PROF INC,,,N,ACTIVE,76479,,,07/29/2013,,NY,EDR
GBOC,GEORGE BRAUN OYSTER CO INC,HOMAN,KENNETH,N,ACTIVE,76532,J,,04/03/2013,04/22/2025,NY,EDR
SWORDFISH,,RICHARDS,GEORGE,N,ACTIVE,39073,,,03/15/2013,,NY,ETRIP
RSYSAK,NYSDEC,SYSAK,RACHEL,N,INACTIVE,189936,,,06/17/2013,09/18/2017,NY,EREC
SCHULA218,NYSDEC,SCHULLER,ZACHARY,N,INACTIVE,132297,,,01/26/2010,03/17/2025,NY,EDR-DE
DAVIFISH,,DAVI,JOHN,,ACTIVE,11199,P,JR,11/21/2011,11/22/2024,NY,ETRIP
RMAIER021945,ROBERT MAIER FISHERIES,MAIER,ROBERT,,ACTIVE,37636,E,,10/12/2010,11/16/2010,RI,EREC
EMULLER,,MULLER,ERIC,,ACTIVE,171874,,,09/08/2011,12/13/2011,NY,ETRIP
AL,,RODMAN,ALAN,N,ACTIVE,11097,S,,01/25/2013,01/26/2016,NY,ETRIP
C161838MA,EAST END OUTDOOR LLC,BURGER,EUGENE,N,ACTIVE,166779,CHRISTOPHER,,06/22/2011,,MA,ETRIP
BLORENZE,,LORENZETTI,ALBERT,,ACTIVE,36846,,,12/16/2010,03/02/2025,NY,ETRIP
DAVEK3973,,KLOPFENSTEIN,DAVID,N,ACTIVE,37429,,,05/08/2013,11/06/2022,NY,ETRIP
C152552MA,PETER S ESHENFELDER,ESHENFELDER,PETER,N,ACTIVE,11231,S,,07/06/2010,,MA,EDR
REARLMAIER021945,ROBERT MAIER FISHERIES,MAIER,ROBERT,,ACTIVE,37636,E,,10/12/2010,,RI,EREC
CHARLES,,KELLY,CHARLES,,ACTIVE,37400,R,,05/02/2012,10/09/2017,NY,ETRIP
STUMMINIA,STEVE TUMMINIA,TUMMINIA,STEVE,N,ACTIVE,39282,P,,07/07/2011,08/12/2011,NY,EDR
MONKNETTER,MARK A DECABIA,DECABIA,MARK,N,ACTIVE,164277,A,,02/15/2013,04/10/2025,NY,EDR
D4199MANN,JEFFREY MANNHEIMER,MANNHEIMER,JEFFREY,N,ACTIVE,40121,,,06/06/2013,02/02/2015,NMFS-NER,ETRIP
MARKKELLER,,KELLER,MARK,N,ACTIVE,39714,,,09/04/2012,02/09/2022,NY,ETRIP
MAINSQUEEZE,,STEADMAN,EDWARD,N,ACTIVE,189557,J,III,06/07/2013,12/22/2020,NY,ETRIP
BARNACLE,BARNACLE BILLS INC,,,N,ACTIVE,191690,,,07/24/2013,,NY,EDR
NICHOLAS,,PETROU,NICHOLAS,N,ACTIVE,143834,A, ,04/23/2012,06/17/2019,NY,EDR
MSAIO0360,,SAIO,MICHAEL,N,ACTIVE,36757,N,,11/19/2013,,NY,ETRIP
CAPTAINJOEHUGHES,,HUGHES,JOSEPH,N,ACTIVE,194156,J,,11/25/2013,11/25/2013,NY,ETRIP
DOUBLEKNUCKS,,HOWELL,GROVER,N,ACTIVE,189007,D,JR,05/21/2013,09/27/2024,NY,ETRIP
JDEFILIPPI,ACCSP - DATA TEAM,ACCSP,DATA TEAM,Y,ACTIVE,189577,,,06/07/2013,04/20/2017,CT,ETRIP-DE
JDEFILIPPI,ACCSP - DATA TEAM,ACCSP,DATA TEAM,N,ACTIVE,189577,,,06/07/2013,04/20/2017,CT,EONE-DE
AGIGLIO121944,,GIGLIO,ALEXANDER,,ACTIVE,37791,,,10/24/2011,10/24/2011,RI,EREC
LADYCATHERINE,MICCAT MARINE SERVICES,GARVEY,MICHAEL,N,ACTIVE,38783,J,,05/17/2013,04/17/2025,NY,ETRIP
FIRSTLIGHT,,VIGGIANO,FRANK,N,ACTIVE,189010,X,JR,05/21/2013,04/08/2025,NY,ETRIP
RAARONSON031961,,AARONSON,ROBERT,N,ACTIVE,36832,,,10/12/2010,03/18/2025,RI,EDR
HAMPTONSEA,HAMPTON SEAFOOD COMPANY,,,N,ACTIVE,183855,,,07/17/2013,,NY,EDR
BLUERUBY,BLUE MOON FISH INC,VILLANI,ALEXANDER,N,ACTIVE,12217,,,05/20/2014,04/21/2025,NY,EDR
KVUONG,ATLANTIC LOBSTER SEAFOOD CORP,,,N,ACTIVE,200209,,,07/25/2014,07/29/2014,NY,EDR
JFIELDS,JOHN B FIELDS JR,FIELDS,JOHN,N,ACTIVE,63291,B,JR,07/17/2013,05/05/2014,NY,EDR
PSTERN,,STERN,PAUL,N,ACTIVE,20278,,,07/18/2013,,NY,EDR
CROSSCURRENT,,DEMALDERIS,JOSEPH,N,ACTIVE,197317,,,04/15/2014,04/15/2014,NY,ETRIP
JXHORNST,NYSDEC,HORNSTEIN,JESSE,N,ACTIVE,195991,,,03/07/2014,01/15/2025,NY,ETRIP-DE
JXHORNST,NYSDEC,HORNSTEIN,JESSE,N,ACTIVE,195991,,,03/07/2014,01/15/2025,NY,SMS
AVERNOLA,,VERNOLA,ANTHONY,N,ACTIVE,37686,,,04/14/2014,11/21/2024,NY,ETRIP
MMELITO0955,,MELITO,MARIO,,ACTIVE,36618,J,,10/27/2010,,RI,EREC
CAS1722,FOOD & FISH INC,,,N,ACTIVE,11945,,,09/03/2010,09/03/2010,NY,EDR
AQUASTAR,AQUA STAR INC,,,N,ACTIVE,40383,,,03/07/2014,04/15/2022,NY,ETRIP
LOBSTER.MIKE,MICHAEL THEILER,THEILER,MICHAEL,N,ACTIVE,11063,,,06/17/2014,04/20/2025,NMFS-NER,ETRIP
TORFISHING,,VINCENT,TOR,N,ACTIVE,11058,G,,07/23/2013,04/12/2025,NY,EDR
D4004DTQ,SAMUELS AND SON SEAFOOD CO INC,,,N,ACTIVE,141195,,,07/27/2010,03/21/2025,NMFS-NER,EDR
CCAHILL,,CAHILL,CHRISTIAN,N,ACTIVE,36771,L,,07/16/2013,,NY,EDR
D3981WYO,FREEPORT FISH DOCK INC,,,,ACTIVE,135454,,,05/17/2010,01/23/2025,NMFS-NER,EDR
THEFISHINGGUY,,LOMBARDI,JOHN,N,ACTIVE,63071,A,,05/22/2013,08/07/2024,NY,ETRIP
TJGLAVIN,,GLAVIN,TODD,N,ACTIVE,36752,,,01/21/2011,01/03/2025,NY,ETRIP
BLUEMOONSTEPH,,VILLANI,STEPHANIE,N,ACTIVE,39876,,,10/21/2014,10/15/2021,NY,ETRIP
TGOSS081955,,GOSS,TIMOTHY,N,ACTIVE,38600,P,,03/21/2013,04/14/2025,NY,ETRIP
DOWN EAST,DOWN EAST & SEAFOOD INC,,,N,ACTIVE,152687,,,09/23/2013,09/25/2014,NMFS-SER,EDO
KMCKOWN,NYSDEC,MCKOWN,KIM,N,INACTIVE,152565,,,01/07/2011,09/08/2021,NY,ETRIP-DE
FYUDELSON,,YUDELSON,FREDERICK,N,ACTIVE,36689,,,09/11/2014,04/24/2019,NY,ETRIP
STEVENFORSBERG,,FORSBERG,STEVEN,N,ACTIVE,37438,D,,10/09/2012,01/16/2025,NY,ETRIP
TOGNTIME,,ROSE,MICHAEL,N,ACTIVE,63393,,,05/14/2014,,NY,ETRIP
JBTAUG,JONATHAN ARITA,ARITA,JONATHAN,N,ACTIVE,37135,A,,05/30/2014,12/11/2024,NY,ETRIP
PUREFISH,PURE FISH INC,,,N,ACTIVE,203517,,,12/11/2014,01/20/2015,NY,EDR
D1416FGN,M SLAVIN & SONS LTD,,,Y,ACTIVE,11764,,,,05/24/2019,NMFS-NER,EDR
JBSOCRATES,NYSDEC,SOCRATES,JULIA,N,INACTIVE,158130,,,03/24/2011,05/02/2022,NY,ETRIP-DE
MATTRICHARDS,NYSDEC,RICHARDS,MATT,N,INACTIVE,158131,,,03/24/2011,03/01/2012,NY,ETRIP-DE
D3562UVH,BAY ADVENTURES INC,,,N,ACTIVE,40540,,,04/21/2005,04/21/2005,NMFS-NER,EDR
CASWARD,,WARD,CASEY,N,ACTIVE,27359,F,,08/10/2012,,NY,ETRIP
D1560PXU,JMS SEASONAL SEAFOOD CORP,,,N,ACTIVE,11932,,,,04/11/2025,NMFS-NER,EDR
JPAULSEN,,PAULSEN,JAMES,N,ACTIVE,38979,R,,07/03/2014,06/06/2019,NY,EDR
JAZZYONE,,RESLING,JEFFREY,N,ACTIVE,202757,S,,10/17/2014,04/09/2015,NY,ETRIP
YUKILON,PENTHOUSE MARINE LTD,ELKIN,ILYA,N,ACTIVE,198757,,,09/08/2011,04/23/2014,NY,EDR
C158381MA,,SCOTTI,DANNY,N,ACTIVE,41732,,,09/05/2014,11/19/2016,MA,ETRIP
JEFF3651,,IRVING,JEFF,N,ACTIVE,63191,,,10/10/2014,02/06/2017,NY,ETRIP
BITEME,,SPINELLI,RALPH,N,ACTIVE,198209,W,,11/13/2014,02/08/2018,NY,ETRIP
D3114VGP,MONTAUK FISH DOCK INC,,,N,ACTIVE,45089,,,,,NMFS-NER,EDR
RTE,HAROLD L SNYDER INC,,,N,ACTIVE,40690,,,06/11/2007,,NY,EDR
D3746EMT,LONG ISLAND CLAM INC,,,N,ACTIVE,88522,,,08/09/2007,11/08/2007,NMFS-NER,EDR
ROBERTGLYNN1,,GLYNN,ROBERT,Y,ACTIVE,37892,,,03/25/2014,03/23/2025,NY,EDR
D4142QOO,F/V JULIE RAE INC,LOFSTAD,RAYMOND,N,ACTIVE,63070,,JR,06/14/2012,04/22/2025,NMFS-NER,EDR
PATWARD,,WARD,PATRICIA,,ACTIVE,182676,,,08/09/2012,08/09/2012,NY,ETRIP
THERLIHY031956,,HERLIHY,THOMAS,N,ACTIVE,36880,P,,10/26/2010,03/28/2022,RI,ETRIP
CCULLEN0273,ISLAND CURRENT EXPRESS,,,,ACTIVE,184455,,,11/11/2012,11/21/2013,RI,EREC
PVISENTIN,,VISENTIN,PAUL,N,ACTIVE,63361,L,,07/18/2013,,NY,ETRIP
DBORNE,,BORNEMANN,DAVID,N,ACTIVE,36717,L,,02/23/2011,04/08/2025,NY,ETRIP
CAPTTONY,,TAVERNA,ANTHONY,N,ACTIVE,36823,,,05/28/2013,01/26/2025,NY,ETRIP
D4354ZXJ,SULLIVAN SEAFOOD LLC,,,N,ACTIVE,206517,,,10/27/2015,01/31/2018,NMFS-NER,EDR
DONALDSCHNAARSNY,,SCHNAARS,DONALD,Y,ACTIVE,36595,Q,,11/17/2015,11/19/2015,NY,ETRIP
D433566T,ANNA MARY FISHERIES INC,ALDRIDGE,JOHN,N,ACTIVE,38557,J,III,06/11/2015,01/09/2025,NMFS-NER,ETRIP
CRUNCHTIME,,RITNER,THOMAS,N,ACTIVE,218397,J,,09/08/2017,10/17/2017,NY,ETRIP
MYJOYCEFISHING,MY JOYCE FISHING ENTERPRISES INC,,,N,ACTIVE,216008,,,04/25/2017,02/12/2019,NMFS-NER,ETRIP
JMANN2017,J MANNHEIMER SHELLFISH INC,,,N,ACTIVE,215694,,,05/30/2017,,NY,EDR
CCANTELMO071964,,CANTELMO,CRAIG,N,ACTIVE,218663,,,10/03/2017,11/16/2018,NY,EREC
GREENPOINTFISH,GREENPOINT FISH WHOLESALE LLC,MILBURN,VINCENT,N,ACTIVE,219464,R,,01/03/2018,04/19/2025,NY,EDR
GREENPOINTFISH,GREENPOINT FISH WHOLESALE LLC,MILBURN,VINCENT,N,ACTIVE,219464,R,,01/03/2018,04/19/2025,NY,ETRIP
PILOTHOUSE,,FOLLETT,HOWARD,N,INACTIVE,554,,,07/27/2017,12/29/2024,RI,EDR
KH_ACCSP,ACCSP,STAFF,ACCSP,N,ACTIVE,17,TEST,,01/14/2015,10/19/2021,MA,SMS
KH_ACCSP,ACCSP,STAFF,ACCSP,N,ACTIVE,17,TEST,,01/14/2015,10/19/2021,MA,EONE
KH_ACCSP,ACCSP,STAFF,ACCSP,N,ACTIVE,17,TEST,,01/14/2015,10/19/2021,MA,ETRIP-LOC
KH_ACCSP,ACCSP,STAFF,ACCSP,N,ACTIVE,17,TEST,,01/14/2015,10/19/2021,MA,ETRIP-TEST
KINGCRAB,,HAGGERTY,JOSHUA,N,ACTIVE,63067,P,,05/05/2015,,NY,ETRIP
SCOMERICO101951,,COMERICO,SALVATORE,N,ACTIVE,11243,,,10/27/2015,03/02/2016,NY,EDR
LSTEINBERG,NYSDEC,STEINBERG,LAUREN,N,INACTIVE,210017,,,06/20/2016,03/30/2017,NY,EDR-DE
EDWARD,,BROWN,EDWARD,N,ACTIVE,37709,G,,12/14/2015,04/06/2017,NY,ETRIP
EPHILLIPER,,PHILLIPS,EDWARD,N,ACTIVE,36845,,JR,04/07/2016,04/22/2025,NY,ETRIP
TOMSCOTT,,SCOTT,THOMAS,N,ACTIVE,205448,J,,06/18/2015,07/08/2015,NY,ETRIP
MFGREY,NYSDEC,GREY,MARYANNE,N,INACTIVE,205719,,,07/10/2015,05/25/2018,NY,ETRIP-DE
GRABAR,GRA-BAR INC,MOLIN,BART & GRACE,N,ACTIVE,76632,,,05/11/2016,11/19/2020,NY,EDR
MPIRRI,,PIRRI,MICHAEL,N,ACTIVE,118737,T,,05/06/2016,04/21/2025,CT,ETRIP
GUNKHOLIN,,WHITE,MERRITT,N,ACTIVE,37554,B,JR,05/16/2016,11/28/2023,NY,ETRIP
FWEDMAN,V AND G SEA PRODUCTS INC,,,N,ACTIVE,40290,,,04/17/2015,04/22/2025,NY,ETRIP
D4369NVR,DEENA LIPPMAN,LIPPMAN,DEENA,N,ACTIVE,208981,N,,04/08/2016,04/13/2025,NMFS-NER,EDR
WAGEMANN,CCE,CURATOLA-WAGEMANN,SCOTT,N,ACTIVE,214321,,,10/31/2016,04/12/2017,NY,EDR-DE
DOHALLORAN011961,,OHALLORAN,DAVID,N,ACTIVE,206431,F,,10/14/2015,10/14/2015,NY,ETRIP
LTESIO,,TESIO,LOUIS,N,ACTIVE,214044,P,,01/24/2017,01/17/2018,NY,ETRIP
AVILLANI,,VILLANI,ALEXANDER,N,ACTIVE,37685,A,,04/01/2015,04/21/2025,NY,ETRIP
TOSCAOUT,,FERRANTE,RALPH,N,ACTIVE,198279,J,,07/08/2015,11/16/2015,NY,ETRIP
JCREAN1214,,CREAN,JEREMIAH,N,ACTIVE,207457,J,,08/04/2016,04/11/2024,NY,ETRIP
MMALER031953,,MALER,MICHAEL,,ACTIVE,37823,,,06/06/2015,06/06/2015,NY,EREC
D4356OPH,,MCGUIRE,CHRISTOPHER,N,ACTIVE,201797,H, ,11/10/2015,10/19/2020,NMFS-NER,ETRIP
NKULICK,,KULICK,NICK,N,ACTIVE,214397,A ,,11/18/2016,11/19/2016,NY,ETRIP
D4600S2E,,YOUNG,MICHAEL,N,ACTIVE,228594,J,,03/20/2020,,NMFS-NER,EDR
ASAMEK,,SAMEK,ALAN,N,ACTIVE,38469,G,,05/10/2019,05/20/2019,NY,ETRIP
DSUK,,SUK,DAVID,N,ACTIVE,38920,,,11/14/2018,11/19/2022,NY,EDR
JORDANLOBSTER,JORDAN LOBSTER FARMS DBA,,,N,ACTIVE,76566,,,02/21/2019,03/09/2019,NY,EDR
CAPTJACKC,,CURTIN,JOHN,N,ACTIVE,37209,,,07/03/2019,02/21/2025,NMFS-NER,ETRIP
STAN,,ZAGLESKI,STANLEY,N,ACTIVE,37088,,,09/24/2018,05/12/2021,NMFS-NER,ETRIP
EMARTINO,ACCSP DEVELOPER,Martino,Ed,N,ACTIVE,555555,,,04/01/2019,04/21/2025,ME,LOB
EMARTINO,ACCSP DEVELOPER,Martino,Ed,N,ACTIVE,555555,,,04/01/2019,04/21/2025,ME,NAS
KARENANN,,CALABRO,VINCENT,N,ACTIVE,36620,,,04/02/2019,04/09/2025,NY,ETRIP
DWOOD,,WOOD,CAPT DAN,N,ACTIVE,36716,,,12/09/2019,03/08/2025,RI,ETRIP
LEVITTOWNFISHMARKET,LEVITTOWN FISH MARKET INC,,,N,ACTIVE,76593,,,07/13/2020,07/06/2021,NY,EDR
FISHINMIKE,,YOUNG,MICHAEL,N,ACTIVE,228594,J,,02/26/2020,12/19/2024,NY,ETRIP
NEPTUNECHARTERSNY,NEPTUNE FISHING CHARTERS DBA,,,N,ACTIVE,197867,,,09/04/2018,09/05/2018,NY,ETRIP
OCEANEDGE,OCEAN EDGE FOODS,,,N,ACTIVE,207123,,,05/23/2018,12/29/2020,NY,EDR
YANKEE3,DEEP WATER FLEET INC,ROBERTS,FREDERICK,N,ACTIVE,212890,J,,05/04/2018,04/22/2025,NMFS-NER,ETRIP
ASODANO111949,,SODANO,ANTHONY,N,ACTIVE,260241,,,02/15/2020,02/22/2021,NY,ETRIP
MRINALDI,ACCSP - DATA TEAM,ACCSP,DATA TEAM,Y,ACTIVE,189577,,,06/04/2018,01/26/2024,NMFS-NER,ETRIP-DE
MRINALDI,ACCSP - DATA TEAM,ACCSP,DATA TEAM,Y,ACTIVE,189577,,,06/04/2018,01/26/2024,NMFS-NER,EDR-DE
CREANS17,,CREAN,SEAN,N,ACTIVE,40077,,,07/15/2018,03/27/2025,ACCSP,ETRIP
JABELARDI,,BELARDI,JOSEPH,N,ACTIVE,37358,A,,07/17/2018,02/12/2025,NY,ETRIP
JMSTEVE,NYSDEC,STEVE,JESSICA,N,ACTIVE,224769,,,08/30/2018,10/10/2024,NY,ETRIP-DE
NPALMER51,,PALMER,NEAL,N,ACTIVE,38516,T,,04/24/2018,,NY,EREC
SSTAR,,CAPUANO,JOHN,N,ACTIVE,36927,P,,01/18/2019,01/18/2019,NMFS-NER,ETRIP
MPOTTS,"BLUE FIN IV, INC.",POTTS,MICHAEL,N,ACTIVE,37571,,,01/24/2018,02/18/2023,NMFS-NER,EREC
FISHNORMA,WILLIAM STRAUB,STRAUB,WILLIAM,N,ACTIVE,38281,R,,03/13/2018,04/23/2025,NMFS-NER,EDR
CHARLIEBUSER1,,BUSER,CHARLES,N,ACTIVE,37654,A,,03/15/2018,03/15/2018,NMFS-NER,ETRIP
RSPITZENBERG,,SPITZENBERG,ROBERT,N,ACTIVE,38722,F,JR,03/27/2018,01/30/2025,NMFS-NER,ETRIP
OCEANFRESHINC,OCEAN FRESH TRADING INC,,,N,ACTIVE,260597,,,03/10/2020,11/28/2023,NY,EDR
NEMCOBAIT,NEMCO FISHERIES INC,,,N,ACTIVE,229669,,,06/05/2019,01/06/2025,NY,ETRIP
CCETEST,NYSDEC,LIMULUS,POLLY,N,ACTIVE,128950,,,09/10/2019,04/22/2025,NY,ETRIP
BCOONS,,COONS,BRANDON,N,ACTIVE,219217,M,,10/28/2019,03/28/2024,NY,ETRIP
PATRICK123,,DICKSON,PATRICK,N,ACTIVE,37629,E,,11/20/2019,10/18/2023,NY,ETRIP
LAURENB,,BURNETT,STEPHEN,N,ACTIVE,37582,F,,12/30/2019,12/31/2019,RI,ETRIP
PBRUNO,,BRUNO,PAUL,N,ACTIVE,37328,,,05/03/2018,01/20/2025,NMFS-NER,ETRIP
D4736AOC,ROBERT ROBERT,,,N,ACTIVE,261747,,,05/22/2020,04/12/2025,NMFS-NER,EDR
EESKI09,,ZENESKI,EDMUND,N,ACTIVE,38254,E,,07/02/2019,,NY,ETRIP
D4621PJB,PAUL J BECKWITH,BECKWITH,PAUL,N,ACTIVE,37196,J,,04/07/2020,12/09/2024,NMFS-NER,EDR
D4761RJF,,FALLON,RYAN,N,ACTIVE,203876,J,,06/09/2020,12/02/2020,NMFS-NER,EDR
JQ,,QUARESIMO,JAMIE,N,ACTIVE,143514,,,05/18/2018,05/18/2018,RI,ETRIP
KAYMEG2580,ROCKAWAY FISHING CHARTERS LLC,,,N,ACTIVE,222732,,,05/23/2018,04/14/2025,NY,ETRIP
BRISCOTT,BRISCOTT INC,,,N,ACTIVE,40557,,,06/25/2018,02/16/2025,NY,ETRIP
KJAYNE,,JAYNE,KENNETH,N,ACTIVE,37114,,,07/27/2018,08/13/2019,NY,ETRIP
PORGYTOG,,MOY,JOHN,N,ACTIVE,263431,,,06/24/2020,04/09/2025,NY,ETRIP
TKARBOWSKI,,KARBOWSKI,THADDEUS,N,ACTIVE,220240,,,02/09/2018,04/24/2025,NMFS-NER,ETRIP
MCARUSO,,CARUSO,MICHAEL,N,ACTIVE,39063,,,07/11/2018,,NY,ETRIP
CARLNAP2,REEL SERENITY FISHING CHARTERS INC,,,N,ACTIVE,198103,,,10/11/2018,06/05/2024,NY,ETRIP
RCJONES,,JONES,RICHARD,N,ACTIVE,771,C,,01/10/2019,,NY,ETRIP
VINIADF,,CATURANO,VINCENT,N,ACTIVE,221784,P,,04/19/2019,04/17/2025,NY,ETRIP
THINKBIGCHARTERS@COX.NET,JESSE G MARTELLO,MARTELLO,JESSE,N,ACTIVE,165756,G,,01/26/2021,03/11/2025,NMFS-SER,ETRIP
CANTIELLO,,CANTIELLO,MICHAEL,N,ACTIVE,207442,G,,01/24/2018,01/20/2025,NY,ETRIP
PFEHILY,PATRICK J FEHILY LLC,FEHILY,PATRICK,N,ACTIVE,181875,J,,06/09/2021,02/19/2025,NMFS-SER,EDR
TROCCA78,REEL TIME OFF CHARTERS,,,N,ACTIVE,291601,,,11/18/2022,05/15/2023,NY,ETRIP
BRIANB,,BONNAR,BRIAN,N,ACTIVE,285678,,,06/17/2022,03/11/2025,NY,ETRIP
D3885CE4,CHARLES ETZEL,ETZEL,CHARLES,N,ACTIVE,40091,,,04/26/2024,03/17/2025,NMFS-NER,ETRIP
DLHUGHES,NYSDEC,HUGHES,DERREK,N,ACTIVE,281474,L,,11/04/2021,03/14/2025,NY,ETRIP-DE
WILDMANCHARTERS,WILDMAN CHARTERS LLC,,,N,ACTIVE,296550,,,07/06/2023,07/21/2023,NY,ETRIP
BMC,,MCCARRON,BENJAMIN,N,ACTIVE,226846,K,,12/15/2021,12/15/2021,NY,ETRIP
ATVNUTL28@GMAIL.COM,,HORTON,RYAN,N,ACTIVE,272867,F,,12/28/2021,02/22/2023,NMFS-NER,EDR
ATVNUTL28@GMAIL.COM,,HORTON,RYAN,N,ACTIVE,272867,F,,12/28/2021,02/22/2023,NMFS-NER,ETRIP
MOPIEKUN,ACCSP - DATA TEAM,ACCSP,DATA TEAM,N,ACTIVE,189577,,,07/01/2024,01/03/2025,NMFS-NER,EDO
MOPIEKUN,ACCSP - DATA TEAM,ACCSP,DATA TEAM,N,ACTIVE,189577,,,07/01/2024,01/03/2025,NMFS-NER,EDR
EPAPA94,,PAPA,EMIL,N,ACTIVE,281704,P,JR,12/02/2021,07/01/2023,NY,EDR
FISHONFISHING,FISH ON FISHING INC,,,N,ACTIVE,197775,,,03/29/2024,04/01/2024,NY,ETRIP
MAKSIMIT123,,MITROFANOV,MAXIM,N,ACTIVE,315162,,,10/01/2024,01/07/2025,NY,ETRIP
PETER.SPONG,PETER W SPONG,SPONG,PETER,N,ACTIVE,37039,W,,10/08/2024,,RI,EDR
BRETTCLIFFORD,OPEN WATER CHARTERS INC,CLIFFORD,BRETT,N,ACTIVE,38283,W,,10/01/2024,01/02/2025,NY,ETRIP
DMAHLER,,MAHLER,DAVID,N,ACTIVE,300095,J,,10/30/2023,11/03/2023,NY,ETRIP
DENNIS_DAMBROSIO,,DAMBROSIO,DENNIS,N,ACTIVE,38703,,,07/27/2023,,NY,ETRIP
JBALZAMO,BREEZY POINT SPORTFISHING LLC,BALZAMO,JOE,N,ACTIVE,405082,,,03/07/2025,03/11/2025,NY,ETRIP
THENES88,,HAJETE,THENES,N,ACTIVE,405421,,,04/14/2025,04/14/2025,NY,ETRIP
WJPERRONE,,PERRONE,WILLIAM,N,ACTIVE,228635,J,,09/11/2023,11/05/2024,NY,ETRIP
JGAUGER,,GAUGER,JOSEPH,N,ACTIVE,37230,A,,12/16/2024,12/16/2024,NY,ETRIP
EHATZMANN,,HATZMANN,EDWARD,N,ACTIVE,260143,C,JR,11/07/2024,11/07/2024,NY,ETRIP
MYTWOSONS,,CHRISTIAN,ANTHONY,N,ACTIVE,405250,J,,04/01/2025,04/21/2025,NY,ETRIP
FASANOP24,,FASANO,PATRICK,N,ACTIVE,206821,A,,11/18/2024,04/16/2025,NY,ETRIP
VINNYDAMM,,DAMM,VINCENT,N,ACTIVE,38946,J,,03/25/2025,03/26/2025,NY,ETRIP
BASSEN67,,CUTLER,KENNETH,N,ACTIVE,292359,,,01/17/2023,01/17/2023,NY,EREC
ANDERSENK,,ANDERSEN,KENNETH,N,ACTIVE,301217,J,,01/22/2024,02/18/2025,NY,ETRIP
D4945VWY,YELLOWFIN SEAFOOD INC,,,N,ACTIVE,282076,,,01/05/2022,03/19/2025,NMFS-NER,EDR
JOEWERNER,,WERNER,JOSPEH,N,ACTIVE,404765,,,04/10/2025,04/10/2025,NY,ETRIP
MASTERPIECE36,,ASSOGNA,MARK,N,ACTIVE,39631,V,,03/16/2022,05/23/2023,NY,ETRIP
TWINTERS91,,WINTERS,TIMOTHY,N,ACTIVE,405133,E,,03/18/2025,,NY,ETRIP
JONESFISHERIES,,JONES,AMANDA,N,ACTIVE,283809,J,,04/08/2022,12/31/2024,NY,ETRIP
DAYBREAK3,,PICCININNI,PETER,N,ACTIVE,10988,J,,03/31/2025,03/31/2025,NY,ETRIP
LKRUCHER,,KRUCHER,LUCAS,N,ACTIVE,301511,P,,02/05/2024,03/11/2025,NY,ETRIP
SEAFARI,,CACCIOLA,ALFRED,N,ACTIVE,36976,,,03/14/2022,03/18/2025,NY,ETRIP
MRTTUNA,,WOLFFERT,TODD,N,ACTIVE,38382,,,09/21/2022,03/28/2025,NY,ETRIP
DSCHULTZ0212,,SCHULTZ,DANIEL,N,ACTIVE,295664,R,,06/01/2023,06/22/2024,NY,EDR
MTTJ87,,ALEXANDER,MICHAEL,N,ACTIVE,299748,J,,10/04/2023,10/04/2023,NY,ETRIP
KGRYAN,NYSDEC,RYAN,KEVIN,N,ACTIVE,301375,,,01/29/2024,04/18/2025,NY,ETRIP-DE
CREPOSA3,,REPOSA,CLARKE,N,ACTIVE,1276,A, ,02/27/2024,02/27/2024,RI,ETRIP
SCUP,,JONES,RICHARD,N,ACTIVE,771,C,,05/04/2023,02/16/2025,NMFS-NER,ETRIP
HAVENBAY,HAVEN BAY OUTFITTERS COPR,SCAVONE,JOSEPH,N,ACTIVE,311482,,,08/05/2024,03/23/2025,NY,ETRIP
AMANDAROSE,,BREITMAN,DAVID,N,ACTIVE,306078,,,06/13/2024,01/03/2025,NY,ETRIP
CARTERSCHARTERS,,CARTER,HARRY,N,ACTIVE,40128,C,JR,04/16/2024,05/14/2024,NY,ETRIP
JWEB9000,,WEBSTER,JAMES,N,ACTIVE,331561,,,09/27/2024,10/04/2024,NY,ETRIP
ROBHAM47,,HAMILTON,ROBERT,N,ACTIVE,683,,JR,12/03/2024,02/07/2025,NY,ETRIP
GRAFAZ,,ZALAGAITIS,MARTYNAS,N,ACTIVE,249640,,,12/10/2024,12/17/2024,NY,ETRIP
NSZENDY,,SZENDY ,NICOLE,N,ACTIVE,328538,,,09/11/2024,12/26/2024,NY,EDR
P28443,,BOCHNIK,CHARLES,N,ACTIVE,294259,,,04/04/2023,06/02/2023,NY,ETRIP
HARDTOGETINC,HARD TO GET INC,,,N,ACTIVE,322178,,,08/28/2024,04/09/2025,NY,ETRIP
DXDURAN,NYSDEC,DURAN,DANIEL,N,ACTIVE,299651,,,09/20/2023,04/22/2025,NY,ETRIP-DE
D5053PSE,PETER S ESHENFELDER,ESHENFELDER,PETER,N,ACTIVE,11231,S,,05/23/2023,03/25/2025,NMFS-NER,ETRIP
HARDWOOD,HARDWOOD HDM HOLDINGS LLC,MARGARITIS,HENRY,N,ACTIVE,305405,,,05/01/2024,06/05/2024,NY,ETRIP
SALTYPAWSCHARTER,SALTY PAWS LLC,,,N,ACTIVE,405438,,,04/16/2025,04/18/2025,NY,ETRIP
SCALLOP6,,NIGGLES,CHARLES,N,ACTIVE,37104,,,12/16/2024,01/17/2025,NY,ETRIP
RAREBREEDV,RAREBREED V LLC,JOBES,CRAIG,N,ACTIVE,306141,,,06/20/2024,10/10/2024,NY,ETRIP
RCAPRARO,,CAPRARO,RICHARD,N,ACTIVE,284322,,,05/02/2022,11/18/2023,NY,ETRIP
FVLAURAS,,SANZONE,MICHAEL,N,ACTIVE,39009,,,01/03/2023,,NY,ETRIP
DINOUE,,INOUE,DAVID,N,ACTIVE,214059,S,,04/18/2022,12/21/2024,NY,ETRIP
CAPTEB3,,WILLIAMS,ZACHARY,N,ACTIVE,212196,S,,05/24/2024,05/24/2024,NY,ETRIP
SCOTTJOHNSEN5,,JOHNSEN,SCOTT,N,ACTIVE,405139,,,03/19/2025,,NY,ETRIP
DMESTAWAT,ACCSP DEVELOPER,Mestawat,Daniel,N,ACTIVE,285966,,,06/24/2022,04/21/2025,ME,SMS
DMESTAWAT,ACCSP DEVELOPER,Mestawat,Daniel,Y,ACTIVE,285966,,,06/24/2022,04/21/2025,ME,EDR-DE
TRADITION,,WILLIAMS,AARON,N,INACTIVE,1910,D,,12/01/2023,,RI,EDR
TMAGUIRE1,,MAGUIRE,TYLER,N,ACTIVE,200697,J,,05/30/2023,04/07/2025,NY,ETRIP
CAPTH26,,FEENEY,HENRY,N,ACTIVE,36647,,,01/13/2022,11/19/2024,NY,ETRIP
JSAWICKI,,SAWICKI,JOSEPH,N,ACTIVE,269911,,III,10/05/2021,01/24/2025,NY,ETRIP
D726BGA,LOBSTER TRAP CO INC,,,Y,ACTIVE,11788,,,,04/22/2025,NMFS-NER,EDR
D3554HTJ,MICHAEL DIEM,DIEM,MICHAEL,N,ACTIVE,63777,R,,,03/07/2025,NMFS-NER,ETRIP
NYSUPER,CCE,,,N,ACTIVE,11735,,,,12/19/2014,NY,SMS
D3712VXQ,DONNA MAY FISHERIES LLC,DEBBIS,KEVIN,N,ACTIVE,63524,J,,04/16/2007,04/18/2025,NMFS-NER,EDR
D3727UNC,YEN DING HAI,YEN,DING,N,ACTIVE,79462,H,,05/24/2007,11/24/2015,NMFS-NER,EDR
D3640SOK,MANNYS SEAFOOD INC,,,N,ACTIVE,71153,,,02/15/2006,07/14/2021,NMFS-NER,EDR
KHOLMES,ACCSP,STAFF,ACCSP,N,ACTIVE,17,TEST,,,12/29/2022,RI,SMS
KHOLMES,ACCSP,STAFF,ACCSP,Y,ACTIVE,17,TEST,,,12/29/2022,RI,EDR-DE
D2464IWF,STUART'S SEAFOOD MARKET LTD,,,Y,ACTIVE,11980,,,,08/06/2014,NMFS-NER,EDR
D3540KPF,ATLANTIC FROST SEAFOODS LLC,,,N,ACTIVE,40470,,,,01/04/2011,NMFS-NER,EDR
NYENTRY,CCE,,,N,ACTIVE,11735,,,01/05/2007,02/23/2011,NY,ETRIP-DE
ME35723,DOUTY BROS INC,,,Y,ACTIVE,11993,,,10/31/2007,11/05/2009,ME,EDR
D3816EZI,POWELL SEAFOOD,POWELL,THOMAS,N,ACTIVE,37623,G,,05/22/2008,04/22/2025,NMFS-NER,EDR
WBURAK,CCE,,,N,ACTIVE,11735,,,07/10/2007,09/18/2007,NY,EDR-DE
D3765PCT,REBEL FISH CO LLC,,,N,ACTIVE,89763,,,10/29/2007,03/21/2020,NMFS-NER,EDR
JMANISCALCO,NYSDEC,MANISCALCO,JOHN,N,INACTIVE,128948,,,09/29/2009,07/23/2014,NY,EDR-DE
C160432MA,,JOST,GREGORY,,ACTIVE,142636,A,,09/17/2010,,MA,ETRIP
JEFFKORN,,KORN,JEFFREY,,ACTIVE,38877,G,,01/09/2012,04/01/2025,NY,ETRIP
JMANN2823,JEFFREY MANNHEIMER,MANNHEIMER,JEFFREY,N,ACTIVE,40121,,,05/03/2013,03/05/2025,NY,EDR
BURNY107,,MANZIONE,NICHOLAS,,ACTIVE,37173,,,06/29/2011,12/20/2024,NY,EDR
BURNY107,,MANZIONE,NICHOLAS,,ACTIVE,37173,,,06/29/2011,12/20/2024,NY,ETRIP
D4172ZOL,ASA SHANNON GOSMAN,,,N,ACTIVE,185827,,,02/06/2013,03/08/2021,NMFS-NER,EDR
CASINOCLAM,CASINO CLAM COMPANY INC,,,N,ACTIVE,174954,,,07/16/2013,06/24/2014,NY,EDR
MAYBETONIGHT,MAYBE TONIGHT CHARTERS INC,,,N,ACTIVE,192076,,,08/05/2013,12/06/2015,NY,ETRIP
RSYSAK,NYSDEC,SYSAK,RACHEL,Y,INACTIVE,189936,,,06/17/2013,09/18/2017,NY,EDR-DE
RSYSAK,NYSDEC,SYSAK,RACHEL,Y,INACTIVE,189936,,,06/17/2013,09/18/2017,NY,SMS
DAVIFISH,,DAVI,JOHN,N,ACTIVE,11199,P,JR,11/21/2011,11/22/2024,NY,ETRIP
DZUHOSKI,CCE_NYSDEC,ZUHOSKI,DAVID,N,INACTIVE,183275,,,09/07/2012,09/03/2013,NY,ETRIP-DE
MJAMESMELITO0955,,MELITO,MARIO,,ACTIVE,36618,J,,10/28/2010,,RI,EREC
PFASANO,,FASANO,PATRICK,N,ACTIVE,140735,,,07/18/2013,04/19/2025,NY,EDR
PFASANO,,FASANO,PATRICK,N,ACTIVE,140735,,,07/18/2013,04/19/2025,NY,ETRIP
PDRSEAFOOD,,ROHME,PAUL,N,ACTIVE,186801,D,,03/25/2013,06/13/2013,NY,EDR
ARISPOLI,,RISPOLI,ANTHONY,N,ACTIVE,36838,S,,02/26/2013,12/12/2018,NY,ETRIP
USHOCKEY1,NYSDEC,HINTON,JOE,N,INACTIVE,132354,,,01/26/2010,07/08/2010,NY,EDR-DE
DONALDSCHNAARS,,SCHNAARS,DONALD,Y,ACTIVE,36595,Q,,11/18/2013,10/27/2021,NJ,EDR
STUMMINIA,STEVE TUMMINIA,TUMMINIA,STEVE,,ACTIVE,39282,P,,07/07/2011,08/12/2011,NY,ETRIP
GILLG01,,GILLESPIE,GEORGE,N,ACTIVE,37646,P,,05/15/2013,05/23/2013,NY,ETRIP
SJWHELEN,NYSDEC,WHELEN,SARAH,N,INACTIVE,192016,,,08/01/2013,08/26/2014,NY,ETRIP-DE
SJWHELEN,NYSDEC,WHELEN,SARAH,N,INACTIVE,192016,,,08/01/2013,08/26/2014,NY,SMS
D4009BRY,PT888 INC,,,N,ACTIVE,142136,,,08/25/2010,01/12/2015,NMFS-NER,EDR
CAPSJF,,FROMME,STEPHEN,N,ACTIVE,37626,J,,02/27/2013,04/07/2025,NY,EDR
TBUCCI061961,,BUCCI,THOMAS,N,ACTIVE,36859,J,,12/14/2010,12/14/2010,RI,EREC
THYEN,,YEN,TIEN HOWN,,ACTIVE,174774,,,09/14/2011,12/20/2011,NY,EDR
JULIERAE6,F/V JULIE RAE INC,LOFSTAD,RAYMOND,N,ACTIVE,63070,,JR,01/06/2012,07/19/2012,NY,EDR
JDEFILIPPI,ACCSP - DATA TEAM,ACCSP,DATA TEAM,N,ACTIVE,189577,,,06/07/2013,04/20/2017,CT,EDO
JDEFILIPPI,ACCSP - DATA TEAM,ACCSP,DATA TEAM,N,ACTIVE,189577,,,06/07/2013,04/20/2017,CT,EREC
TCUSIMANO0867,SEA WIFE FISHERIES INC,,,N,ACTIVE,143455,,,10/18/2010,12/04/2012,RI,ETRIP
MPOTTS051955,"BLUE FIN IV, INC.",POTTS,MICHAEL,N,ACTIVE,37571,,,10/12/2010,12/03/2010,RI,EREC
C160518MA,DONNA MAY FISHERIES LLC,DEBBIS,KEVIN,N,ACTIVE,63524,J,,10/19/2010,10/30/2010,MA,ETRIP
C162371MA,,BAUER,GREGORY,,ACTIVE,14136,B, ,08/09/2011,04/18/2015,MA,ETRIP
RJSLEGEND,,SANTOS,RICHARD,,ACTIVE,182797,J,,08/16/2012,10/18/2018,NY,ETRIP
CAPTAINED,SEA BREEZE LOBSTER CO INC,,,N,ACTIVE,76550,,,01/25/2013,12/21/2019,NY,EDR
BK1891,NYSDEC,KAUFHERR,ROBERT,N,INACTIVE,202844,,,10/22/2014,01/12/2016,NY,ETRIP-DE
MOOSE1,,HERTS,MICHAEL,N,ACTIVE,37242,,,08/01/2013,04/24/2025,NY,EDR
ERICR,,RAGNARSSON,SVEN,N,ACTIVE,193056,,,09/17/2013,09/17/2013,NY,EDR
AQUASTAR,AQUA STAR INC,,,N,ACTIVE,40383,,,03/07/2014,04/15/2022,NY,EDR
ROMANFISHERIES,ROMAN FISHERIES INC,,,N,ACTIVE,40627,,,03/07/2014,10/25/2024,NY,ETRIP
JMYERS,ACCSP - DATA TEAM,ACCSP,DATA TEAM,Y,ACTIVE,189577,,,04/17/2014,04/15/2025,NMFS-NER,EDR-DE
JMYERS,ACCSP - DATA TEAM,ACCSP,DATA TEAM,N,ACTIVE,189577,,,04/17/2014,04/15/2025,NMFS-NER,EDO
KATFISH,,VETERE,VINCENT,N,ACTIVE,198222,E,,10/10/2014,02/22/2025,NY,ETRIP
JKNAUER,,KNAUER,JOSEPH,N,ACTIVE,98893,H,,07/29/2014,01/09/2025,NY,EDR
FKARP,HARBOR LIGHT  SOFTWARE,KARP,FRANCINE,N,ACTIVE,202183,,,09/15/2014,04/24/2025,RI,ETRIP-REV
10923,,CARROLL,STEVEN,N,ACTIVE,184842,B,,12/12/2012,12/12/2012,NY,EDR
SLOAN2163,,GURNEY,SLOAN,N,ACTIVE,37587,C,,04/08/2014,11/16/2024,NY,ETRIP
CHUCK,,MALLINSON,CHUCK,N,ACTIVE,36829,,,03/22/2013,04/23/2025,NY,ETRIP
BLUEVENTURE,,LUGINBUHL,DOUGLAS,,ACTIVE,175914,,,11/07/2011,05/02/2023,NY,ETRIP
LROZZO,F ROZZO & SONS INC,,,N,ACTIVE,76611,,,07/29/2014,,NY,EDR
KMCKOWN,NYSDEC,MCKOWN,KIM,N,INACTIVE,152565,,,01/07/2011,09/08/2021,NY,SMS
MATT1275,,SAVARESE,MATTHEW,N,ACTIVE,187257,J,,04/04/2013,10/18/2016,NY,ETRIP
SAFIS,ACCSP DEVELOPER,MWAI,NICHOLAS,N,ACTIVE,192536,,,08/21/2013,09/16/2021,ME,LOB
SAFIS,ACCSP DEVELOPER,MWAI,NICHOLAS,N,ACTIVE,192536,,,08/21/2013,09/16/2021,ME,MDL
MWOODS071937,,WOODS,MARY,N,ACTIVE,37714,,,09/09/2014,11/28/2014,NY,ETRIP
MIDDLEBANK,,GRIFFITH,TIMOTHY,N,ACTIVE,36989,A,,09/30/2013,01/06/2014,NY,ETRIP
CRABMAN,,KUHNER,THOMAS,N,ACTIVE,37522,,,04/07/2014,02/09/2022,NY,ETRIP
OOTBSEAFOOD,OUT OF THE BLUE WHOLESALE LLC,PAPARIZON,JULIANA,N,ACTIVE,196998,,,04/11/2014,10/16/2014,NY,EDR
HNTRSS,,KELLER,GLENN,N,ACTIVE,19915,C,,08/29/2014,11/10/2023,NY,ETRIP
VINFISH,,ABBATIELLO,VINCENZEO,N,ACTIVE,201998,,,09/08/2014,10/07/2014,NY,EDR
SANDRFISH,S & R FISHERIES INC,,,N,ACTIVE,40645,,,07/22/2013,,NY,ETRIP
JBOGDEN101958,,BOGDEN,JAMES,N,INACTIVE,36920,J,,04/23/2014,04/23/2014,NY,EREC
JBOGDEN101958,,BOGDEN,JAMES,N,ACTIVE,36920,J,,04/23/2014,04/23/2014,NY,ETRIP
MAKO1,,MANNINO,WILLIAM,N,ACTIVE,36876,A,,12/10/2014,12/10/2014,NY,ETRIP
D1298TCJ,BLUE RIBBON FISH CO INC,,,Y,ACTIVE,76568,,,,04/15/2025,NMFS-NER,EDR
JBSOCRATES,NYSDEC,SOCRATES,JULIA,N,INACTIVE,158130,,,03/24/2011,05/02/2022,NY,EDR-DE
JBSOCRATES,NYSDEC,SOCRATES,JULIA,N,INACTIVE,158130,,,03/24/2011,05/02/2022,NY,SMS
WHATTACATCH,WHATTA CATCH SPORTFISHING INC,,,N,ACTIVE,184975,,,12/20/2012,04/17/2025,NY,ETRIP
BOOYAH,,HARNED,GEORGE,N,ACTIVE,63086,A,,02/21/2013,09/14/2023,NY,ETRIP
D1857VUB,DBA/GARBO LOBSTER CO INC,CLARK,WAYNE,Y,ACTIVE,10944,,,,05/30/2019,NMFS-NER,EDR
SHAMROCK,SHAMROCK CHARTERBOAT INC,,,N,ACTIVE,190536,,,07/02/2013,02/26/2025,NY,ETRIP
CACRAIG,NYSDEC,CRAIG,CAITLIN,N,INACTIVE,196999,,,04/11/2014,08/27/2018,NY,ETRIP-DE
CACRAIG,NYSDEC,CRAIG,CAITLIN,N,INACTIVE,196999,,,04/11/2014,08/27/2018,NY,SMS
THERMUS,,HERMUS,TIMOTHY,N,ACTIVE,39833,J,,07/22/2014,08/25/2021,NY,ETRIP
D2106BNJ,DOUTY BROS INC,,,Y,ACTIVE,11993,,,,04/17/2025,NMFS-NER,EDR
DHOSKIED,HOSKIE COMPANY INC,,,N,ACTIVE,89762,,,11/06/2014,11/12/2014,NMFS-NER,EDR
RRUSSELL,,RUSSELL,ROBERT,N,ACTIVE,11006,F,,06/10/2010,05/15/2016,CT,ETRIP
D4082XLG,BLUE WATER SFD DISTRIBUTORS,,,N,ACTIVE,170434,,,08/04/2011,03/10/2015,NMFS-NER,EDR
DELVALFISH,DELAWARE VALLEY FISH CO INC,,,N,ACTIVE,184775,,,12/05/2012,05/11/2016,NY,EDR
D4169UCJ,OCEAN MAC INC,HANG,BAO,N,ACTIVE,185555,JUN,,01/17/2013,04/22/2025,NMFS-NER,EDR
ECHOBAYLOBSTER,,MCLOUGHLIN,LAWRENCE,N,ACTIVE,11354,J,,02/22/2013,04/20/2025,NY,ETRIP
BMASTAGLIO081966,,MASTAGLIO,BRIAN,N,INACTIVE,36783,J,,05/05/2013,05/05/2013,NY,EREC
D4084RCX,STEVE TUMMINIA,TUMMINIA,STEVE,N,ACTIVE,39282,P,,08/16/2011,12/15/2024,NMFS-NER,EDR
SDEREVJ,CORNELL COOPERATIVE EXTENSION,DEREVJANIK,SARAH,N,INACTIVE,187936,,,04/26/2013,05/21/2013,NY,EDR-DE
SLAVINFF,S SLAVIN FINE FOODS DBA,,,N,ACTIVE,187708,,,07/24/2013,,NY,EDR
JCOHEN,,COHEN,JACK,N,ACTIVE,39874,T,,07/29/2013,,NY,EDR
D3920TAN,ERINS PRIDE SEAFOOD CORP,,,N,ACTIVE,128088,,,08/20/2009,03/14/2011,NMFS-NER,EDR
FLYINCRAB,,WARD,DANIEL,N,ACTIVE,39354,,,05/20/2015,04/21/2025,NY,ETRIP
JNCONKLIN,,CONKLIN,JEFFREY,N,ACTIVE,207455,N,,03/10/2017,03/11/2023,NY,ETRIP
CGALTIERI101987,,GALTIERI,CHRISTOPHER,N,ACTIVE,205453,J,,06/19/2015,06/21/2015,NY,EREC
JS,,SINNING,JOHN,N,ACTIVE,36720,D,SR,09/28/2017,09/28/2017,NMFS-NER,ETRIP
KBENTLEY,,BENTLEY,KEVIN,N,ACTIVE,37414,T,,07/07/2015,10/13/2024,CT,ETRIP
MILLER_NAT,NATHANIEL MILLER,MILLER,NATHANIEL,N,ACTIVE,39905,,,05/08/2017,02/08/2018,NY,EDR
GAVIN,,PALMER,CARY,N,ACTIVE,37124,R,,07/28/2017,01/17/2025,NY,ETRIP
DECDLE,DEC LAW ENF,,,N,ACTIVE,203869,,,01/29/2015,12/18/2024,NY,ETRIP-REV
D430832S,DOUGLAS A OAKLAND,OAKLAND,DOUGLAS,N,ACTIVE,200211,A,JR,02/03/2015,01/15/2025,NMFS-NER,EDR
BH,BLUE HARVEST MARINE SERVICES,,,Y,ACTIVE,204922,,,05/26/2017,05/26/2017,NMFS-NER,EDR
SWYMBS,,WYMBS,SCOTT,N,ACTIVE,63417,N,,11/07/2017,08/25/2020,NMFS-NER,ETRIP
STEPHENS081946,,STEPHENS,JOHN,N,ACTIVE,198236,J,,06/01/2015,11/20/2019,NY,ETRIP
D4352WFU,TRADER RAY INC,,,N,ACTIVE,206333,,,09/17/2015,04/04/2024,NMFS-NER,EDR
CODEND,,MEYER,JOHN,N,ACTIVE,38744,H,III,07/17/2017,11/12/2023,NY,EDR
KH_ACCSP,ACCSP,STAFF,ACCSP,N,ACTIVE,17,TEST,,01/14/2015,10/19/2021,MA,EDO
KH_ACCSP,ACCSP,STAFF,ACCSP,N,ACTIVE,17,TEST,,01/14/2015,10/19/2021,MA,EDR
KH_ACCSP,ACCSP,STAFF,ACCSP,,ACTIVE,17,TEST,,01/14/2015,10/19/2021,MA,SMSTEST
MIKEM79,UM FISHING LLC,,,N,ACTIVE,213682,,,08/17/2016,03/27/2025,NY,ETRIP
KINGFISHNY,,KING,CHRISTOPHER,N,ACTIVE,207576,H,,03/03/2016,03/03/2016,NY,ETRIP
D4362OLA,CHRISTIAN SCOLA,SCOLA,CHRISTIAN,N,ACTIVE,201376,,,02/23/2016,03/22/2022,NMFS-NER,EDR
BSIMON091975,,SIMON,BEN,N,ACTIVE,208638,G,,04/04/2016,05/25/2018,NY,ETRIP
SIDEKICK,,STARK,NEAL,N,ACTIVE,198442,H,,11/15/2016,09/30/2019,NY,ETRIP
D4386AVE,MONTAUK SEA SCALLOPS LLC,SKARIMBAS,MICHAEL,N,ACTIVE,41162,,,05/16/2016,04/06/2025,NMFS-NER,EDR
KBEASLEY187,,BEASLEY,KEVIN,N,ACTIVE,37149,J,,08/30/2017,08/30/2017,NY,ETRIP
CALEB857,CALEB HALEY & CO LLC,SMITH,NEIL,Y,ACTIVE,11846,H,,10/19/2017,10/19/2017,NMFS-NER,EDR
JAMESJBOGDEN,,BOGDEN,JAMES,N,INACTIVE,36920,J,,04/27/2017,10/14/2024,NY,EREC
JKURRE051963,,KURRE,JOHN,,ACTIVE,39024,E,,03/31/2016,03/31/2016,NY,EREC
SEAWEED,,SCHOEMAKER,SCOTT,N,ACTIVE,203537,,,03/01/2016,,NY,ETRIP
C173301MA,,COSENZA,RICHARD,N,ACTIVE,63065,,,10/07/2016,10/20/2016,MA,EREC
C173301MA,,COSENZA,RICHARD,N,ACTIVE,63065,,,10/07/2016,10/20/2016,MA,ETRIP
C173318MA,,GARNER,MICHAEL,N,ACTIVE,214135,C,,10/07/2016,07/28/2017,MA,ETRIP
TIDE6969,,RUSSELL,ROBERT,N,ACTIVE,11006,F,,04/07/2015,04/12/2025,RI,EDR
JMSHEWAR,NYSDEC,SHEWARD,JUSTIN,N,INACTIVE,204743,,,04/24/2015,06/30/2015,NY,EDR-DE
BIRDDOG2,,KENYON,RONALD,N,ACTIVE,1908,D,JR,02/17/2017,04/27/2017,NY,EDR
AESCHIMI,NYSDEC,SCHIMIZZI,ANGELA,N,INACTIVE,206377,,,09/23/2015,07/12/2018,NY,EDR-DE
CRANKYCAP,,MIGDALSKI,ROBERT,N,ACTIVE,37283,J,,05/06/2015,04/07/2025,NY,ETRIP
RRLOBSTER,R & R LOBSTER,,,N,ACTIVE,216047,,,05/03/2017,03/13/2025,NY,EDR
FVCLOVER,,MCGUIRE,CHRISTOPHER,Y,ACTIVE,201797,H, ,06/09/2015,12/07/2016,NY,EDR
KH,ACCSP,STAFF,ACCSP,N,ACTIVE,17,TEST,,07/15/2017,,RI,EDO
KH,ACCSP,STAFF,ACCSP,N,ACTIVE,17,TEST,,07/15/2017,,RI,EREC
KH,ACCSP,STAFF,ACCSP,N,ACTIVE,17,TEST,,07/15/2017,,RI,ETRIP-LOC
KH,ACCSP,STAFF,ACCSP,N,ACTIVE,17,TEST,,07/15/2017,,RI,ETRIP-TEST
STEVETUMMINIA,STEVE TUMMINIA,TUMMINIA,STEVE,N,ACTIVE,39282,P,,05/04/2016,,NJ,EDR
D4642GGS,G & G SEAFOOD LLC,,,N,ACTIVE,219203,,,04/08/2020,04/05/2025,NMFS-NER,EDR
D4646SRW,TOPHOOK,WITTHUHN,STEVEN,N,ACTIVE,36769,R,,04/09/2020,05/19/2021,NMFS-NER,EDR
D4554GBI,GRA-BAR INC,MOLIN,BART & GRACE,N,ACTIVE,76632,,,06/03/2019,,NMFS-NER,EDR
ONEMORECAST,ONE MORE CAST CHARTERS INC,,,N,ACTIVE,230274,,,07/08/2019,01/29/2025,NY,ETRIP
D3771LJGJ,TOM BROWN,BROWN,TOM,N,ACTIVE,91222,K,,08/08/2019,05/13/2022,NMFS-NER,EDR
KAJAYNE,,JAYNE,KENNETH,N,ACTIVE,231083,A,,11/22/2019,02/27/2025,NY,ETRIP
D4585MIS,PURE SEAFOOD CO BY GULLO LLC,GULLO,FRANK,N,ACTIVE,259557,,,12/28/2019,,NMFS-NER,EDR
KEVINJJ,,RYAN,KEVIN,N,ACTIVE,37057,,,11/13/2019,,NY,ETRIP
RHAASE3737,,HAASE,ROBERT,N,ACTIVE,63049,,JR,11/13/2019,12/27/2023,NY,ETRIP
BANDIT,,TROISE,SCOTT,N,ACTIVE,220320,T,,02/13/2018,,NY,ETRIP
TRIPLEFADVENTURE,,STAHLMAN,NORMAN,N,ACTIVE,37509,R,,05/15/2018,02/01/2023,NY,ETRIP
JMSTEVE,NYSDEC,STEVE,JESSICA,N,ACTIVE,224769,,,08/30/2018,10/10/2024,NY,SMS
NPALMER51,,PALMER,NEAL,N,ACTIVE,38516,T,,04/24/2018,,NY,ETRIP
VICTOR11937,,DIEZCANSECO,VICTOR,N,ACTIVE,38193,P,,02/22/2018,01/04/2021,NY,ETRIP
MJMASON,,MASON,MICHAEL,N,ACTIVE,98874,J,,07/10/2018,,NY,ETRIP
FISHNORMA,WILLIAM STRAUB,STRAUB,WILLIAM,N,ACTIVE,38281,R,,03/13/2018,04/23/2025,NMFS-NER,ETRIP
JOTTY,,OTTY,JOHN,N,ACTIVE,207395,H,IV,03/24/2018,03/05/2025,NY,ETRIP
JBRICCA,,BRICCA,JAMES,N,ACTIVE,36799,,,02/24/2020,,NY,ETRIP
FK1,HARBOR LIGHT  SOFTWARE,KARP,FRANCINE,N,INACTIVE,202183,,,10/01/2019,,NMFS-NER,SMS
GMUFF,,MUFF,GEORGE,N,ACTIVE,37151,,,12/04/2019,04/20/2025,NY,ETRIP
THOMASERIK455,,THOMAS,ERIK,N,ACTIVE,36617,,,01/28/2019,,NY,ETRIP
ED,ACCSP DEVELOPER,MWAI,NICHOLAS,Y,ACTIVE,192536,,,01/27/2021,11/02/2021,ACCSP,EDR-DE
ED,ACCSP DEVELOPER,MWAI,NICHOLAS,N,ACTIVE,192536,,,01/27/2021,11/02/2021,ACCSP,SMS
MHEGEMAN,NYSDEC,ALBINO HEGEMAN,MELISSA,N,ACTIVE,231197,,,08/20/2019,03/12/2025,NY,LOB
JOHNLUNIEWSKI,,LUNIEWSKI,JOHN,N,ACTIVE,249899,,,09/30/2019,09/21/2020,NY,ETRIP
TJMAYJR,,MAY,THOMAS,N,ACTIVE,38829,J,JR,11/12/2019,06/16/2021,NY,ETRIP
QUIETSTORM,,LAURINO,STEVEN,N,ACTIVE,223126,,,06/05/2018,10/30/2020,NY,ETRIP
D4678SMF,SM FISHERIES OF MONTAUK,,,N,ACTIVE,198464,,,04/21/2020,10/25/2021,NMFS-NER,EDR
QUALITYCLM@AOL,,ROLAND,STEPHEN,N,ACTIVE,36699,,,07/02/2018,04/19/2025,NMFS-NER,ETRIP
MORNINGSTAR,MORNING STAR CHARTERS LLC,,,N,ACTIVE,227151,,,02/26/2019,,NY,ETRIP
GINGER,BUCKFISH INC,,,N,ACTIVE,40342,,,09/10/2020,01/31/2025,NY,ETRIP
GREGORY,,NARDIELLO,GREGORY,N,ACTIVE,36988,C,,04/01/2018,01/13/2025,NMFS-NER,ETRIP
TWORIVERS,,CHAYES,FLETCHER,N,ACTIVE,197815,A,,05/01/2018,05/04/2018,NMFS-NER,ETRIP
JQ,,QUARESIMO,JAMIE,N,ACTIVE,143514,,,05/18/2018,05/18/2018,RI,EREC
ETIRPAK,DAYLIGHTS WASTIN LLC,,,N,ACTIVE,264660,,,07/14/2020,07/21/2021,NY,ETRIP
JAYSUN717,,WILLIAMS,JASON,N,ACTIVE,225292,,,11/01/2018,03/19/2024,NY,ETRIP
C174463MA,,BICKELMAN,GLENN,N,ACTIVE,37157,L,,11/02/2018,02/06/2025,MA,ETRIP
TOMMY,,HARTT,THOMAS,N,ACTIVE,39018,,,11/05/2018,,NY,ETRIP
MICHAELSUK6,,SUK,MICHAEL,N,ACTIVE,175134,,,12/21/2018,08/15/2024,NY,EDR
KJAYNE ,,JAYNE,KENNETH,N,ACTIVE,37114,,,07/25/2018,,NY,ETRIP
NORTHEASTOUTDOORS,NORTHEAST OUTDOORS LLC,,,N,ACTIVE,227683,,,03/14/2019,04/06/2025,NY,ETRIP
CCULLEN,,CULLEN,CHRISTOPHER,N,ACTIVE,36754,J,,04/12/2018,04/24/2025,NMFS-NER,ETRIP
THINKBIGCHARTERS@COX.NET,JESSE G MARTELLO,MARTELLO,JESSE,N,ACTIVE,165756,G,,01/26/2021,03/11/2025,NMFS-SER,EDR
D4882VJD,,DAMM,VINCENT,N,ACTIVE,38946,J,,04/19/2021,04/21/2025,NMFS-NER,ETRIP
FATTY1023,,LEDUC,THOMAS,N,ACTIVE,38408,D,,04/16/2021,04/21/2021,NY,ETRIP
D4881JFA,JACK FAYER/FC SEAFOOD,,,N,ACTIVE,270879,,,04/17/2021,,NMFS-NER,EDR
RTHORNE,,THORNE,RYAN,N,ACTIVE,36750,,,04/12/2021,,NY,ETRIP
JSINNINGJR,,SINNING,JOHN,N,ACTIVE,221068,D,,06/17/2021,04/05/2025,NY,ETRIP
CBWINDY,,PASSIE,JOHN,N,ACTIVE,37458,,,05/22/2021,12/16/2024,NMFS-NER,ETRIP
JSCHUCHMAN,,SCHUCHMAN,JOSEPH,N,ACTIVE,274055,G,,06/14/2021,01/05/2024,NY,ETRIP
MCNEELYTHOMAS211,,MCNEELY,THOMAS,N,ACTIVE,274941,L,,06/30/2021,01/02/2025,NY,ETRIP
TKELLY,,KELLY,TRAVIS,N,ACTIVE,187835,W,,08/05/2021,,NY,ETRIP
EBBTIDE,EBB TIDE FISHING INC,,,N,ACTIVE,219201,,,03/24/2022,02/15/2024,NY,ETRIP
C163599MA,,LIZZA,JOEL,N,ACTIVE,36705,D,,01/11/2024,01/21/2025,MA,EREC
D5141HDM,HARDWOOD HDM HOLDINGS LLC,MARGARITIS,HENRY,N,ACTIVE,305405,,,05/09/2024,04/03/2025,NMFS-NER,ETRIP
D3885CE4,CHARLES ETZEL,ETZEL,CHARLES,N,ACTIVE,40091,,,04/26/2024,03/17/2025,NMFS-NER,EDR
D5066ESB,VALHALLA FISHERIES INC,CIRILLO,ENZO,N,ACTIVE,283722,M,,06/16/2023,04/23/2025,NMFS-NER,EDR
TUNACARTEL,,ROSS,ADAM,N,ACTIVE,305619,F,,05/20/2024,10/11/2024,NY,ETRIP
CHRISTOPHERBEETLE,,RIVERA,CHRISTOPHER,N,ACTIVE,306079,J,,06/13/2024,04/15/2025,NY,ETRIP
D5083MJM,CONCHED OUT FISHERIES LLC,MADERIA,MATTHEW,N,ACTIVE,181095,J,,08/08/2023,04/07/2025,NMFS-NER,ETRIP
CRUBINO,,RUBINO,CHRISTIAN,N,ACTIVE,305313,L,,04/30/2024,12/16/2024,NY,ETRIP
KELLER26,,FLYNN,KELLER,N,ACTIVE,305898,,,05/28/2024,11/06/2024,NY,ETRIP
D5067AWD,,DIMEGLIO,ANTHONY,N,ACTIVE,141034,W,,06/22/2023,,NMFS-NER,EDR
JPFOSTER,,FOSTER,JOSEPH,N,ACTIVE,307088,,,06/26/2024,03/04/2025,NY,ETRIP
TRISTAN GOLESKI,,GOLESKI,TRISTAN,N,ACTIVE,306057,R,,07/24/2024,04/02/2025,NMFS-NER,ETRIP
MOPIEKUN,ACCSP - DATA TEAM,ACCSP,DATA TEAM,N,ACTIVE,189577,,,07/01/2024,01/03/2025,NMFS-NER,EONE-DE
BLUEFIN188,,DECOSTA,PEDRO,N,ACTIVE,307622,P,,07/11/2024,04/20/2025,NY,ETRIP
JLAFACE,,LAFACE,JOSEPH,N,ACTIVE,197761,R,JR,09/20/2024,02/20/2025,NY,ETRIP
KHOWARTH,,HOWARTH,KEVIN,N,ACTIVE,39759,M,,05/16/2022,11/13/2024,NY,ETRIP
PETER.SPONG,PETER W SPONG,SPONG,PETER,N,ACTIVE,37039,W,,10/08/2024,,RI,ETRIP
FKOTNIK,,KOTNIK,FREDERICK,N,ACTIVE,39609,,,11/12/2024,11/13/2024,NY,ETRIP
GUILFORDLOBSTERPOUND,GUILFORD LOBSTER POUND,MANSI,BARTHOLOMEW,N,ACTIVE,10956,L,III,09/25/2023,12/23/2024,CT,ETRIP
JAHREELMTK,JAH REEL MTK LLC,,,N,ACTIVE,405065,,,03/07/2025,03/07/2025,NY,ETRIP
BASSLINESSPORTFISHIN,,ABBOTT,WILLIAM,N,ACTIVE,299929,J,,10/11/2023,11/22/2024,NY,ETRIP
D4979CRM,CHRISTOPHER R MILLER,MILLER,CHRISTOPHER,N,ACTIVE,37186,R,,06/23/2022,04/09/2025,NMFS-NER,ETRIP
NFLTCHARTERS,,WORTH,SCOTT,N,ACTIVE,197816,E,,05/15/2024,05/16/2024,NY,ETRIP
WILLIAM REED,,REED,WILLIAM,N,ACTIVE,36910,,,01/31/2025,04/23/2025,NMFS-NER,ETRIP
RMADERIA,JR SCALLOPS,MADERIA,RICHARD,N,ACTIVE,11336,J,,12/16/2024,12/16/2024,CT,EDR
PRIDEFISHINGCORP,PRIDE FISHING CORP,ANDRESEN,ROBERT,N,ACTIVE,216152,,,03/14/2025,,NY,ETRIP
JGOLDBERG,,GOLDBERG,JAMES,N,ACTIVE,38453,N,,05/17/2022,12/17/2024,NY,ETRIP
LDIDONATO,,DIDONATO,LAWRENCE,N,ACTIVE,38973,,,03/07/2025,04/01/2025,NY,ETRIP
SALVATORE.BATTIMELLI,,BATTIMELLI,SALVATORE,N,ACTIVE,405381,,,04/09/2025,04/09/2025,NY,ETRIP
JROD3,JROD SPORTFISHING LLC,,,N,ACTIVE,315161,,,01/29/2025,03/16/2025,NY,ETRIP
RICHARD.CONOLLY,,CONOLLY,RICHARD,N,ACTIVE,197804,F,,11/19/2024,03/25/2025,NMFS-NER,ETRIP
BILL CHASER,,CARTWRIGHT,DONALD,N,ACTIVE,238062,B,,03/10/2025,03/16/2025,NMFS-SER,ETRIP
D4963JML,J & M SEAFOOD LTD,,,N,ACTIVE,231199,,,04/30/2022,10/26/2024,NMFS-NER,EDR
STARSTREAM2,,KESSINGER,PETER,N,ACTIVE,39436,,,09/17/2021,,NY,ETRIP
MICHELLEMIHALE,,MIHALE,MICHELLE,N,ACTIVE,295696,,,06/02/2023,,NY,ETRIP
ROCK BOTTOM,D B FISH INC,,,N,ACTIVE,12274,,,10/10/2024,03/10/2025,NY,EDR
BASILIS11,,KATRANIS,VASILIOS,N,ACTIVE,228634,,,04/10/2025,,NY,ETRIP
RAILMAN96,,PETTIT,JAMES,N,ACTIVE,280784,J,,10/04/2021,10/14/2021,NY,ETRIP
CLH,,HOERNING,CHRISTINA,N,ACTIVE,216156,L,,05/31/2022,10/15/2024,NY,ETRIP
ISLANDSPIRIT,R J FISHING CORP,,,N,ACTIVE,285412,,,06/13/2022,,NY,ETRIP
AZZURRAFISHING,,CURTIS,STEPHEN,N,ACTIVE,203879,A,,12/10/2021,12/10/2021,NMFS-SER,ETRIP
JOHNDERRICO,,DERRICO,JOHN,N,ACTIVE,283808,,,04/08/2022,,NY,ETRIP
TOMMYEARL,,ECKARDT,THOMAS,N,ACTIVE,38043,E,,12/13/2024,12/21/2024,NY,EDR
KGRYAN,NYSDEC,RYAN,KEVIN,N,ACTIVE,301375,,,01/29/2024,04/18/2025,NY,SMS
CARLOSJ2213,,FERREIRO,CARLOS,N,ACTIVE,305285,,,04/29/2024,11/18/2024,NY,ETRIP
SPISANO,,PISANO,STEPHEN,N,ACTIVE,207477,J,,03/02/2022,02/10/2025,NY,ETRIP
TCONRAD26,,CONRAD,TODD,N,ACTIVE,299907,,,10/06/2023,10/06/2023,NY,ETRIP
NT3434,NO TIME CHARTER CORP,,,N,ACTIVE,315163,,,12/31/2024,,NY,ETRIP
DJSSHIELDS,FINS AND FUN LLC,,,N,ACTIVE,405439,,,04/16/2025,04/16/2025,NY,ETRIP
JMARTELL,,MARTELL,JASON,N,ACTIVE,216133,G,,01/05/2023,01/05/2023,RI,ETRIP
SHELLFISHINC,SHELLFISH INC,,,N,ACTIVE,40276,,,12/06/2024,12/09/2024,NY,ETRIP
KINGSDOCK,KINGS DOCK,,,N,ACTIVE,76551,,,12/30/2024,04/24/2025,NY,EDR
HARDWOOD,HARDWOOD HDM HOLDINGS LLC,MARGARITIS,HENRY,N,ACTIVE,305405,,,05/01/2024,06/05/2024,NY,EDR
RALPHG69,OFF SHORE ACCOUNT LLC,,,N,ACTIVE,405141,,,03/20/2025,04/21/2025,NY,ETRIP
MWUNDA05,,WUNDERLICH,MATTHEW,N,ACTIVE,325985,,,09/05/2024,09/05/2024,NY,ETRIP
D5127KID,YACHTSEA LLC - DBA SHOREBIRDS,KWASNIESKI,BRIAN,N,ACTIVE,305116,,,04/01/2024,03/11/2025,NMFS-NER,EDR
D5127KID,YACHTSEA LLC - DBA SHOREBIRDS,KWASNIESKI,BRIAN,N,ACTIVE,305116,,,04/01/2024,03/11/2025,NMFS-NER,ETRIP
MATTHEWFROELICH,,FROELICH,MATTHEW,N,ACTIVE,290558,,,11/21/2024,12/07/2024,NY,ETRIP
TODWYER,,ODWYER,THOMAS,N,ACTIVE,294659,,,04/25/2023,12/19/2024,NY,ETRIP
JTGAGNE,GAGNE ADVENTURES LLC,GAGNE,JOHN,N,ACTIVE,298287,,,08/03/2023,04/22/2025,NY,ETRIP
TWINFINS,,SCHNELL,DONALD,N,ACTIVE,295661,E,,06/01/2023,01/03/2024,NY,ETRIP
JPIRILLO,,PIRILLO,JAMES,N,ACTIVE,63031,A,,11/18/2022,04/28/2024,NY,ETRIP
NORTHISLAND,,FLANAGAN,DAVID,N,ACTIVE,283558,P,,03/22/2022,05/12/2024,NY,ETRIP
CAPTAINJEFF,,NAGLER,JEFFREY,N,ACTIVE,197802,S,,03/30/2022,,NY,ETRIP
MFERRIGNO,,FERRIGNO,MICHAEL,N,ACTIVE,289655,,,08/19/2022,02/13/2025,NY,ETRIP
NSTIANSEN,,STIANSEN,NORMAN,N,ACTIVE,37319,L,JR,05/12/2022,05/12/2022,NY,ETRIP
DMESTAWAT,ACCSP DEVELOPER,Mestawat,Daniel,N,ACTIVE,285966,,,06/24/2022,04/21/2025,ME,ETRIP-DE
DMESTAWAT,ACCSP DEVELOPER,Mestawat,Daniel,N,ACTIVE,285966,,,06/24/2022,04/21/2025,ME,MDL
DMESTAWAT,ACCSP DEVELOPER,Mestawat,Daniel,N,ACTIVE,285966,,,06/24/2022,04/21/2025,ME,LOB
KHAULER,APD FISHING INC,,,N,ACTIVE,305257,,,04/26/2024,02/14/2025,NY,ETRIP
D5043IES,PENTHOUSE MARINE LTD,ELKIN,ILYA,N,ACTIVE,198757,,,04/26/2023,04/29/2023,NMFS-NER,ETRIP
BBAEZ,,BAEZ,BRIAN,N,ACTIVE,281422,K,,10/29/2021,,NY,ETRIP
CDACOSTA011,,DACOSTA,CRISTINA,N,ACTIVE,301650,L,,11/19/2024,11/23/2024,NY,ETRIP
D1268OTI,COR-J SEAFOOD INC,,,Y,ACTIVE,11784,,,,01/04/2022,NMFS-NER,EDR
CAROLV,DBA THE TOWN DOCK,,NGC INC,Y,ACTIVE,1511,,,,04/21/2025,NMFS-NER,EDR
D3352HFD,COASTAL SEAFOOD TRANSFER,BAUER,SCOTT,N,ACTIVE,12191,K,,,11/02/2022,NMFS-NER,EDR
D2272PDB,BEYER LIGHTNING FISH CO INC,,,N,ACTIVE,46132,,,,12/07/2006,NMFS-NER,EDR
D2741GHR,OCEANS FLEET FISHERIES,VINJERUD,LARS,N,ACTIVE,10951,,II,,04/21/2025,NMFS-NER,EDR
KKNOBLOCH,CCE,,,N,ACTIVE,11735,,,02/02/2007,02/07/2014,NY,ETRIP-DE
JGUARNERI,CCE,,,N,ACTIVE,11735,,,02/02/2007,01/15/2008,NY,SMS
D1852YLJ,POINT LOBSTER CO INC,,,N,ACTIVE,70393,,,02/01/2006,04/01/2025,NMFS-NER,EDR
D956DSU,SEA FRESH USA INC,,,Y,ACTIVE,11851,,,,04/22/2025,NMFS-NER,EDR
D3720GNF,WEST LAKE CLAM & CHOWDER HOUSE,SHALI CORP,,N,ACTIVE,76531,,,05/25/2007,04/15/2025,NMFS-NER,EDR
MROMANOSKI,CCE,,,N,ACTIVE,11735,,,06/11/2007,10/19/2010,NY,EDR-DE
D3504SOR,JOE IPPOLITI FISHING,,,N,ACTIVE,45115,,,,04/23/2025,NMFS-NER,EDR
D3435UAN,ICE BREAKER COMMERCIAL FISH LLC,,,N,ACTIVE,12238,,,,02/14/2025,NMFS-NER,EDR
KHOLMES,ACCSP,STAFF,ACCSP,N,ACTIVE,17,TEST,,,12/29/2022,RI,EDO
KHOLMES,ACCSP,STAFF,ACCSP,N,ACTIVE,17,TEST,,,12/29/2022,RI,ETRIP-LOC
D3596WNV,HARBOR BLUE SEAFOOD INC,,,N,ACTIVE,66074,,,06/22/2005,,NMFS-NER,EDR
D1355IJR,BOB GOSMAN CO,,,Y,ACTIVE,11956,,,,04/22/2025,NMFS-NER,EDR
D3748QCC,REDS BEST / WILDFISH LLC,AUERBACH,JARED,Y,ACTIVE,88562,,,08/14/2007,04/22/2025,NMFS-NER,EDR
KGERBINO,CCE,GERBINO,KRISTIN,N,ACTIVE,115214,,,10/23/2008,10/04/2021,NY,ETRIP-DE
BLORINO,,LORINO,BRENDAN,N,ACTIVE,194776,T,,01/10/2014,01/11/2014,NY,ETRIP
ME106476,GREENHEAD LOBSTER LLC,,,Y,ACTIVE,46072,,,03/24/2009,09/10/2014,ME,EDR
PANDERSON,NYSDEC,ANDERSON,PETER,Y,INACTIVE,115217,,,10/23/2008,03/21/2023,NY,EDR-DE
STENTJ,CCE,STENT,JACKIE,N,ACTIVE,115216,,,10/23/2008,06/02/2017,NY,SMS
D2113WTM,DBA J P SHELLFISH INC,CLAMBAKE HOLDINGS INC,KEVIN MURPHY,Y,ACTIVE,71793,,,11/10/2009,03/07/2013,NMFS-NER,EDR
C160432MA,,JOST,GREGORY,N,ACTIVE,142636,A,,09/17/2010,,MA,ETRIP
D4154BKK,CONNECTICUT SHELLFISH CO,,,N,ACTIVE,183401,,,09/12/2012,01/07/2025,NMFS-NER,EDR
KAHATTAL,NYSDEC,HATTALA,KATHY,N,INACTIVE,189057,,,05/22/2013,05/27/2015,NY,EDR-DE
FISHTAXI,FISH TAXI NEW YORK LTD,,,N,ACTIVE,188848,,,05/20/2013,07/14/2014,NY,ETRIP
MBOCCIO,,BOCCIO,MICHAEL,N,ACTIVE,36982,J,,02/10/2014,07/06/2018,NY,ETRIP
RSYSAK,NYSDEC,SYSAK,RACHEL,Y,INACTIVE,189936,,,06/17/2013,09/18/2017,NY,ETRIP-DE
FLUKE,,GULLO,JOSEPH,N,ACTIVE,184555,,,11/20/2012,09/14/2014,NY,EDR
C152552MA,PETER S ESHENFELDER,ESHENFELDER,PETER,N,ACTIVE,11231,S,,07/06/2010,,MA,ETRIP
ADIMEGLIO,,DIMEGLIO,ANTHONY,N,ACTIVE,141034,W,,07/24/2013,,NY,EDR
D4224TQL,,CAHILL,CHRISTIAN,N,ACTIVE,36771,L,,12/02/2013,12/07/2013,NMFS-NER,EDR
DONALDSCHNAARS,,SCHNAARS,DONALD,Y,ACTIVE,36595,Q,,11/18/2013,10/27/2021,NJ,ETRIP
NUM1FISHGUY,,FERRARO,JOSEPH,N,ACTIVE,38887,E,,04/09/2013,03/16/2025,NY,ETRIP
SYMBIOT,,LAZ,PETER,N,ACTIVE,37110,J,,05/20/2013,08/06/2013,NY,ETRIP
RSWILLIAMS,,WILLIAMS,ROBERT,,ACTIVE,36840,,,10/04/2010,01/22/2025,NY,ETRIP
10724,,SCHNAARS,DONALD,Y,ACTIVE,36595,Q,,11/19/2012,11/20/2012,NY,ETRIP
D4024NSO,SILVER DOLLAR SEAFOOD INC,,,N,ACTIVE,144596,,,12/08/2010,04/22/2025,NMFS-NER,EDR
D4077ENX,ALL THE BEST SEAFOOD INC,,,N,ACTIVE,169854,,,07/28/2011,12/05/2019,NMFS-NER,EDR
TEACHERSPET,,BEAVER,GERALD,N,ACTIVE,188846,R,,05/20/2013,02/14/2017,NY,ETRIP
CLBAUER,NYSDEC,BAUER,CASSANDRA,N,INACTIVE,193916,,,11/12/2013,02/21/2014,NY,EDR-DE
ADRIATIC,ADRIATIC SEAFOOD INC,,,N,ACTIVE,99036,,,07/30/2013,,NY,EDR
D4119DUC,CHEN QUALITY SEAFOOD INC,,,N,ACTIVE,178416,,,03/21/2012,11/22/2014,NMFS-NER,EDR
MISSION,,KACHANOVSKY,SASHA,,ACTIVE,176219,,,04/25/2012,02/17/2013,NY,ETRIP
JHOLDEN,CCE_DEC,HOLDEN,JOHN,N,INACTIVE,183336,,,09/11/2012,06/18/2013,NY,ETRIP-DE
MSAIO0360,,SAIO,MICHAEL,N,ACTIVE,36757,N,,11/19/2013,,NY,EREC
MNSAIO031960,,SAIO,MICHAEL,N,ACTIVE,36757,N,,11/19/2013,,NY,EREC
KC,,COURTLANGUS,KENNETH,,ACTIVE,37021,W,,03/02/2010,01/18/2014,NY,ETRIP
MCHEN,ACE GROUP TRADING CO INC,,,,ACTIVE,76461,,,09/27/2011,07/11/2012,NY,EDR
C162065MA,,HOVANESIAN,JOEL,,ACTIVE,719,,,07/11/2011,09/14/2011,MA,ETRIP
SOUTHOLDFM,SOUTHOLD FISH MARKET,MANWARING,CHARLES,N,ACTIVE,76592,,JR,07/23/2013,04/22/2025,NY,EDR
RETZEL0355,,ETZEL,RICHARD,N,ACTIVE,37574,,,10/12/2010,10/12/2010,RI,ETRIP
D3976PGF,A AND D FISH CO LLC,BERNSTEIN,DANIEL,N,ACTIVE,76426,P,,05/04/2010,09/11/2014,NMFS-NER,EDR
ARWEBB,,WEBB,ANNA,N,ACTIVE,177035,,,01/20/2012,11/01/2012,NY,SMS
MKETCH,,KETCHAM,MATTHEW,N,ACTIVE,191336,J,,07/17/2013,,NY,EDR
RSTEARNS65,,STEARNS,RONALD,N,ACTIVE,197703,,,04/29/2014,11/28/2017,NY,ETRIP
WGAMBRILL,,GAMBRILL,WILLIAM,N,ACTIVE,37183,T,,07/17/2014,11/05/2014,NY,ETRIP
KAGRAULI,NYSDEC,GRAULICH,KAREN,N,INACTIVE,196816,,,04/03/2014,06/09/2016,NY,SMS
LOBSTER.MIKE,MICHAEL THEILER,THEILER,MICHAEL,N,ACTIVE,11063,,,06/17/2014,04/20/2025,NMFS-NER,EDR
PARKER,CLEARWATER ENVIRONMENTAL MANAGEMENT INC,,,N,ACTIVE,202117,,,09/11/2014,11/05/2015,NY,ETRIP
CMAZZEO,CCE,MAZZEO,CHRIS,N,ACTIVE,192938,,,09/10/2013,08/08/2017,NY,EDR-DE
JMYERS,ACCSP - DATA TEAM,ACCSP,DATA TEAM,Y,ACTIVE,189577,,,04/17/2014,04/15/2025,NMFS-NER,ETRIP-DE
JMYERS,ACCSP - DATA TEAM,ACCSP,DATA TEAM,N,ACTIVE,189577,,,04/17/2014,04/15/2025,NMFS-NER,EONE-DE
JMYERS,ACCSP - DATA TEAM,ACCSP,DATA TEAM,N,ACTIVE,189577,,,04/17/2014,04/15/2025,NMFS-NER,EDR
CAPTAINMURPHY,SIX EIGHTS FISHING CHARTER LLC,,,N,ACTIVE,197762,,,05/02/2014,06/01/2014,NY,ETRIP
JKNAUER,,KNAUER,JOSEPH,N,ACTIVE,98893,H,,07/29/2014,01/09/2025,NY,ETRIP
MJMELITO091955,,MELITO,MARIO,,ACTIVE,36618,J,,10/27/2010,11/08/2010,RI,EREC
SEAFOOD101,MILLENARIAN TRADING INC,,,,ACTIVE,176254,,,04/11/2012,04/21/2025,NY,EDR
D4289EVA,OUT OF THE BLUE WHOLESALE LLC,PAPARIZON,JULIANA,N,ACTIVE,196998,,,08/25/2014,02/18/2025,NMFS-NER,EDR
MSTERN,NYSDEC,STERN,MARIAN,N,INACTIVE,133257,,,03/03/2010,08/25/2014,NY,SMS
GARYLOCKEL,,LOCKEL,GARY,,ACTIVE,36722,T,JR,01/27/2012,01/27/2012,NY,ETRIP
SFD11946,SHINNECOCK FISH DOCK INC,,,N,ACTIVE,186316,,,05/02/2012,01/17/2013,NY,EDR
SCOMERICO,,COMERICO,SALVATORE,N,ACTIVE,11243,,,07/22/2013,03/14/2024,NY,ETRIP
SAFIS,ACCSP DEVELOPER,MWAI,NICHOLAS,N,ACTIVE,192536,,,08/21/2013,09/16/2021,ME,EONE-DE
WECLAMERS,,VERITY,WILLIAM,N,ACTIVE,37210,J,,06/26/2014,04/22/2025,NY,ETRIP
STEVENFORSBERG,,FORSBERG,STEVEN,N,ACTIVE,37438,D,,10/09/2012,01/16/2025,NY,EDR
TWOEDSFISHING,,KAUFMAN,EDWARD,N,ACTIVE,197760,J,III,06/04/2014,06/04/2014,NY,ETRIP
FC2014,,WILLIAMS,KEITH,N,ACTIVE,197768,K,,10/08/2014,11/19/2024,NY,ETRIP
PENNH2O,PENTHOUSE MARINE LTD,ELKIN,ILYA,N,ACTIVE,198757,,,05/22/2014,04/24/2025,NY,EDR
JBTAUG,JONATHAN ARITA,ARITA,JONATHAN,N,ACTIVE,37135,A,,05/30/2014,12/11/2024,NY,EDR
GEORGEWEBBER,,WEBBER,GEORGE,N,ACTIVE,199178,,,06/10/2014,10/15/2014,NY,ETRIP
C169296MA,,LASORSA,VINCENT,N,ACTIVE,197901,J,,06/24/2014,02/29/2016,MA,ETRIP
D1245ABI,LUND'S FISHERIES INC,,,Y,ACTIVE,11783,,,,04/24/2025,NMFS-NER,EDR
MATTRICHARDS,NYSDEC,RICHARDS,MATT,N,INACTIVE,158131,,,03/24/2011,03/01/2012,NY,SMS
MJJMELITO091955,,MELITO,MARIO,,ACTIVE,36618,J,,10/27/2010,,RI,EREC
SZCZOTKA,,SZCZOTKA,THEODORE,N,ACTIVE,140736,S,,04/24/2012,04/08/2025,NY,ETRIP
WHATTACATCH,WHATTA CATCH SPORTFISHING INC,,,N,ACTIVE,184975,,,12/20/2012,04/17/2025,NY,EDR
BOOYAH,,HARNED,GEORGE,N,ACTIVE,63086,A,,02/21/2013,09/14/2023,NY,EDR
BROOKLYNGIRL,,HOLMES,KENNETH,N,ACTIVE,36701,A,,04/03/2014,12/01/2024,NY,ETRIP
MBRUNBAUER,NYSDEC,BRUNBAUER,MORGAN,N,INACTIVE,196218,,,03/14/2014,03/17/2014,NY,EDR-DE
MBRUNBAUER,NYSDEC,BRUNBAUER,MORGAN,N,INACTIVE,196218,,,03/14/2014,03/17/2014,NY,ETRIP-DE
DGRIGONIS,,GRIGONIS,DAVID,N,ACTIVE,6346,M,,04/05/2013,06/10/2023,MD,ETRIP
MYMARION,,MILLNER,CHARLES,N,ACTIVE,37394,J,,10/04/2012,10/28/2012,NY,ETRIP
ME47270,LOST BOYZ FISHERIES LLC,DANIELS,DAVID,N,ACTIVE,11804,,,11/27/2006,12/18/2007,ME,EDR
D1356TVH,LOCKWOOD & WINANT INC,LOCKWOOD,,Y,ACTIVE,11957,,,,04/18/2025,NMFS-NER,EDR
D3114HFL,MONTAUK FISH DOCK INC,,,N,ACTIVE,45089,,,,,NMFS-NER,EDR
D3971ZZK,JOSEPH FISHERIES CORP,DECKER,MICHAEL,N,ACTIVE,39913,J,,04/29/2010,12/26/2016,NMFS-NER,EDR
BUCKTAIL85,NYSDEC,UHLICH,ADAM,N,INACTIVE,177036,,,01/20/2012,08/20/2013,NY,ETRIP-DE
KANDB,K & B SEAFOOD INC,,,N,INACTIVE,76620,,,07/29/2014,09/22/2014,NY,EDR
RRUSSELL,,RUSSELL,ROBERT,N,ACTIVE,11006,F,,06/10/2010,05/15/2016,CT,EDR
THERLIHY031956,,HERLIHY,THOMAS,N,ACTIVE,36880,P,,10/26/2010,03/28/2022,RI,EREC
D4065FVU,PRIORITY FISHING CHARTERS INC,,,N,ACTIVE,165534,,,06/07/2011,02/13/2025,NMFS-NER,EDR
HASKELLP,,HASKELL,PETER,N,ACTIVE,98967,,,08/05/2014,03/27/2025,NY,ETRIP
BUG149,,EDWARDS,CHRISTOPHER,,ACTIVE,37440,I,,09/14/2011,01/03/2025,NY,ETRIP
JASONRHODES,,RHODES,JASON,N,ACTIVE,39918,T,,04/20/2009,11/22/2015,NJ,ETRIP
JENNSAREC,NYSDEC,SAREC,JENNIFER,N,INACTIVE,180381,,,06/01/2012,12/01/2014,NY,ETRIP-DE
RIPTIDE3,RIPTIDE III INC,,,N,ACTIVE,40344,,,02/07/2014,01/11/2025,NY,EDR
D433566T,ANNA MARY FISHERIES INC,ALDRIDGE,JOHN,N,ACTIVE,38557,J,III,06/11/2015,01/09/2025,NMFS-NER,EDR
JAMES4494,,SCHNEIDER,JAMES,N,ACTIVE,39997,J,,08/20/2015,03/07/2025,NY,ETRIP
MHAAG,,HAAG,MATTHEW,N,ACTIVE,195058,A,,03/10/2015,,NY,ETRIP
BENCK4 963,,ENCK,BRIGHAM,,ACTIVE,38965,P,,06/20/2015,,NY,EREC
SOUNDBOUND,SOUND BOUND INC,,,N,ACTIVE,207492,,,12/21/2017,04/17/2025,NY,ETRIP
PURAVIDAFISH,SPRINGVILLE FISHERIES INC,,,N,ACTIVE,40363,,,01/03/2018,,NY,ETRIP
DOUBLEDMTK,,GIUNTA,DANIEL,N,ACTIVE,63000,,,09/21/2017,12/15/2024,NY,ETRIP
MIDDLEBANK2,,GRIFFITH,LAUREN,N,ACTIVE,197783,,,06/09/2015,,NY,ETRIP
ONEMOREDRIFT,ONE MORE DRIFT CHARTERS CORP,,,N,ACTIVE,219298,,,11/17/2017,03/02/2018,NY,ETRIP
PILOTHOUSE,,FOLLETT,HOWARD,N,ACTIVE,554,,,07/27/2017,12/29/2024,RI,ETRIP
TD,DBA THE TOWN DOCK,,NGC INC,Y,ACTIVE,1511,,,11/20/2017,11/20/2017,RI,EDR
SRAMSANIE031961,N/A,RAMSANIE,SATNARINE,N,ACTIVE,218561,,,09/21/2017,01/30/2023,NY,EREC
KH_ACCSP,ACCSP,STAFF,ACCSP,N,ACTIVE,17,TEST,,01/14/2015,10/19/2021,MA,EREC
JPECORA08,,PECORA,JOHN,N,ACTIVE,215444,J,II,03/21/2017,03/21/2025,NY,ETRIP
KINGFISHNY,,KING,CHRISTOPHER,,ACTIVE,207576,H,,03/03/2016,03/03/2016,NY,EREC
TIMEBANDIT21,,DUNCAN,JAMES,N,ACTIVE,204057,E,JR,01/06/2016,12/06/2017,NY,ETRIP
D4381CPN,A & C SEAFOOD INTERNATIONAL GROUP CORP,O MING CHEN,,N,ACTIVE,200206,,,05/13/2016,12/02/2024,NMFS-NER,EDR
MFGREY,NYSDEC,GREY,MARYANNE,N,INACTIVE,205719,,,07/10/2015,05/25/2018,NY,EDR-DE
MFGREY,NYSDEC,GREY,MARYANNE,N,INACTIVE,205719,,,07/10/2015,05/25/2018,NY,SMS
ISLAND,LOST BOYZ FISHERIES LLC,DANIELS,DAVID,N,ACTIVE,11804,,,08/21/2015,08/21/2015,NMFS-NER,EDR
D4420FAQ,NICK PAPAJOHN,PAPAJOHN,NICHOLAS,N,ACTIVE,215818,A,,04/04/2017,04/23/2025,NMFS-NER,EDR
D4420FAQ,NICK PAPAJOHN,PAPAJOHN,NICHOLAS,N,ACTIVE,215818,A,,04/04/2017,04/23/2025,NMFS-NER,ETRIP
ETZEL,,ETZEL,RICHARD,N,ACTIVE,37574,,,04/25/2017,11/15/2024,NY,EREC
ETZEL,,ETZEL,RICHARD,N,ACTIVE,37574,,,04/25/2017,11/15/2024,NY,ETRIP
CARLIEA,RJS MARINE SERVICES INC,,,N,ACTIVE,40361,,,12/21/2015,03/04/2025,NY,ETRIP
MISSMONTAUK,MQ FISHERIES INC,,,N,ACTIVE,198245,,,12/08/2017,,NY,ETRIP
PSEAQUIST041977,,SEAQUIST,PETER,N,ACTIVE,63441,S,,04/18/2016,11/02/2016,NY,EREC
C173159MA,,FRAWLEY,BRIAN,N,ACTIVE,40098,J, ,09/02/2016,,MA,ETRIP
AESCHIMI,NYSDEC,SCHIMIZZI,ANGELA,N,INACTIVE,206377,,,09/23/2015,07/12/2018,NY,SMS
FLOCURTO,,LOCURTO,FRANK,N,ACTIVE,206418,C,,10/13/2015,12/13/2015,NY,ETRIP
PADDYWAGONJR,,FINLEY,PATRICK,N,ACTIVE,204646,JOSEPH ,,04/13/2015,02/20/2017,NY,ETRIP
HKONELL,ACCSP - DATA TEAM,ACCSP,DATA TEAM,Y,ACTIVE,189577,,,04/20/2017,04/04/2025,ME,SMS
HKONELL,ACCSP - DATA TEAM,ACCSP,DATA TEAM,Y,ACTIVE,189577,,,04/20/2017,04/04/2025,ME,EDR-DE
HKONELL,ACCSP - DATA TEAM,ACCSP,DATA TEAM,N,ACTIVE,189577,,,04/20/2017,04/04/2025,ME,EDO
MARVINARMSTRONG,,ARMSTRONG,MARVIN,N,ACTIVE,37285,G,,05/11/2017,10/17/2018,NJ,ETRIP
KH,ACCSP,STAFF,ACCSP,N,ACTIVE,17,TEST,,07/15/2017,,RI,ETRIP
KH,ACCSP,STAFF,ACCSP,N,ACTIVE,17,TEST,,07/15/2017,,RI,EONE
KH,ACCSP,STAFF,ACCSP,N,ACTIVE,17,TEST,,07/15/2017,,RI,EDR
KH,ACCSP,STAFF,ACCSP,,ACTIVE,17,TEST,,07/15/2017,,RI,SMSTEST
CWEIMAR,,WEIMAR,CHARLES,N,ACTIVE,40023,,JR,01/08/2016,01/20/2016,RI,ETRIP
GEORGE3420,,LAOUTARIS,GEORGE,N,ACTIVE,207350,A,,03/10/2017,01/02/2025,NY,ETRIP
CAPTAINRICH,,JUZWA,RICHARD,N,ACTIVE,197900,,,06/05/2017,06/16/2017,NY,ETRIP
MBERGER,,BERGER,MARC,N,ACTIVE,198318,G,,05/06/2016,11/19/2024,CT,ETRIP
D4646SRW,TOPHOOK,WITTHUHN,STEVEN,N,ACTIVE,36769,R,,04/09/2020,05/19/2021,NMFS-NER,ETRIP
PATRICKSTAR,PECONIC WATER SPORTS LLC,,,N,ACTIVE,230459,,,07/16/2019,04/18/2025,NY,ETRIP
DBINDER,,BINDER,DARRIN,N,ACTIVE,230713,,,07/25/2019,03/27/2025,NY,ETRIP
JOHNNEMETH,,NEMETH,JOHN,N,ACTIVE,231019,M,,08/09/2019,04/11/2025,NJ,ETRIP
EMARTINO,ACCSP DEVELOPER,Martino,Ed,N,ACTIVE,555555,,,04/01/2019,04/21/2025,ME,ETRIP-REV
KARENANN,,CALABRO,VINCENT,N,ACTIVE,36620,,,04/02/2019,04/09/2025,NY,EDR
JSTRAL,,STRAL,JOHN,N,ACTIVE,98896,P,,11/22/2019,12/28/2024,NY,ETRIP
RALPHNOYES,,NOYES,RALPH,N,ACTIVE,37528,B,,12/20/2019,03/15/2023,RI,ETRIP
D4697RLA,,AARONSON,ROBERT,N,ACTIVE,36832,,,04/29/2020,02/25/2025,NMFS-NER,EDR
SEASAW,SEA SAW ENTERPRISES INC,,,N,ACTIVE,105530,,,07/24/2019,11/13/2024,NY,EDR
SEASAW,SEA SAW ENTERPRISES INC,,,N,ACTIVE,105530,,,07/24/2019,11/13/2024,NY,ETRIP
DDELLEDONNE,,DELLEDONNE,DEAN,N,ACTIVE,38831,,,11/22/2019,02/28/2025,NY,ETRIP
LARRY718,,SEAMAN,LAWRENCE,N,ACTIVE,34956,E,III,01/06/2020,,NY,ETRIP
D4588SWP,PETER W SPONG,SPONG,PETER,N,ACTIVE,37039,W,,01/10/2020,04/12/2025,NMFS-NER,EDR
RBOURGUIGNON,,BOURGUIGNON,ROBERT,N,ACTIVE,37166,E,,12/30/2020,12/30/2020,NY,ETRIP
JAYJSP,,SALVATORE,JAMES,N,ACTIVE,220994,J,,05/15/2018,10/05/2023,NMFS-NER,ETRIP
TEST JM,TEST ACCOUNT,MA,MA,N,ACTIVE,228329,,,06/06/2019,03/21/2025,NMFS-NER,ETRIP
CJOBES,,JOBES,CRAIG,N,ACTIVE,214049,D,,05/19/2018,06/21/2024,NY,ETRIP
JMSTEVE,NYSDEC,STEVE,JESSICA,N,ACTIVE,224769,,,08/30/2018,10/10/2024,NY,EDR-DE
JMSTEVE,NYSDEC,STEVE,JESSICA,N,ACTIVE,224769,,,08/30/2018,10/10/2024,NY,EREC
JDEPASQUALE,,DEPASQUALE,JAMES,N,ACTIVE,222711,F,,12/16/2019,11/06/2024,NY,ETRIP
JSEMLEAR,,SEMLEAR,JON,N,ACTIVE,39441,,,09/18/2018,,NY,ETRIP
KWOLFE,,WOLFE,KENNETH,N,ACTIVE,37152,,,10/12/2018,02/13/2025,NY,ETRIP
KWOLFE,,WOLFE,KENNETH,N,ACTIVE,37152,,,10/12/2018,02/13/2025,NY,EDR
FK1,HARBOR LIGHT  SOFTWARE,KARP,FRANCINE,N,ACTIVE,202183,,,10/01/2019,,NMFS-NER,EDR
WGAFFGA,,GAFFGA,WILLIAM,N,ACTIVE,38955,H,III,11/20/2019,04/02/2025,NY,ETRIP
KIMFONG,KIM FONG MARKET INC,,,N,ACTIVE,259177,,,12/04/2019,12/07/2019,NY,EDR
D4688CMR,,MORICI,CHARLES,N,ACTIVE,36874,M,JR,04/24/2020,,NMFS-NER,EDR
SDIMEGLIO,,DIMEGLIO,SALVATORE,N,ACTIVE,41493,,,04/30/2020,02/13/2025,NY,ETRIP
BENJAMINS,,SAVERCOOL,BENJAMIN,N,ACTIVE,261286,,,05/04/2020,,NY,ETRIP
D4719KMA,NATHANIEL MILLER,MILLER,NATHANIEL,N,ACTIVE,39905,,,05/11/2020,04/15/2025,NMFS-NER,EDR
FRIEGE32,,RIEGE,FRITZ,N,ACTIVE,36882,W,,12/20/2020,12/20/2020,NY,ETRIP
ED,ACCSP DEVELOPER,MWAI,NICHOLAS,N,ACTIVE,192536,,,01/27/2021,11/02/2021,ACCSP,LOB
ED,ACCSP DEVELOPER,MWAI,NICHOLAS,N,ACTIVE,192536,,,01/27/2021,11/02/2021,ACCSP,EREC
FISHNORTHFORK,,MELNICK,MARK,N,ACTIVE,221462,H,,03/23/2018,03/04/2025,NY,ETRIP
MAGICSPORTFISHING,,KEENEY,DAVID,N,ACTIVE,37443,H,,04/30/2018,10/20/2024,NY,ETRIP
MALBINO,NYSDEC,SOCRATES,JULIA,N,INACTIVE,158130,,,08/20/2019,,NY,SMS
MHEGEMAN,NYSDEC,ALBINO HEGEMAN,MELISSA,N,ACTIVE,231197,,,08/20/2019,03/12/2025,NY,SMS
BENTHIC,BENTHIC HUNTRESS LLC,WILLIAMS,JONATHAN,Y,ACTIVE,63898,F,,05/13/2020,04/16/2025,RI,ETRIP
D4630VNA,FV NEW AGE,WINKLER,CHRISTOPHER,N,ACTIVE,37591,C,,04/06/2020,01/29/2021,NMFS-NER,EDR
D4630VNA,FV NEW AGE,WINKLER,CHRISTOPHER,N,ACTIVE,37591,C,,04/06/2020,01/29/2021,NMFS-NER,ETRIP
WYACKEL,,YACKEL,WALTER,N,ACTIVE,38489,S,JR,05/15/2020,01/13/2025,NY,ETRIP
DBARNATOWICZ,,BARNATOWICZ,DAX,N,ACTIVE,158932,E,,06/04/2020,01/11/2021,RI,EDR
RMROBERT13,,ROBERT,ROBERT,N,ACTIVE,211862,M, ,06/20/2020,07/03/2020,NMFS-SER,ETRIP
CLAMMYDAVISJUNIOR,,BELLUCCI,RONALD,N,ACTIVE,63150,,JR,05/18/2018,,NY,EDR
SCOON0103,SEAN L COONEY,COONEY,SEAN,N,ACTIVE,221979,L,,06/10/2020,10/29/2024,NY,ETRIP
CODFATHER,MICHAEL BARNETT,BARNETT,MICHAEL,N,ACTIVE,38174,J,,01/18/2018,04/21/2025,NY,ETRIP
SHARARI,,HARARI,SELIM,N,ACTIVE,37970,,,01/30/2019,04/22/2024,NY,ETRIP
ACECHARTERS,,SAMIA,JAMES,N,ACTIVE,228211,,,04/11/2019,04/11/2019,NY,ETRIP
TIMBOB1500,TIMOTHY J LLC,,,N,ACTIVE,271995,,,05/05/2021,11/06/2022,NY,ETRIP
EUGENE,,MANCUSO,EUGENE,N,ACTIVE,37048,,,05/08/2021,11/04/2021,NY,ETRIP
FCSEAFOOD,JACK FAYER/FC SEAFOOD,,,N,ACTIVE,270879,,,04/13/2021,12/08/2022,NY,EDR
BOUILLAI8,,COMAN,GEOFFREY,N,ACTIVE,39126,B,JR,04/19/2021,04/13/2025,NY,EDR
JMORAN,,MORAN,JOHN,N,ACTIVE,272595,J,,05/13/2021,,NY,ETRIP
PFEHILY,PATRICK J FEHILY LLC,FEHILY,PATRICK,Y,ACTIVE,181875,J,,06/09/2021,02/19/2025,NMFS-SER,ETRIP
JKATSAROS,,KATSAROS,JAMES,N,ACTIVE,38854,E,,05/03/2021,09/27/2021,NY,ETRIP
GLIZZA,,LIZZA,GLENN,N,ACTIVE,37379,M,,03/01/2021,08/05/2021,NY,ETRIP
FISHINGNE,,SCANLON,MARTIN,N,ACTIVE,56021,TIMOTHY,,11/30/2021,04/22/2025,NMFS-SER,ETRIP
WLFF,,LUGOWE,WILLIAM,N,ACTIVE,36745,,,01/30/2023,04/01/2024,NY,ETRIP
HOTPOTATOV,LUCKY STRIKER 70 LLC,POLLAK,ANDY,N,ACTIVE,294358,,,04/02/2024,02/11/2025,MA,ETRIP
H0CKEYPUCK,,CLARKE,ROBERT,N,ACTIVE,294718,H,,04/27/2023,04/07/2025,NY,ETRIP
D5083MJM,CONCHED OUT FISHERIES LLC,MADERIA,MATTHEW,N,ACTIVE,181095,J,,08/08/2023,04/07/2025,NMFS-NER,EDR
FIRSTCATCHCHARTERS,FIRST CATCH CHARTERS LLC,LUND,STEVEN,N,ACTIVE,300431,R,,12/13/2023,04/03/2025,NY,ETRIP
BERGMAN,,BERGLIN,SCOTT,N,ACTIVE,63171,,,05/09/2022,08/17/2024,NY,ETRIP
DXKAMINS,NYSDEC,KAMINSKI,DENISE,N,ACTIVE,293190,,,02/10/2023,04/23/2025,NY,EDR-DE
JAMESGRAVEL821,,GRAVEL,JAMES,N,ACTIVE,249759,D,SR,06/20/2024,01/09/2025,NY,ETRIP
JAMESGRAVELCO,,GRAVEL,JAMES,N,ACTIVE,306153,,,06/21/2024,,NY,ETRIP
CHRISTIANOAKLAND,,OAKLAND,CHRISTIAN,N,ACTIVE,305969,R,,07/01/2024,07/01/2024,MA,ETRIP
MOPIEKUN,ACCSP - DATA TEAM,ACCSP,DATA TEAM,Y,ACTIVE,189577,,,07/01/2024,01/03/2025,NMFS-NER,ETRIP-DE
EPAPA94,,PAPA,EMIL,N,ACTIVE,281704,P,JR,12/02/2021,07/01/2023,NY,ETRIP
SEAHAG2,,WRIGHT,RICHARD,N,ACTIVE,63414,W,,09/06/2024,09/06/2024,NY,ETRIP
D5027JGM,JESSE G MARTELLO,MARTELLO,JESSE,N,ACTIVE,165756,G,,02/16/2023,12/16/2024,NMFS-NER,EDR
HAMISHNCO,,LISTL,MARTIN,N,ACTIVE,38555,,,04/01/2024,,NY,ETRIP
HECTORC,NYSDEC,PRUDHOMME,HECTOR,N,ACTIVE,315159,C,,08/12/2024,10/02/2024,NY,EDR-DE
TYAGS,,YAGNISIS,TIMOTHY,N,ACTIVE,332948,G,,10/02/2024,02/12/2025,NY,ETRIP
CDJJSAV37,,SAVIANO,CHARLES,N,ACTIVE,198101,J,,10/16/2024,03/30/2025,NY,ETRIP
BRYCEPOYER,WAHOO ENTERPRISES INC,,,N,ACTIVE,331203,,,09/25/2024,02/18/2025,NY,ETRIP
TRAVISMCDONALD,,MCDONALD,TRAVIS,N,ACTIVE,284444,MICHAEL,,10/10/2024,04/22/2025,NY,ETRIP
LORAKFISHING,,KESSINGER,PETER,N,ACTIVE,39436,,,10/25/2024,04/23/2025,NY,ETRIP
CAPTWASSERMAN,,WASSERMAN,MICHAEL,N,ACTIVE,37181,B,,01/03/2025,,NY,ETRIP
SHAWNPOBINER,,POBINER,SHAWN,N,ACTIVE,315169,G,,12/18/2024,12/18/2024,NY,ETRIP
LEOCHEN,L W SEAFOOD INC,,,N,ACTIVE,269920,,,12/20/2024,,NY,EDR
REELSAVAGE,,SAVAGE,SCOTT,N,ACTIVE,41490,R,,11/22/2024,03/11/2025,NY,ETRIP
FOREVERTWOWORLDS,,BUTERA,PATRICK,N,ACTIVE,220586,C,,02/19/2025,04/23/2025,NY,ETRIP
RBFITZPATRICK,,FITZPATRICK,ROBERT,N,ACTIVE,39233,B,JR,03/07/2025,03/12/2025,NY,ETRIP
VIG686,,VIGGIANO,MICHAEL,N,ACTIVE,39879,J,,02/13/2025,02/13/2025,NY,ETRIP
DYLANLACKNER,,LACKNER,DYLAN,N,ACTIVE,281881,RICHARD ,,02/22/2025,02/22/2025,NMFS-NER,ETRIP
LSERIO,,SERIO,LOUIS,N,ACTIVE,405135,D,,03/18/2025,04/06/2025,NY,ETRIP
EWH,,HEINRICH,ERWIN,N,ACTIVE,198220,W,,03/17/2025,03/30/2025,NY,ETRIP
BESTONE,BESTONE SEAFOOD INC,,,N,ACTIVE,274092,,,04/07/2025,,RI,EDR
BCAMPBELL,,CAMPBELL,WILLIAM,N,ACTIVE,38038,B,,04/23/2025,04/23/2025,NY,ETRIP
ERIK,,LARSON,ERIK,N,ACTIVE,207420,L,,01/29/2025,04/03/2025,NY,ETRIP
CAPTRICHC,GO WITH THE FLO FISHING INC,,,N,ACTIVE,285144,,,06/02/2022,11/25/2024,NY,ETRIP
ROCK BOTTOM,D B FISH INC,,,N,ACTIVE,12274,,,10/10/2024,03/10/2025,NY,ETRIP
SEAFOODSANTA,,SCHULAM,MARK,N,ACTIVE,405111,F,,03/17/2025,03/17/2025,NY,EDR
PAULIEBIGFISH@YAHOO.COM,,GIANGRECO,PAUL,N,ACTIVE,198277,,JR,12/26/2022,01/05/2025,NMFS-NER,ETRIP
PURSUITOFBASS,,HARTMANN,RICHARD,N,ACTIVE,198457,P,,03/10/2025,,NY,ETRIP
TOMMYEARL,,ECKARDT,THOMAS,N,ACTIVE,38043,E,,12/13/2024,12/21/2024,NY,ETRIP
DSCHULTZ0212,,SCHULTZ,DANIEL,N,ACTIVE,295664,R,,06/01/2023,06/22/2024,NY,ETRIP
HAIRMAN2,,PIAZZA,NICHOLAS,N,ACTIVE,281493,F,,11/07/2024,12/15/2024,NY,ETRIP
DOCKTODISH11954,DOCK TO DISH LLC,BOYLE,KEVIN,N,ACTIVE,300471,C,,02/10/2024,04/15/2025,NMFS-NER,EDR
FOODFISH631,,GULINO,JAMES,N,ACTIVE,188576,P,,11/15/2022,11/16/2022,NY,ETRIP
CAPTJOE19@OPTONLINE.NET,,PARADISO,JOSEPH,N,ACTIVE,198323,D,,03/23/2024,04/01/2025,NY,ETRIP
CAPTAINTODDG,,GRAHAM,TODD,N,ACTIVE,39813,N,,01/09/2023,01/09/2023,NY,ETRIP
CANYONBOUND,,ZOCCOLILLO,CARMINE,N,ACTIVE,291275,,,06/01/2023,02/28/2025,NY,ETRIP
BBENNETT,,BENNETT,BRENTFORD,N,ACTIVE,37014,R,,07/21/2022,01/23/2025,NY,ETRIP
RACK,,MARTIN,TRACY,N,ACTIVE,285399,,,06/09/2022,05/09/2023,NY,ETRIP
MMAHAR,,MAHAR,MARTIN,N,ACTIVE,281421,R,,10/29/2021,,NY,ETRIP
DCH1851,,MILLER,DANIEL,N,ACTIVE,40207,A,,04/19/2023,11/19/2024,NY,ETRIP
KRISTOSKATSABANIS,,KATSABANIS,KRISTOS,N,ACTIVE,283358,,,09/26/2022,,NY,ETRIP
HWEINBLATT,,WEINBLATT,HARRY,N,ACTIVE,36930,F,,06/02/2022,,NY,ETRIP
RGULIA,,GULIA,RICHARD,N,ACTIVE,290398,,,09/06/2022,11/18/2024,NY,ETRIP
SNEGER,,NEGERSMITH,STEPHEN,N,ACTIVE,293351,,,02/16/2023,08/29/2023,NY,ETRIP
FISHTHEFORK,FISHTHEFORK,,,N,ACTIVE,292058,,,01/03/2023,03/06/2025,NY,ETRIP
WAYNEGAUGER,,GAUGER,WAYNE,N,ACTIVE,296543,,,07/05/2023,01/03/2025,NY,ETRIP
JAMESBARKER,,BARKER,JAMES,N,ACTIVE,227589,K,,10/25/2024,,NY,ETRIP
CAPTDAVEPEROS,CAPT DAVE PEROS GUIDE SERVICES LLC,,,N,ACTIVE,283010,,,02/11/2022,02/21/2022,NY,ETRIP
RCORNELL,,CORNELL,RICHARD,N,ACTIVE,283450,P,,03/14/2022,04/18/2025,NY,ETRIP
NOAHNKRETSCHMER,,KRETSCHMER,NOAH,N,ACTIVE,293254,,,02/15/2023,02/18/2025,NY,ETRIP
RAYCURTIN763,,CURTIN,RAYMOND,N,ACTIVE,203900,J,,08/24/2021,12/13/2024,NY,ETRIP
CHUOTRADING,CHUO TRADING CORP,,,N,ACTIVE,285978,,,06/27/2022,02/26/2024,NY,EDR
LUISABS79,,BUSTOS,LUIS,N,ACTIVE,405134,A,,04/03/2025,04/22/2025,NY,ETRIP
GKNOT9,,COLESANTI,KYLE,N,ACTIVE,293973,D,,03/22/2023,04/03/2025,NY,ETRIP
AALEFEBV,NYSDEC,LEFEBVRE,ALYSSA,N,ACTIVE,283721,,,04/04/2022,04/22/2025,NY,ETRIP-DE
TRADITION,,WILLIAMS,AARON,N,ACTIVE,1910,D,,12/01/2023,,RI,ETRIP
PELICANISLAND,,MILLER,JAMES,N,ACTIVE,306134,L,,06/18/2024,,NY,ETRIP
JTUTHILL,,TUTHILL,JOHN,N,ACTIVE,39078,H,,11/26/2024,02/04/2025,NY,ETRIP
D5043IES,PENTHOUSE MARINE LTD,ELKIN,ILYA,N,ACTIVE,198757,,,04/26/2023,04/29/2023,NMFS-NER,EDR
FREDDY299,,FREDERICK,MAVIST,N,ACTIVE,280488,R,,03/08/2022,,NY,ETRIP
HUNTERFISHINGNYC,J&M NY MAINTENANCE CORP,,,N,ACTIVE,299724,,,10/02/2023,12/22/2024,NY,ETRIP
MTENNIS9,,TENNIS,MICHAEL,N,ACTIVE,38206,J,,03/28/2025,03/28/2025,NY,ETRIP
WILLSEN,,WILLSEN,JAMES,N,ACTIVE,221135,A,,03/27/2024,12/16/2024,NMFS-SER,ETRIP
APETERSON,,PETERSON,AMANDA,N,ACTIVE,284549,M,,05/12/2022,03/06/2025,NY,ETRIP
D1700UVF,PERRY B DURYEA & SON INC,,,N,ACTIVE,11831,,,,04/19/2025,NMFS-NER,EDR
MROMANOSKI,CCE,,,N,ACTIVE,11735,,,06/11/2007,10/19/2010,NY,SMS
KHOLMES,ACCSP,STAFF,ACCSP,N,ACTIVE,17,TEST,,,12/29/2022,RI,LOB
D2881WJR,CBSD INC,,,N,ACTIVE,12008,,,,04/03/2025,NMFS-NER,EDR
WBURAK,CCE,,,N,ACTIVE,11735,,,07/10/2007,09/18/2007,NY,ETRIP-DE
D3025QAZ,WONG TRADING INC,,,N,ACTIVE,12020,,,,11/12/2020,NMFS-NER,EDR
D1459FZT,LOST BOYZ FISHERIES LLC,DANIELS,DAVID,N,ACTIVE,11804,,,,04/21/2025,NH,EDR
ROBERTVERPENT,,VERPENT,ROBERT,Y,ACTIVE,62310,J,,01/06/2014,01/07/2014,NJ,ETRIP
RBRITT,NYSDEC,BRITT,RACHEL,N,INACTIVE,128949,,,09/29/2009,06/17/2013,NY,ETRIP-DE
D2005VPU,LITTLE BAY LOBSTER LLC,,,Y,ACTIVE,12292,,,11/10/2009,01/17/2014,NMFS-NER,EDR
AQUABEST,AQUA BEST INC,,,,ACTIVE,76687,,,04/07/2010,06/22/2016,RI,EDR
D4160FCQ,RUDOLPH BONICELLI,BONICELLI,RUDOLF,N,ACTIVE,184402,J,,11/07/2012,01/17/2014,NMFS-NER,EDR
LOCASCIOA,SOUND STRATEGIES INC,,,N,ACTIVE,189117,,,05/24/2013,06/12/2017,NY,ETRIP
WETDOGII,COASTAL SOLUTIONS INC,,,,ACTIVE,179465,,,05/07/2012,04/14/2025,NY,ETRIP
BAFISHING,M & A  FISH INC,BELISARIO,ANTHONY,N,ACTIVE,157275,,,12/11/2012,03/22/2013,NY,ETRIP
CAPTRICH,,TENREIRO,RICHARD,N,ACTIVE,63331,,,06/06/2013,04/22/2025,NY,EDR
ME208555,KYOTO LIVE FISH CORP,,,N,ACTIVE,63541,,,04/11/2013,,ME,EDR
SCHULA218,NYSDEC,SCHULLER,ZACHARY,N,ACTIVE,132297,,,01/26/2010,03/17/2025,NY,EREC
REMAIER021945,ROBERT MAIER FISHERIES,MAIER,ROBERT,,ACTIVE,37636,E,,10/12/2010,,RI,EREC
FBRADDICK1035,,BRADDICK,FRANK,N,ACTIVE,143294,J,,10/13/2010,11/26/2024,RI,ETRIP
JLIZZA121970,,LIZZA,JOEL,N,ACTIVE,36705,D,,10/18/2010,11/22/2010,RI,ETRIP
DHARTMANN,,HARTMANN,DAVID,N,ACTIVE,187717,J,JR,07/24/2013,,NY,EDR
MASTICSEAFOOD,J & A MASTIC SEAFOOD INC,,,,ACTIVE,76575,,,02/16/2012,04/10/2025,NY,EDR
BMASTAGLIO,,MASTAGLIO,BRIAN,N,ACTIVE,36783,J,,07/16/2013,02/27/2025,NY,EDR
MONKNETTER,MARK A DECABIA,DECABIA,MARK,N,ACTIVE,164277,A,,02/15/2013,04/10/2025,NY,ETRIP
MSC,MONTAUK SHELLFISH COMPANY INC,,,N,ACTIVE,187710,,,05/29/2013,12/22/2015,NY,EDR
REGMAR,REGAL MARINE PRODUCTS INC,,,N,ACTIVE,76665,,,05/14/2013,03/27/2024,NY,EDR
SJWHELEN,NYSDEC,WHELEN,SARAH,N,INACTIVE,192016,,,08/01/2013,08/26/2014,NY,EREC
PENNY,PE & DD SEAFOOD INC,,,N,ACTIVE,105502,,,04/12/2013,03/23/2025,NY,EDR
MSAIO031960,,SAIO,MICHAEL,N,ACTIVE,36757,N,,11/19/2013,,NY,EREC
JHULL,,HULL,JAMES,,ACTIVE,36673,,,03/02/2010,03/02/2010,NY,ETRIP
JDEFILIPPI,ACCSP - DATA TEAM,ACCSP,DATA TEAM,Y,ACTIVE,189577,,,06/07/2013,04/20/2017,CT,EDR-DE
MAGURO1,MAGURO-KAMI INC,,,,ACTIVE,153014,,,08/03/2010,02/20/2013,NY,EDR
SSSEAFOOD,SOUTH STREET SEAFOOD CORP,,,N,ACTIVE,76681,,,07/24/2013,,NY,EDR
MCOMBS,,COMBS,MICHAEL,N,ACTIVE,39877,,,07/17/2013,04/04/2019,NY,ETRIP
MICYUKI,,MIRANDO,MICHAEL,N,ACTIVE,38633,,,05/13/2013,05/13/2013,NY,ETRIP
SARGE,,JOHNSON,GARY,N,ACTIVE,38766,J,,05/07/2013,,NY,ETRIP
NPHILLIPS,NATHANIEL DYLAN PHILLIPS,PHILLIPS,NATHANIEL,N,ACTIVE,63015,DYLAN,,07/18/2013,04/01/2025,NY,ETRIP
JMANDOLFO,,MANDOLFO,JOHN,N,ACTIVE,176678,,,07/17/2013,05/29/2018,NY,EDR
JMANDOLFO,,MANDOLFO,JOHN,N,ACTIVE,176678,,,07/17/2013,05/29/2018,NY,ETRIP
KANDBSEA,K & B SEAFOOD INC,,,N,INACTIVE,76620,,,07/17/2013,,NY,EDR
DSCHICK,,SCHICK,DUSTIN,N,ACTIVE,191693,,,07/24/2013,,NY,EDR
BIELENDAD,,BIELENDA,DARCI,N,INACTIVE,195992,,,03/07/2014,03/26/2014,NY,ETRIP-DE
RCOSENZA061971,,COSENZA,RICHARD,N,ACTIVE,63065,,,05/24/2013,05/24/2013,NY,EREC
CAS1722,FOOD & FISH INC,,,N,ACTIVE,11945,,,09/03/2010,09/03/2010,NY,ETRIP
D3584LFD,SOUTH BAY SEAFOOD,GERLIPP,MICHAEL,N,ACTIVE,184075,,,10/16/2012,04/19/2025,NMFS-NER,EDR
JHAVELIN,CCE,HAVELIN,JASON,N,ACTIVE,192937,,,09/10/2013,04/08/2015,NY,EDR-DE
JMYERS,ACCSP - DATA TEAM,ACCSP,DATA TEAM,N,ACTIVE,189577,,,04/17/2014,04/15/2025,NMFS-NER,EREC
JMYERS,ACCSP - DATA TEAM,ACCSP,DATA TEAM,N,ACTIVE,189577,,,04/17/2014,04/15/2025,NMFS-NER,VMS
DGLADSTONE081956,,GLADSTONE,DANIEL,N,ACTIVE,38839,J,,07/01/2014,11/12/2024,NY,ETRIP
BUDELSON,CCE,UDELSON,BARRY,N,ACTIVE,190796,,,07/09/2013,07/11/2013,NY,ETRIP-DE
SEARAMBLER,,KEENE,BRADLEY,N,ACTIVE,37234,R,JR,04/01/2014,03/19/2025,NY,ETRIP
OSPREY,,PETERSON,JAMES,N,ACTIVE,198301,M,,05/13/2014,08/26/2024,NY,ETRIP
COASTALFIBERGLASS,,DEPERTE,MICHAEL,N,ACTIVE,40015,J,,08/09/2013,10/21/2024,NY,EDR
MAZMAN,,MUSTARI,JOSEPH,N,ACTIVE,196815,,,04/03/2014,03/27/2025,NY,ETRIP
SEAQUEEN,SEA QUEEN FISHING INC,VENTURA,STEVEN,N,ACTIVE,197917,,,05/02/2014,04/16/2023,NY,ETRIP
ECOVINO031949,,COVINO,ENRICO (ERIC),,ACTIVE,144214,,,11/22/2010,11/24/2010,RI,EREC
SAFIS,ACCSP DEVELOPER,MWAI,NICHOLAS,N,ACTIVE,192536,,,08/21/2013,09/16/2021,ME,ETRIP-DE
SAFIS,ACCSP DEVELOPER,MWAI,NICHOLAS,Y,ACTIVE,192536,,,08/21/2013,09/16/2021,ME,EDR-DE
HONG LUNG SEAFOOD,HONG LUNG SEAFOOD CO.,DO,CAMILLE,N,ACTIVE,198479,,,05/15/2014,04/03/2025,RI,EDR
MWOODS071937,,WOODS,MARY,N,ACTIVE,37714,,,09/09/2014,11/28/2014,NY,EREC
DISOLANO,UGLY FISH TRADING LLC,,,N,ACTIVE,200225,,,09/11/2014,09/11/2014,NY,EDR
PSCATENA,P/S CATENA,,,N,ACTIVE,76501,,,07/24/2013,,NY,EDR
MIKE618,,LOCURTO,MICHAEL,N,ACTIVE,202677,W,,10/14/2014,12/12/2015,NY,ETRIP
BLUEFIN821,,SOLIMAN,AHMED,N,ACTIVE,212391,,,05/08/2014,03/18/2025,NY,ETRIP
PENNH2O,PENTHOUSE MARINE LTD,ELKIN,ILYA,N,ACTIVE,198757,,,05/22/2014,04/24/2025,NY,ETRIP
CHOFFMAN,NYSDEC,HOFFMAN,CAROL,N,INACTIVE,158129,,,03/24/2011,12/30/2016,NY,ETRIP-DE
JBSOCRATES,NYSDEC,SOCRATES,JULIA,N,INACTIVE,158130,,,03/24/2011,05/02/2022,NY,EREC
MATTRICHARDS,NYSDEC,RICHARDS,MATT,N,INACTIVE,158131,,,03/24/2011,03/01/2012,NY,EDR-DE
D3034DNM,TCI FISHERIES INC,,,N,ACTIVE,12068,,,,04/10/2025,NMFS-NER,EDR
CASWARD,,WARD,CASEY,,ACTIVE,27359,F,,08/10/2012,,NY,EDR
VTSEAFOOD,,VAN,ROBERT,,ACTIVE,176234,,TA,11/29/2011,11/29/2011,NY,EDR
SNOOKMAN,,GROSSELFINGER,GEORGE,,ACTIVE,36669,,,07/06/2012,10/02/2013,NY,ETRIP
D1793JXX,GLOUCESTER FISH COMPANY,,,N,ACTIVE,11946,,,,10/05/2009,NMFS-NER,EDR
EMPORIUM,SEAFOOD EMPORIUM FISH MKT INC,,,N,ACTIVE,76577,,,07/24/2013,,NY,EDR
MIKERUSSO,,RUSSO,MICHAEL,,ACTIVE,180778,J,,06/14/2012,,NY,ETRIP
D3789VWP,,WARD,CASEY,N,ACTIVE,27359,F,,03/27/2008,09/21/2009,NMFS-NER,ETRIP
D3793CGA,EXCELSIOR FISH CORP,,,N,ACTIVE,100138,,,03/27/2008,04/19/2025,NMFS-NER,EDR
SLOAN1602,BLACK ROCK FISHING FLEET LLC,,,N,ACTIVE,196906,,,04/08/2014,11/16/2024,NY,ETRIP
D4065FVU,PRIORITY FISHING CHARTERS INC,,,N,ACTIVE,165534,,,06/07/2011,02/13/2025,NMFS-NER,ETRIP
OUTKAST,OUTKAST SPORTFISHING LLC,,,N,ACTIVE,190478,,,07/01/2013,01/07/2014,NY,ETRIP
RONORATO011953,,ONORATO,RONALD,,ACTIVE,32936,A,,10/21/2010,10/21/2010,RI,EREC
D4282EEO,EAST END OUTDOOR LLC,BURGER,EUGENE,N,ACTIVE,166779,CHRISTOPHER,,08/12/2014,04/23/2025,NMFS-NER,ETRIP
BMASTAGLIO081966,,MASTAGLIO,BRIAN,N,ACTIVE,36783,J,,05/05/2013,05/05/2013,NY,EDR
D4084RCX,STEVE TUMMINIA,TUMMINIA,STEVE,,ACTIVE,39282,P,,08/16/2011,12/15/2024,NMFS-NER,ETRIP
SDEREVJ,CORNELL COOPERATIVE EXTENSION,DEREVJANIK,SARAH,N,INACTIVE,187936,,,04/26/2013,05/21/2013,NY,ETRIP-DE
CASEY119,,CASEY,BRENDAN,N,ACTIVE,38899,,,05/14/2013,04/21/2021,NY,ETRIP
SNJMILLY,,MILLER,JAMES,N,ACTIVE,36725,J,,05/03/2016,02/27/2025,NY,ETRIP
DEFIANCE1,,ROSENTHAL,SCOT,N,ACTIVE,215658,R,,03/24/2017,06/21/2018,NY,ETRIP
COLEARY,,O'LEARY,CHESTER,N,ACTIVE,188855,W,,07/15/2015,12/01/2015,NMFS-NER,ETRIP
BRYFRO1,,FROMM,BRYAN,N,ACTIVE,192876,L,,08/31/2017,02/03/2025,NY,ETRIP
JOELL,,LIZZA,JOEL,N,ACTIVE,36705,D,,01/08/2018,,RI,EREC
CCANTELMO,,CANTELMO,CRAIG,N,ACTIVE,218663,,,10/10/2017,04/17/2025,NY,ETRIP
KSCHMIEDER,,SCHMIEDER,KENNETH,N,ACTIVE,36995,L,,10/06/2017,03/30/2025,NMFS-NER,ETRIP
JGOULD,,GOULD,JEREMY,N,ACTIVE,187821,C,,11/16/2017,,NY,ETRIP
AARON,,WILLIAMS,AARON,N,ACTIVE,1910,D,,07/03/2017,05/13/2021,RI,ETRIP
DSCHROEDER0478,,SCHROEDER,DAVID,,ACTIVE,218745,,,10/11/2017,,NY,EREC
DOUGD1972,,DEAN,DOUGLAS,N,ACTIVE,207394,H,,12/22/2016,02/26/2025,NY,ETRIP
CAPTSHELLFISH,,HARRIS,SCOTT,N,ACTIVE,39167,L,,10/30/2017,10/31/2017,NY,ETRIP
VTRTEST,NYSDEC,LIMULUS,POLLY,N,ACTIVE,128950,,,07/06/2016,04/22/2025,NY,ETRIP
AHERR031967,,HERR,ANDREW,,ACTIVE,39077,G,,12/16/2017,02/09/2021,NY,EREC
SEAWIFE,SEA WIFE FISHERIES INC,,,N,ACTIVE,143455,,,12/20/2017,03/18/2025,NY,ETRIP
D4392JRJ,UBER TUNA LLC,MARY HARRISON,DENNIS GORE,N,ACTIVE,210140,,,06/29/2016,11/14/2019,NMFS-NER,EDR
LSTEINBERG,NYSDEC,STEINBERG,LAUREN,N,INACTIVE,210017,,,06/20/2016,03/30/2017,NY,ETRIP-DE
M_VOORHEES,,VOORHEES,MICHAEL,N,ACTIVE,205048,,,05/20/2015,05/23/2015,NY,ETRIP
MSHAW011973,,SHAW,MICHAEL,N,ACTIVE,63447,W,,11/21/2016,11/21/2016,NY,EREC
MSHAW011973,,SHAW,MICHAEL,N,ACTIVE,63447,W,,11/21/2016,11/21/2016,NY,ETRIP
C173245MA,FISH TANK INDUSTRIES LLC,PAPAJOHN,MICHAEL,N,ACTIVE,193744,D,,09/21/2016,10/05/2024,MA,ETRIP
GUNNER1,,BRANDOW,CHRISTOPHER,N,ACTIVE,207406,E,,01/12/2017,04/22/2025,NY,ETRIP
CAPTDAVE7,JPGP FISHING BOATS INC,,,N,ACTIVE,40365,,,11/12/2015,,NY,ETRIP
RABOZZI,NYSDEC,BOZZI,RHIANNA,N,INACTIVE,214357,,,11/09/2016,04/27/2022,NY,ETRIP-DE
WAGEMANN,CCE,CURATOLA-WAGEMANN,SCOTT,N,ACTIVE,214321,,,10/31/2016,04/12/2017,NY,ETRIP-DE
CAPTJAMIEHUMMEL,,HUMMEL,JAMES,N,ACTIVE,39819,W,JR,03/05/2015,04/15/2025,NY,ETRIP
SEABEE,,SOKOLOHORSKY,BORIS,N,ACTIVE,214172,W,,02/16/2017,05/23/2017,NY,ETRIP
REELASSASSIN,,LASALA,THOMAS,N,ACTIVE,194396,A,,11/13/2015,03/18/2025,NY,ETRIP
SOUTHBOUND,SOUTHBOUND CHARTERS,,,N,ACTIVE,40563,,,12/01/2015,11/29/2021,NY,ETRIP
JEF67,,FELTER,JOHN,N,ACTIVE,215233,,,03/10/2017,03/30/2025,NY,ETRIP
D4304PEP,BUCKHEAD BEEF CO,DBA TRINITY SEAFOOD,,N,ACTIVE,203838,,,01/21/2015,,NMFS-NER,EDR
D4646SRW,TOPHOOK,WITTHUHN,STEVEN,N,ACTIVE,36769,R,,04/09/2020,05/19/2021,NMFS-NER,EREC
LOWEDOWN41@YAHOO.COM,,LOWE,JASON,N,ACTIVE,207363,,,05/10/2020,10/01/2021,NY,ETRIP
PJR587,,RISI,PAUL,N,ACTIVE,37482,J,,08/06/2018,01/14/2025,NMFS-NER,ETRIP
MCMURDY.CLYDE,,MCMURDY,CLYDE,N,ACTIVE,225409,,,11/15/2018,01/02/2019,NY,ETRIP
JKROPP,,KROPP,JOHN,N,ACTIVE,259377,,,12/20/2019,12/31/2019,NY,ETRIP
BLOODLINE FISHERIES,BLOODLINE FISHERIES LLC,,,N,ACTIVE,231086,,,12/27/2020,01/17/2021,NY,EDR
MK5381,,KAMINSKI,MARK,N,ACTIVE,200686,J,,05/18/2020,02/08/2025,NY,ETRIP
DANSISCO,,SISCO,DANIEL,N,ACTIVE,206399,J,,12/10/2019,04/10/2020,NY,ETRIP
MCBARROW,NYSDEC,BARROW,MEGAN,N,INACTIVE,260163,,,02/11/2020,04/24/2025,NY,EREC
MCBARROW,NYSDEC,BARROW,MEGAN,N,ACTIVE,260163,,,02/11/2020,04/24/2025,NY,ETRIP-DE
ROCKET,ROCKET CHARTERS LLC,,,N,ACTIVE,265829,,,08/07/2020,02/07/2025,NY,ETRIP
FINESTTIDE,FINEST TIDE SHELLFISH LLC,,,N,ACTIVE,223570,,,06/28/2018,09/11/2018,NY,EDR
JCOONEY,,COONEY,JUSTIN,N,ACTIVE,199078,,,08/06/2018,11/16/2024,NY,ETRIP
TYLER,SIMPLE LIFE FISHERIES INC,,,N,ACTIVE,224922,,,09/13/2018,07/23/2019,NY,ETRIP
D4514GFW,GREENPOINT FISH WHOLESALE LLC,MILBURN,VINCENT,N,ACTIVE,219464,R,,07/17/2018,,NMFS-NER,EDR
GMCASTRO,NYSDEC,CASTRO,GABRIELLE,N,INACTIVE,227549,,,03/11/2019,08/31/2020,NY,ETRIP-DE
RMARTIN,,MARTIN,RANDY,N,ACTIVE,250388,D,,11/14/2019,12/17/2019,NY,ETRIP
MRINALDI,ACCSP - DATA TEAM,ACCSP,DATA TEAM,N,ACTIVE,189577,,,06/04/2018,01/26/2024,NMFS-NER,EONE-DE
MRINALDI,ACCSP - DATA TEAM,ACCSP,DATA TEAM,N,ACTIVE,189577,,,06/04/2018,01/26/2024,NMFS-NER,EREC
KJKELVAS,NYSDEC,KELVAS,KERRY,N,INACTIVE,228530,,,05/02/2019,06/01/2021,NY,SMS
RPILATICH,,PILATICH,ROBERT,N,ACTIVE,228598,,,05/07/2019,,NY,ETRIP
AMAGANSETTFISH,AMAGANSETT FISH LLC,,,N,ACTIVE,221902,,,04/17/2018,01/03/2020,NY,EDR
GMFANELL,NYSDEC,FANELLI,GINA,N,INACTIVE,220104,,,02/06/2018,10/09/2018,NY,ETRIP-DE
GMFANELL,NYSDEC,FANELLI,GINA,N,INACTIVE,220104,,,02/06/2018,10/09/2018,NY,EDR-DE
GMFANELL,NYSDEC,FANELLI,GINA,N,INACTIVE,220104,,,02/06/2018,10/09/2018,NY,SMS
MICHAELELLING,,ELLING,MICHAEL,N,ACTIVE,198398,H,,08/17/2018,07/01/2023,NY,ETRIP
FRIGATE,,CARRINGTON,FLOYD,N,ACTIVE,38442,,,03/21/2018,02/05/2025,NMFS-NER,ETRIP
GBOOM556,,GRIMES,GEORGE,N,ACTIVE,220600,,,03/01/2018,04/19/2018,NY,ETRIP
VIKINGSTAR,,FORSBERG,PAUL,N,ACTIVE,45669,G,,03/26/2018,03/26/2018,FL,ETRIP
RICHIE29,,SHAPIRO,RICHARD,N,ACTIVE,37450,,,11/20/2019,02/10/2025,NY,ETRIP
D4475DQS,OCEAN BOX CORP,SLAVIN,MITCHELL,N,ACTIVE,219890,,,01/24/2018,08/02/2018,NMFS-NER,EDR
CAPTJACKBALINT,,BALINT,JACK,N,ACTIVE,36781,,,01/28/2020,06/05/2023,RI,ETRIP
CAPTELSER,,ELSER,CHRIS,N,ACTIVE,261459,A,,05/12/2020,10/02/2024,NY,ETRIP
CAPTJ13,,PELLEGRINO,JOHN,N,ACTIVE,38916,F,,11/06/2020,,NY,ETRIP
CTSHELL104,KING LOBSTER,KING,DONALD,N,ACTIVE,11318,J,II,06/12/2018,,CT,EDR
BIGMONK,,RADE,BRIAN,N,ACTIVE,37679,J,,02/15/2021,04/24/2025,NMFS-NER,ETRIP
MBISRAEL,,ISRAEL,MARCEL,N,ACTIVE,212768,B,,07/10/2018,01/07/2025,NY,ETRIP
PELAGICBEAST,PELAGIC BEAST FISHING CHARTERS LLC,,,N,ACTIVE,228713,,,05/16/2019,01/06/2020,NY,ETRIP
RYLEELYNN,BAYVIEW CHARTERS INC,,,N,ACTIVE,222969,,,05/25/2018,09/18/2019,NY,ETRIP
RAY,,BURKE,RAPHAEL,N,ACTIVE,221111,,,05/21/2020,04/23/2025,NMFS-NER,ETRIP
D4736AOC,ROBERT ROBERT,,,N,ACTIVE,261747,,,05/22/2020,04/12/2025,NMFS-NER,ETRIP
JHADJSTYLIANOS,,HADJSTYLIANOS,JARED,N,ACTIVE,261785,C,,05/26/2020,11/24/2021,NY,ETRIP
FLUKEITLLC,FLUKE IT LLC,,,N,ACTIVE,263306,,,06/18/2020,,NY,EDR
KENNETHSCHULZE,,SCHULZE,KENNETH,N,ACTIVE,39159,J,,04/15/2018,08/27/2024,ACCSP,ETRIP
FESLOUP,,SLOUP,FRANK,N,ACTIVE,37289,E,,09/18/2018,10/12/2018,NY,ETRIP
WARDEN,WARDEN SPORTFISHING LLC,,,N,ACTIVE,249677,,,09/04/2019,04/11/2024,NY,ETRIP
KLESTER,,LESTER,KELLY,N,ACTIVE,39907,,,07/31/2020,09/14/2021,NY,EDR
BILLFISH,,PIGNATARO,ANGELO,N,ACTIVE,36646,,,05/21/2018,02/08/2025,NY,ETRIP
ROYMVIDA,,VIDA,ROY,N,ACTIVE,221898,M,,04/17/2018,04/17/2018,NY,ETRIP
D4862TEE,,ECKARDT,THOMAS,N,ACTIVE,38043,E,,01/21/2021,,NMFS-NER,ETRIP
MAMA,TEST ACCOUNT,MA,MA,N,ACTIVE,228329,,,04/13/2019,05/05/2021,MA,ETRIP
MONTAUKSTAR,,RYCKMAN,MARK,N,ACTIVE,220832,E,,05/04/2021,03/17/2025,NY,ETRIP
D4886SJJ,STEPHEN J JOHNSTON,JOHNSTON,STEPHEN,N,ACTIVE,205635,J,,05/08/2021,07/25/2021,NMFS-NER,EDR
SEATURTLEMTK,,WADE,CHARLES,N,ACTIVE,37115,A,,03/02/2021,10/17/2024,NY,ETRIP
BMURPHY,,MURPHY,BRYAN,N,ACTIVE,39261,,,03/09/2021,03/26/2021,NY,ETRIP
JSINNINGJR,,SINNING,JOHN,N,ACTIVE,221068,D,,06/17/2021,04/05/2025,NY,EDR
JKATSAROS,,KATSAROS,JAMES,N,ACTIVE,38854,E,,05/03/2021,09/27/2021,NY,EDR
CANNONBALL,CANNONBALL FISHING LLC,,,N,ACTIVE,271936,,,05/03/2021,04/02/2025,NY,ETRIP
ABBYLI,,ARDELEAN,MICHAEL,N,ACTIVE,270653,M,,06/04/2021,03/11/2025,NY,ETRIP
CAPTSKIPPY,CAPTAIN SKIPPY CHARTERS LLC,,,N,ACTIVE,276254,,,07/13/2021,01/09/2025,NY,ETRIP
FISHINADDICTS,FISHIN ADDICTS LLC,,,N,ACTIVE,271876,,,04/30/2021,04/17/2025,NY,ETRIP
ADURYEA,,DURYEA,AMY,N,ACTIVE,187828,L,,08/06/2021,,NY,ETRIP
ACONTE,,CONTE,ANTONIO,N,ACTIVE,200208,,,06/14/2021,06/14/2021,NY,ETRIP
LAWBOAT5,,LOMBARDI,PAUL,N,ACTIVE,38851,J,,05/18/2021,05/03/2024,NY,ETRIP
TWHIPPLE,,WHIPPLE,THEODORE,N,ACTIVE,11123,F,,11/18/2022,11/18/2022,NY,ETRIP
GREGORYDEMELLO,,DEMELLO,GREGORY,N,ACTIVE,269712,A,,04/03/2024,01/02/2025,NY,ETRIP
D5141HDM,HARDWOOD HDM HOLDINGS LLC,MARGARITIS,HENRY,N,ACTIVE,305405,,,05/09/2024,04/03/2025,NMFS-NER,EDR
TIPPINSCALES,,GALLAGHER,PATRICK,N,ACTIVE,224745,M,,04/04/2022,,NY,ETRIP
ADAMIORIO,,IORIO,ADAM,N,ACTIVE,291089,,,09/22/2022,04/09/2025,NY,EDR
D5066ESB,VALHALLA FISHERIES INC,CIRILLO,ENZO,N,ACTIVE,283722,M,,06/16/2023,04/23/2025,NMFS-NER,ETRIP
NMARCHETTI,,MARCHETTI,NICHOLAS,N,ACTIVE,187827,,,04/12/2022,,NY,ETRIP
KJMAJID,NYSDEC,MAJID,KYLE,N,ACTIVE,292670,,,01/23/2023,04/23/2025,NY,ETRIP-DE
MOPIEKUN,ACCSP - DATA TEAM,ACCSP,DATA TEAM,Y,ACTIVE,189577,,,07/01/2024,01/03/2025,NMFS-NER,SMS
D5100QYV,K & K SEAFOOD INC,,,N,ACTIVE,300045,,,10/25/2023,04/18/2025,NMFS-NER,EDR
JOEFINKE,,FINKE,JOSEPH,N,ACTIVE,11314,,,10/05/2021,10/05/2021,NY,ETRIP
MYMATE,,CASALE,ANDREW,N,ACTIVE,37439,,,08/07/2024,,NY,ETRIP
CHIPEDWARDS,,EDWARDS,ELMER,N,ACTIVE,63231,,IV,09/06/2024,11/21/2024,NY,EDR
JOEADAMS,,ADAMS,JOSEPH,N,ACTIVE,194276,D,,10/25/2024,04/22/2025,NY,ETRIP
SJONES,,JONES,SHAUN,N,ACTIVE,39736,R,,10/20/2021,04/23/2025,NY,ETRIP
LAKEVIEW26,,FISHER,THOMAS,N,ACTIVE,207446,,,10/03/2024,,NY,ETRIP
ROBERT_MULLEN,,MULLEN,ROBERT,N,ACTIVE,37306,P,,10/16/2024,10/30/2024,NY,ETRIP
LARRYP718,,PATRIN,VYACHESLAV,N,ACTIVE,315172,,,10/24/2024,,NY,ETRIP
D2244,,VALENTINE,DANIEL,N,ACTIVE,390088,,,12/30/2024,04/11/2025,NY,ETRIP
SEAFRESHNY,SEA FRESH NY LLC,,,N,ACTIVE,187711,,,01/06/2025,03/19/2025,NY,EDR
PFROITZ,,FROITZHEIM,PAUL,N,ACTIVE,293476,,,02/28/2023,04/22/2025,NY,ETRIP
RAINBOWCHARTERS,RAINBOW CHARTERS INC,ROCCHETTA,ROBERT,N,ACTIVE,198452,,,01/13/2025,03/09/2025,NY,ETRIP
FISHLEGASEA,LEGASEA,FRANK,ADAM,N,ACTIVE,305412,,,05/03/2024,10/01/2024,NY,ETRIP
EWARNER,,WARNER,EDWARD,N,ACTIVE,63374,J,JR,02/13/2025,02/13/2025,NY,ETRIP
D4979CRM,CHRISTOPHER R MILLER,MILLER,CHRISTOPHER,N,ACTIVE,37186,R,,06/23/2022,04/09/2025,NMFS-NER,EDR
CBWINDY1,,PASSIE,JOHN,N,ACTIVE,299925,H,,10/10/2023,03/18/2025,NY,ETRIP
JAMESJOSEPHFISHING,JAMES JOSEPH FISHING CORP,JOSEPH,JAMES,N,ACTIVE,405066,,,03/07/2025,04/23/2025,NY,ETRIP
SALTRAP,,TRAPANI,SALVATORE,N,ACTIVE,198223,,,03/12/2025,03/12/2025,NY,ETRIP
REELADDICTION,,BROWN,CHRISTOPHER,N,ACTIVE,284932,D,,05/27/2022,03/08/2025,NY,ETRIP
JAMESDUNCANNJ,,DUNCAN,JAMES,N,ACTIVE,305410,L,III,05/02/2024,,NY,ETRIP
GBERRYJR,,BERRY,GEORGE,N,ACTIVE,39318,J,JR,07/26/2022,12/07/2024,NY,ETRIP
BFROELICH,,FROELICH,BRANDON,N,ACTIVE,98901,L,,12/08/2024,,NMFS-NER,ETRIP
JRADIMER,,RADIMER,JARET,N,ACTIVE,216148,M,,11/25/2024,04/19/2025,NY,ETRIP
KAMMYB,,BALL,DONALD,N,ACTIVE,37540,D,,03/18/2025,04/18/2025,NY,ETRIP
VINNYDAMM,,DAMM,VINCENT,N,ACTIVE,38946,J,,03/25/2025,03/26/2025,NY,EDR
SOUNDBOUND1,,LORINO,BRENDAN,N,ACTIVE,194776,T,,12/02/2024,,RI,ETRIP
PETERGLAUDA,,LAUDA,PETER,N,ACTIVE,11349,G,,08/16/2023,04/21/2025,NY,ETRIP
KIRK,,KIRK,CASEY,N,ACTIVE,284184,,,04/27/2022,,NY,ETRIP
BGINDEL,,GINDEL,BRIAN,N,ACTIVE,282667,,,02/01/2022,07/21/2024,NY,ETRIP
TGV0462,,VANDEKIEFT,THOMAS,N,ACTIVE,209008,G,,04/14/2025,,NY,ETRIP
REDEMPTION99,HARTER MARINE INC,,,N,ACTIVE,40483,,,08/18/2023,04/07/2025,NY,ETRIP
PANCAKES1971,,PANZARINO,JOSEPH,N,ACTIVE,284400,J,,05/05/2022,09/11/2024,NY,ETRIP
WOLFPACKTACKLE,WOLF PACK TACKLE INC,WARFORD,JEFFREY,N,ACTIVE,299957,,,10/12/2023,10/11/2024,NY,ETRIP
KGRYAN,NYSDEC,RYAN,KEVIN,N,ACTIVE,301375,,,01/29/2024,04/18/2025,NY,EDR-DE
MIDNIGHTSUN,,JOST,GREGORY,N,ACTIVE,142636,A,,04/30/2024,04/30/2024,NMFS-SER,ETRIP
MIKKROM@AOL.COM,,KROM,MICHAEL,N,ACTIVE,283803,, ,04/22/2024,03/17/2025,NMFS-SER,ETRIP
PERSUASION,,PASSARETTI,JERRY,N,ACTIVE,295663,,,06/01/2023,05/13/2024,NY,ETRIP
DECKER1,JOSEPH FISHERIES CORP,DECKER,MICHAEL,N,ACTIVE,39913,J,,11/01/2024,03/31/2025,NY,EDR
EBALL,,BALL,EBEN,N,ACTIVE,37271,D,,05/19/2022,04/15/2025,NY,ETRIP
SALLYMARIA2,,CONSIGLIO,PETER,N,ACTIVE,11208,G,,12/13/2023,01/08/2025,NY,ETRIP
BLACKSUNSHINE,,HILLS,JASON,N,ACTIVE,39852,,,10/25/2024,,NY,ETRIP
D5109EGN,DOCK TO DISH LLC,BOYLE,KEVIN,N,ACTIVE,300471,C,,12/20/2023,,NMFS-NER,EDR
KATHYANN702,,ROWELL,JERALD,N,ACTIVE,39183,A,,05/10/2024,05/16/2024,NY,ETRIP
JLOCASCIO,,LOCASCIO,JOSEPH,N,ACTIVE,39697,,,05/12/2022,03/28/2025,NY,ETRIP
THEFISHERMAN120,,GORING,LEXANDER,N,ACTIVE,287113,,,07/18/2022,11/19/2024,NY,ETRIP
AMYSLBORSKI,,MYSLBORSKI,ANDREW,N,ACTIVE,36796,P,,05/01/2024,05/19/2024,NY,ETRIP
D4931DUM,FISHY BIZ LLC,MORGESE,GREG,N,ACTIVE,281395,,,10/25/2021,04/22/2025,NMFS-NER,EDR
ORIENTSTARV,ORIENT STAR CHARTERS INC,,,N,ACTIVE,279945,,,09/13/2021,12/21/2024,NY,ETRIP
DBC7310,,CORTES,DAVID,N,ACTIVE,284676,B,,05/17/2022,10/17/2024,NY,ETRIP
RCORNELL,,CORNELL,RICHARD,N,ACTIVE,283450,P,,03/14/2022,04/18/2025,NY,EDR
ANDREATESE,NEW HORIZON FISHPACKING LLC,TESE,ANDREA,N,ACTIVE,304787,,,03/15/2024,12/06/2024,NY,ETRIP
ANDREATESE,NEW HORIZON FISHPACKING LLC,TESE,ANDREA,N,ACTIVE,304787,,,03/15/2024,12/06/2024,NY,EDR
JRGIBSON,,GIBSON,JAMES,N,ACTIVE,210542,R,,04/17/2024,12/06/2024,NMFS-NER,ETRIP
KIRCHDAD,SHUT UP & FISH LI LLC,,,N,ACTIVE,386220,,,12/20/2024,03/09/2025,NY,ETRIP
JNEMETH,,NEMETH,JOHN,N,ACTIVE,231019,M,,03/04/2022,06/16/2022,NY,ETRIP
JNEMETH,,NEMETH,JOHN,N,ACTIVE,231019,M,,03/04/2022,06/16/2022,NY,EDR
BIGBILL89GSXR,,SMITH,WILLIAM,N,ACTIVE,306118,J,,06/17/2024,,NY,ETRIP
TONYFISH,,D'ALEO,ANTHONY,N,ACTIVE,405406,,,04/10/2025,04/23/2025,NY,ETRIP
LADYKAY,,WEBER,JEFFREY,N,ACTIVE,282945,J,,02/07/2022,,NY,ETRIP
DMESTAWAT,ACCSP DEVELOPER,Mestawat,Daniel,N,ACTIVE,285966,,,06/24/2022,04/21/2025,ME,EONE-DE
FLYERJIM,,JASUTA,JAMES,N,ACTIVE,37537,E,,11/29/2023,11/29/2023,NY,ETRIP
STACYPREUSSER,,PREUSSER,STACY,N,ACTIVE,305409,,,05/02/2024,04/23/2025,NY,ETRIP
NORTHERNBREEZE,,BASTIANELLI,LAWRENCE,N,ACTIVE,269913,J,IV,09/30/2022,02/13/2025,NY,ETRIP
JKRUG,,KRUG,JAMES,N,ACTIVE,36790,E,,05/16/2022,03/11/2025,NMFS-NER,ETRIP
